AsimovUtils.cc[22] : (in function: asimovDatasetNominal) - Parameters after fit for asimov dataset
AsimovUtils.cc[26] : (in function: asimovDatasetNominal) - Backgroundfail_HIGH_bin_1-1 = 3711.01 
AsimovUtils.cc[26] : (in function: asimovDatasetNominal) - Backgroundfail_HIGH_bin_2-1 = 1542.91 
AsimovUtils.cc[26] : (in function: asimovDatasetNominal) - Backgroundfail_LOW_bin_1-1 = 1.60043e+07 
AsimovUtils.cc[26] : (in function: asimovDatasetNominal) - Backgroundfail_LOW_bin_2-1 = 95206.4 
AsimovUtils.cc[26] : (in function: asimovDatasetNominal) - Backgroundfail_SIG_bin_1-1 = 17040.4 
AsimovUtils.cc[26] : (in function: asimovDatasetNominal) - Backgroundrpf_2x0_par0 = 0.1 
AsimovUtils.cc[26] : (in function: asimovDatasetNominal) - Backgroundrpf_2x0_par1 = 0.1 
AsimovUtils.cc[26] : (in function: asimovDatasetNominal) - Backgroundrpf_2x0_par2 = 0.1 
AsimovUtils.cc[26] : (in function: asimovDatasetNominal) - Backgroundrpf_2x0_par3 = 0.1 
AsimovUtils.cc[26] : (in function: asimovDatasetNominal) - CMS_channel = 5 
AsimovUtils.cc[26] : (in function: asimovDatasetNominal) - N_default = 5 
AsimovUtils.cc[26] : (in function: asimovDatasetNominal) - lumi = 0 
AsimovUtils.cc[26] : (in function: asimovDatasetNominal) - lumi_In = 0 (constant)
AsimovUtils.cc[26] : (in function: asimovDatasetNominal) - n_exp_binfail_HIGH_proc_Background = 1 (constant)
AsimovUtils.cc[26] : (in function: asimovDatasetNominal) - n_exp_binfail_LOW_proc_Background = 1 (constant)
AsimovUtils.cc[26] : (in function: asimovDatasetNominal) - n_exp_binfail_SIG_proc_Background = 1 (constant)
AsimovUtils.cc[26] : (in function: asimovDatasetNominal) - n_exp_binpass_HIGH_proc_Background_2x0 = 1 (constant)
AsimovUtils.cc[26] : (in function: asimovDatasetNominal) - n_exp_binpass_LOW_proc_Background_2x0 = 1 (constant)
AsimovUtils.cc[26] : (in function: asimovDatasetNominal) - n_exp_binpass_SIG_proc_Background_2x0 = 1 (constant)
AsimovUtils.cc[26] : (in function: asimovDatasetNominal) - pT_HIGH_default = 590 
AsimovUtils.cc[26] : (in function: asimovDatasetNominal) - pT_LOW_default = 30 
AsimovUtils.cc[26] : (in function: asimovDatasetNominal) - pT_SIG_default = 65 
AsimovUtils.cc[26] : (in function: asimovDatasetNominal) - r = 0 (constant)
ToyMCSamplerOpt.cc[146] : (in function: generateAsimov) - Using internal logic for binned/unbinned Asimov dataset generation
ToyMCSamplerOpt.cc[214] : (in function: generateWithHisto) - Generating asimov with histogram for pdf pdf_binpass_LOW_obsOnly: in 2 x-bins
ToyMCSamplerOpt.cc[215] : (in function: generateWithHisto) -  , in 1 y-bins
ToyMCSamplerOpt.cc[146] : (in function: generateAsimov) - Using internal logic for binned/unbinned Asimov dataset generation
ToyMCSamplerOpt.cc[214] : (in function: generateWithHisto) - Generating asimov with histogram for pdf pdf_binpass_SIG_obsOnly: in 1 x-bins
ToyMCSamplerOpt.cc[215] : (in function: generateWithHisto) -  , in 1 y-bins
ToyMCSamplerOpt.cc[146] : (in function: generateAsimov) - Using internal logic for binned/unbinned Asimov dataset generation
ToyMCSamplerOpt.cc[214] : (in function: generateWithHisto) - Generating asimov with histogram for pdf pdf_binpass_HIGH_obsOnly: in 2 x-bins
ToyMCSamplerOpt.cc[215] : (in function: generateWithHisto) -  , in 1 y-bins
ToyMCSamplerOpt.cc[146] : (in function: generateAsimov) - Using internal logic for binned/unbinned Asimov dataset generation
ToyMCSamplerOpt.cc[214] : (in function: generateWithHisto) - Generating asimov with histogram for pdf pdf_binfail_LOW_obsOnly: in 2 x-bins
ToyMCSamplerOpt.cc[215] : (in function: generateWithHisto) -  , in 1 y-bins
ToyMCSamplerOpt.cc[146] : (in function: generateAsimov) - Using internal logic for binned/unbinned Asimov dataset generation
ToyMCSamplerOpt.cc[214] : (in function: generateWithHisto) - Generating asimov with histogram for pdf pdf_binfail_SIG_obsOnly: in 1 x-bins
ToyMCSamplerOpt.cc[215] : (in function: generateWithHisto) -  , in 1 y-bins
ToyMCSamplerOpt.cc[146] : (in function: generateAsimov) - Using internal logic for binned/unbinned Asimov dataset generation
ToyMCSamplerOpt.cc[214] : (in function: generateWithHisto) - Generating asimov with histogram for pdf pdf_binfail_HIGH_obsOnly: in 2 x-bins
ToyMCSamplerOpt.cc[215] : (in function: generateWithHisto) -  , in 1 y-bins
CascadeMinimizer.cc[188] : (in function: improveOnce) - Minimization configured with Type=Minuit2, Algo=Migrad, strategy=0, tolerance=0.1
CascadeMinimizer.cc[215] : (in function: improveOnce) - Minimization finished with status=0
CascadeMinimizer.cc[219] : (in function: improveOnce) - Minimization success! status=0
AsymptoticLimits.cc[415] : (in function: runLimitExpected) - [WARNING] Best fit of asimov dataset is at r = 0.167504 (0.008375 times rMax), while it should be at zero
AsymptoticLimits.cc[534] : (in function: findExpectedLimitFromCrossing) - Will search for NLL crossing by stepping
CascadeMinimizer.cc[188] : (in function: improveOnce) - Minimization configured with Type=Minuit2, Algo=Migrad, strategy=0, tolerance=0.1
CascadeMinimizer.cc[215] : (in function: improveOnce) - Minimization finished with status=0
CascadeMinimizer.cc[219] : (in function: improveOnce) - Minimization success! status=0
AsymptoticLimits.cc[552] : (in function: findExpectedLimitFromCrossing) - At r = 1.000000:	delta(nll) = 0.00001

CascadeMinimizer.cc[188] : (in function: improveOnce) - Minimization configured with Type=Minuit2, Algo=Migrad, strategy=0, tolerance=0.1
CascadeMinimizer.cc[215] : (in function: improveOnce) - Minimization finished with status=0
CascadeMinimizer.cc[219] : (in function: improveOnce) - Minimization success! status=0
AsymptoticLimits.cc[552] : (in function: findExpectedLimitFromCrossing) - At r = 2.000000:	delta(nll) = 0.00004

CascadeMinimizer.cc[188] : (in function: improveOnce) - Minimization configured with Type=Minuit2, Algo=Migrad, strategy=0, tolerance=0.1
CascadeMinimizer.cc[215] : (in function: improveOnce) - Minimization finished with status=0
CascadeMinimizer.cc[219] : (in function: improveOnce) - Minimization success! status=0
AsymptoticLimits.cc[552] : (in function: findExpectedLimitFromCrossing) - At r = 3.000000:	delta(nll) = 0.00009

CascadeMinimizer.cc[188] : (in function: improveOnce) - Minimization configured with Type=Minuit2, Algo=Migrad, strategy=0, tolerance=0.1
CascadeMinimizer.cc[215] : (in function: improveOnce) - Minimization finished with status=0
CascadeMinimizer.cc[219] : (in function: improveOnce) - Minimization success! status=0
AsymptoticLimits.cc[552] : (in function: findExpectedLimitFromCrossing) - At r = 4.000000:	delta(nll) = 0.00016

CascadeMinimizer.cc[188] : (in function: improveOnce) - Minimization configured with Type=Minuit2, Algo=Migrad, strategy=0, tolerance=0.1
CascadeMinimizer.cc[215] : (in function: improveOnce) - Minimization finished with status=0
CascadeMinimizer.cc[219] : (in function: improveOnce) - Minimization success! status=0
AsymptoticLimits.cc[552] : (in function: findExpectedLimitFromCrossing) - At r = 5.000000:	delta(nll) = 0.00024

CascadeMinimizer.cc[188] : (in function: improveOnce) - Minimization configured with Type=Minuit2, Algo=Migrad, strategy=0, tolerance=0.1
CascadeMinimizer.cc[215] : (in function: improveOnce) - Minimization finished with status=0
CascadeMinimizer.cc[219] : (in function: improveOnce) - Minimization success! status=0
AsymptoticLimits.cc[552] : (in function: findExpectedLimitFromCrossing) - At r = 6.000000:	delta(nll) = 0.00034

CascadeMinimizer.cc[188] : (in function: improveOnce) - Minimization configured with Type=Minuit2, Algo=Migrad, strategy=0, tolerance=0.1
CascadeMinimizer.cc[215] : (in function: improveOnce) - Minimization finished with status=0
CascadeMinimizer.cc[219] : (in function: improveOnce) - Minimization success! status=0
AsymptoticLimits.cc[552] : (in function: findExpectedLimitFromCrossing) - At r = 7.000000:	delta(nll) = 0.00045

CascadeMinimizer.cc[188] : (in function: improveOnce) - Minimization configured with Type=Minuit2, Algo=Migrad, strategy=0, tolerance=0.1
CascadeMinimizer.cc[215] : (in function: improveOnce) - Minimization finished with status=0
CascadeMinimizer.cc[219] : (in function: improveOnce) - Minimization success! status=0
AsymptoticLimits.cc[552] : (in function: findExpectedLimitFromCrossing) - At r = 8.000000:	delta(nll) = 0.00057

CascadeMinimizer.cc[188] : (in function: improveOnce) - Minimization configured with Type=Minuit2, Algo=Migrad, strategy=0, tolerance=0.1
CascadeMinimizer.cc[215] : (in function: improveOnce) - Minimization finished with status=0
CascadeMinimizer.cc[219] : (in function: improveOnce) - Minimization success! status=0
AsymptoticLimits.cc[552] : (in function: findExpectedLimitFromCrossing) - At r = 9.000000:	delta(nll) = 0.00069

CascadeMinimizer.cc[188] : (in function: improveOnce) - Minimization configured with Type=Minuit2, Algo=Migrad, strategy=0, tolerance=0.1
CascadeMinimizer.cc[215] : (in function: improveOnce) - Minimization finished with status=0
CascadeMinimizer.cc[219] : (in function: improveOnce) - Minimization success! status=0
AsymptoticLimits.cc[552] : (in function: findExpectedLimitFromCrossing) - At r = 10.000000:	delta(nll) = 0.00083

CascadeMinimizer.cc[188] : (in function: improveOnce) - Minimization configured with Type=Minuit2, Algo=Migrad, strategy=0, tolerance=0.1
CascadeMinimizer.cc[215] : (in function: improveOnce) - Minimization finished with status=0
CascadeMinimizer.cc[219] : (in function: improveOnce) - Minimization success! status=0
AsymptoticLimits.cc[552] : (in function: findExpectedLimitFromCrossing) - At r = 11.000000:	delta(nll) = 0.00097

CascadeMinimizer.cc[188] : (in function: improveOnce) - Minimization configured with Type=Minuit2, Algo=Migrad, strategy=0, tolerance=0.1
CascadeMinimizer.cc[215] : (in function: improveOnce) - Minimization finished with status=0
CascadeMinimizer.cc[219] : (in function: improveOnce) - Minimization success! status=0
AsymptoticLimits.cc[552] : (in function: findExpectedLimitFromCrossing) - At r = 12.000000:	delta(nll) = 0.00112

CascadeMinimizer.cc[188] : (in function: improveOnce) - Minimization configured with Type=Minuit2, Algo=Migrad, strategy=0, tolerance=0.1
CascadeMinimizer.cc[215] : (in function: improveOnce) - Minimization finished with status=0
CascadeMinimizer.cc[219] : (in function: improveOnce) - Minimization success! status=0
AsymptoticLimits.cc[552] : (in function: findExpectedLimitFromCrossing) - At r = 13.000000:	delta(nll) = 0.00126

CascadeMinimizer.cc[188] : (in function: improveOnce) - Minimization configured with Type=Minuit2, Algo=Migrad, strategy=0, tolerance=0.1
CascadeMinimizer.cc[215] : (in function: improveOnce) - Minimization finished with status=0
CascadeMinimizer.cc[219] : (in function: improveOnce) - Minimization success! status=0
AsymptoticLimits.cc[552] : (in function: findExpectedLimitFromCrossing) - At r = 14.000000:	delta(nll) = 0.00141

CascadeMinimizer.cc[188] : (in function: improveOnce) - Minimization configured with Type=Minuit2, Algo=Migrad, strategy=0, tolerance=0.1
CascadeMinimizer.cc[215] : (in function: improveOnce) - Minimization finished with status=0
CascadeMinimizer.cc[219] : (in function: improveOnce) - Minimization success! status=0
AsymptoticLimits.cc[552] : (in function: findExpectedLimitFromCrossing) - At r = 15.000000:	delta(nll) = 0.00157

CascadeMinimizer.cc[188] : (in function: improveOnce) - Minimization configured with Type=Minuit2, Algo=Migrad, strategy=0, tolerance=0.1
CascadeMinimizer.cc[215] : (in function: improveOnce) - Minimization finished with status=0
CascadeMinimizer.cc[219] : (in function: improveOnce) - Minimization success! status=0
AsymptoticLimits.cc[552] : (in function: findExpectedLimitFromCrossing) - At r = 16.000000:	delta(nll) = 0.00171

CascadeMinimizer.cc[188] : (in function: improveOnce) - Minimization configured with Type=Minuit2, Algo=Migrad, strategy=0, tolerance=0.1
CascadeMinimizer.cc[215] : (in function: improveOnce) - Minimization finished with status=0
CascadeMinimizer.cc[219] : (in function: improveOnce) - Minimization success! status=0
AsymptoticLimits.cc[552] : (in function: findExpectedLimitFromCrossing) - At r = 17.000000:	delta(nll) = 0.00057

CascadeMinimizer.cc[188] : (in function: improveOnce) - Minimization configured with Type=Minuit2, Algo=Migrad, strategy=0, tolerance=0.1
CascadeMinimizer.cc[215] : (in function: improveOnce) - Minimization finished with status=0
CascadeMinimizer.cc[219] : (in function: improveOnce) - Minimization success! status=0
AsymptoticLimits.cc[552] : (in function: findExpectedLimitFromCrossing) - At r = 18.000000:	delta(nll) = 0.00065

CascadeMinimizer.cc[188] : (in function: improveOnce) - Minimization configured with Type=Minuit2, Algo=Migrad, strategy=0, tolerance=0.1
CascadeMinimizer.cc[215] : (in function: improveOnce) - Minimization finished with status=0
CascadeMinimizer.cc[219] : (in function: improveOnce) - Minimization success! status=0
AsymptoticLimits.cc[552] : (in function: findExpectedLimitFromCrossing) - At r = 19.000000:	delta(nll) = 0.00075

CascadeMinimizer.cc[188] : (in function: improveOnce) - Minimization configured with Type=Minuit2, Algo=Migrad, strategy=0, tolerance=0.1
CascadeMinimizer.cc[215] : (in function: improveOnce) - Minimization finished with status=0
CascadeMinimizer.cc[219] : (in function: improveOnce) - Minimization success! status=0
AsymptoticLimits.cc[552] : (in function: findExpectedLimitFromCrossing) - At r = 20.000000:	delta(nll) = 0.00087

CascadeMinimizer.cc[188] : (in function: improveOnce) - Minimization configured with Type=Minuit2, Algo=Migrad, strategy=0, tolerance=0.1
CascadeMinimizer.cc[215] : (in function: improveOnce) - Minimization finished with status=0
CascadeMinimizer.cc[219] : (in function: improveOnce) - Minimization success! status=0
AsymptoticLimits.cc[552] : (in function: findExpectedLimitFromCrossing) - At r = 21.000000:	delta(nll) = 0.00101

CascadeMinimizer.cc[188] : (in function: improveOnce) - Minimization configured with Type=Minuit2, Algo=Migrad, strategy=0, tolerance=0.1
CascadeMinimizer.cc[215] : (in function: improveOnce) - Minimization finished with status=0
CascadeMinimizer.cc[219] : (in function: improveOnce) - Minimization success! status=0
AsymptoticLimits.cc[552] : (in function: findExpectedLimitFromCrossing) - At r = 22.000000:	delta(nll) = 0.00116

CascadeMinimizer.cc[188] : (in function: improveOnce) - Minimization configured with Type=Minuit2, Algo=Migrad, strategy=0, tolerance=0.1
CascadeMinimizer.cc[215] : (in function: improveOnce) - Minimization finished with status=0
CascadeMinimizer.cc[219] : (in function: improveOnce) - Minimization success! status=0
AsymptoticLimits.cc[552] : (in function: findExpectedLimitFromCrossing) - At r = 23.000000:	delta(nll) = 0.00132

CascadeMinimizer.cc[188] : (in function: improveOnce) - Minimization configured with Type=Minuit2, Algo=Migrad, strategy=0, tolerance=0.1
CascadeMinimizer.cc[215] : (in function: improveOnce) - Minimization finished with status=0
CascadeMinimizer.cc[219] : (in function: improveOnce) - Minimization success! status=0
AsymptoticLimits.cc[552] : (in function: findExpectedLimitFromCrossing) - At r = 24.000000:	delta(nll) = 0.00150

CascadeMinimizer.cc[188] : (in function: improveOnce) - Minimization configured with Type=Minuit2, Algo=Migrad, strategy=0, tolerance=0.1
CascadeMinimizer.cc[215] : (in function: improveOnce) - Minimization finished with status=0
CascadeMinimizer.cc[219] : (in function: improveOnce) - Minimization success! status=0
AsymptoticLimits.cc[552] : (in function: findExpectedLimitFromCrossing) - At r = 25.000000:	delta(nll) = 0.00169

CascadeMinimizer.cc[188] : (in function: improveOnce) - Minimization configured with Type=Minuit2, Algo=Migrad, strategy=0, tolerance=0.1
CascadeMinimizer.cc[215] : (in function: improveOnce) - Minimization finished with status=0
CascadeMinimizer.cc[219] : (in function: improveOnce) - Minimization success! status=0
AsymptoticLimits.cc[552] : (in function: findExpectedLimitFromCrossing) - At r = 26.000000:	delta(nll) = 0.00188

CascadeMinimizer.cc[188] : (in function: improveOnce) - Minimization configured with Type=Minuit2, Algo=Migrad, strategy=0, tolerance=0.1
CascadeMinimizer.cc[215] : (in function: improveOnce) - Minimization finished with status=0
CascadeMinimizer.cc[219] : (in function: improveOnce) - Minimization success! status=0
AsymptoticLimits.cc[552] : (in function: findExpectedLimitFromCrossing) - At r = 27.000000:	delta(nll) = 0.00209

CascadeMinimizer.cc[188] : (in function: improveOnce) - Minimization configured with Type=Minuit2, Algo=Migrad, strategy=0, tolerance=0.1
CascadeMinimizer.cc[215] : (in function: improveOnce) - Minimization finished with status=0
CascadeMinimizer.cc[219] : (in function: improveOnce) - Minimization success! status=0
AsymptoticLimits.cc[552] : (in function: findExpectedLimitFromCrossing) - At r = 28.000000:	delta(nll) = 0.00230

CascadeMinimizer.cc[188] : (in function: improveOnce) - Minimization configured with Type=Minuit2, Algo=Migrad, strategy=0, tolerance=0.1
CascadeMinimizer.cc[215] : (in function: improveOnce) - Minimization finished with status=0
CascadeMinimizer.cc[219] : (in function: improveOnce) - Minimization success! status=0
AsymptoticLimits.cc[552] : (in function: findExpectedLimitFromCrossing) - At r = 29.000000:	delta(nll) = 0.00251

CascadeMinimizer.cc[188] : (in function: improveOnce) - Minimization configured with Type=Minuit2, Algo=Migrad, strategy=0, tolerance=0.1
CascadeMinimizer.cc[215] : (in function: improveOnce) - Minimization finished with status=0
CascadeMinimizer.cc[219] : (in function: improveOnce) - Minimization success! status=0
AsymptoticLimits.cc[552] : (in function: findExpectedLimitFromCrossing) - At r = 30.000000:	delta(nll) = 0.00272

CascadeMinimizer.cc[188] : (in function: improveOnce) - Minimization configured with Type=Minuit2, Algo=Migrad, strategy=0, tolerance=0.1
CascadeMinimizer.cc[215] : (in function: improveOnce) - Minimization finished with status=0
CascadeMinimizer.cc[219] : (in function: improveOnce) - Minimization success! status=0
AsymptoticLimits.cc[552] : (in function: findExpectedLimitFromCrossing) - At r = 31.000000:	delta(nll) = 0.00294

CascadeMinimizer.cc[188] : (in function: improveOnce) - Minimization configured with Type=Minuit2, Algo=Migrad, strategy=0, tolerance=0.1
CascadeMinimizer.cc[215] : (in function: improveOnce) - Minimization finished with status=0
CascadeMinimizer.cc[219] : (in function: improveOnce) - Minimization success! status=0
AsymptoticLimits.cc[552] : (in function: findExpectedLimitFromCrossing) - At r = 32.000000:	delta(nll) = 0.00316

CascadeMinimizer.cc[188] : (in function: improveOnce) - Minimization configured with Type=Minuit2, Algo=Migrad, strategy=0, tolerance=0.1
CascadeMinimizer.cc[215] : (in function: improveOnce) - Minimization finished with status=0
CascadeMinimizer.cc[219] : (in function: improveOnce) - Minimization success! status=0
AsymptoticLimits.cc[552] : (in function: findExpectedLimitFromCrossing) - At r = 33.000000:	delta(nll) = 0.00338

CascadeMinimizer.cc[188] : (in function: improveOnce) - Minimization configured with Type=Minuit2, Algo=Migrad, strategy=0, tolerance=0.1
CascadeMinimizer.cc[215] : (in function: improveOnce) - Minimization finished with status=0
CascadeMinimizer.cc[219] : (in function: improveOnce) - Minimization success! status=0
AsymptoticLimits.cc[552] : (in function: findExpectedLimitFromCrossing) - At r = 34.000000:	delta(nll) = 0.00231

CascadeMinimizer.cc[188] : (in function: improveOnce) - Minimization configured with Type=Minuit2, Algo=Migrad, strategy=0, tolerance=0.1
CascadeMinimizer.cc[215] : (in function: improveOnce) - Minimization finished with status=0
CascadeMinimizer.cc[219] : (in function: improveOnce) - Minimization success! status=0
AsymptoticLimits.cc[552] : (in function: findExpectedLimitFromCrossing) - At r = 35.000000:	delta(nll) = 0.00246

CascadeMinimizer.cc[188] : (in function: improveOnce) - Minimization configured with Type=Minuit2, Algo=Migrad, strategy=0, tolerance=0.1
CascadeMinimizer.cc[215] : (in function: improveOnce) - Minimization finished with status=0
CascadeMinimizer.cc[219] : (in function: improveOnce) - Minimization success! status=0
AsymptoticLimits.cc[552] : (in function: findExpectedLimitFromCrossing) - At r = 36.000000:	delta(nll) = 0.00262

CascadeMinimizer.cc[188] : (in function: improveOnce) - Minimization configured with Type=Minuit2, Algo=Migrad, strategy=0, tolerance=0.1
CascadeMinimizer.cc[215] : (in function: improveOnce) - Minimization finished with status=0
CascadeMinimizer.cc[219] : (in function: improveOnce) - Minimization success! status=0
AsymptoticLimits.cc[552] : (in function: findExpectedLimitFromCrossing) - At r = 37.000000:	delta(nll) = 0.00281

CascadeMinimizer.cc[188] : (in function: improveOnce) - Minimization configured with Type=Minuit2, Algo=Migrad, strategy=0, tolerance=0.1
CascadeMinimizer.cc[215] : (in function: improveOnce) - Minimization finished with status=0
CascadeMinimizer.cc[219] : (in function: improveOnce) - Minimization success! status=0
AsymptoticLimits.cc[552] : (in function: findExpectedLimitFromCrossing) - At r = 38.000000:	delta(nll) = 0.00302

CascadeMinimizer.cc[188] : (in function: improveOnce) - Minimization configured with Type=Minuit2, Algo=Migrad, strategy=0, tolerance=0.1
CascadeMinimizer.cc[215] : (in function: improveOnce) - Minimization finished with status=0
CascadeMinimizer.cc[219] : (in function: improveOnce) - Minimization success! status=0
AsymptoticLimits.cc[552] : (in function: findExpectedLimitFromCrossing) - At r = 39.000000:	delta(nll) = 0.00323

CascadeMinimizer.cc[188] : (in function: improveOnce) - Minimization configured with Type=Minuit2, Algo=Migrad, strategy=0, tolerance=0.1
CascadeMinimizer.cc[215] : (in function: improveOnce) - Minimization finished with status=0
CascadeMinimizer.cc[219] : (in function: improveOnce) - Minimization success! status=0
AsymptoticLimits.cc[552] : (in function: findExpectedLimitFromCrossing) - At r = 40.000000:	delta(nll) = 0.00347

CascadeMinimizer.cc[188] : (in function: improveOnce) - Minimization configured with Type=Minuit2, Algo=Migrad, strategy=0, tolerance=0.1
CascadeMinimizer.cc[215] : (in function: improveOnce) - Minimization finished with status=0
CascadeMinimizer.cc[219] : (in function: improveOnce) - Minimization success! status=0
AsymptoticLimits.cc[552] : (in function: findExpectedLimitFromCrossing) - At r = 41.000000:	delta(nll) = 0.00371

CascadeMinimizer.cc[188] : (in function: improveOnce) - Minimization configured with Type=Minuit2, Algo=Migrad, strategy=0, tolerance=0.1
CascadeMinimizer.cc[215] : (in function: improveOnce) - Minimization finished with status=0
CascadeMinimizer.cc[219] : (in function: improveOnce) - Minimization success! status=0
AsymptoticLimits.cc[552] : (in function: findExpectedLimitFromCrossing) - At r = 42.000000:	delta(nll) = 0.00397

CascadeMinimizer.cc[188] : (in function: improveOnce) - Minimization configured with Type=Minuit2, Algo=Migrad, strategy=0, tolerance=0.1
CascadeMinimizer.cc[215] : (in function: improveOnce) - Minimization finished with status=0
CascadeMinimizer.cc[219] : (in function: improveOnce) - Minimization success! status=0
AsymptoticLimits.cc[552] : (in function: findExpectedLimitFromCrossing) - At r = 43.000000:	delta(nll) = 0.00423

CascadeMinimizer.cc[188] : (in function: improveOnce) - Minimization configured with Type=Minuit2, Algo=Migrad, strategy=0, tolerance=0.1
CascadeMinimizer.cc[215] : (in function: improveOnce) - Minimization finished with status=0
CascadeMinimizer.cc[219] : (in function: improveOnce) - Minimization success! status=0
AsymptoticLimits.cc[552] : (in function: findExpectedLimitFromCrossing) - At r = 44.000000:	delta(nll) = 0.00450

CascadeMinimizer.cc[188] : (in function: improveOnce) - Minimization configured with Type=Minuit2, Algo=Migrad, strategy=0, tolerance=0.1
CascadeMinimizer.cc[215] : (in function: improveOnce) - Minimization finished with status=0
CascadeMinimizer.cc[219] : (in function: improveOnce) - Minimization success! status=0
AsymptoticLimits.cc[552] : (in function: findExpectedLimitFromCrossing) - At r = 45.000000:	delta(nll) = 0.00478

CascadeMinimizer.cc[188] : (in function: improveOnce) - Minimization configured with Type=Minuit2, Algo=Migrad, strategy=0, tolerance=0.1
CascadeMinimizer.cc[215] : (in function: improveOnce) - Minimization finished with status=0
CascadeMinimizer.cc[219] : (in function: improveOnce) - Minimization success! status=0
AsymptoticLimits.cc[552] : (in function: findExpectedLimitFromCrossing) - At r = 46.000000:	delta(nll) = 0.00506

CascadeMinimizer.cc[188] : (in function: improveOnce) - Minimization configured with Type=Minuit2, Algo=Migrad, strategy=0, tolerance=0.1
CascadeMinimizer.cc[215] : (in function: improveOnce) - Minimization finished with status=0
CascadeMinimizer.cc[219] : (in function: improveOnce) - Minimization success! status=0
AsymptoticLimits.cc[552] : (in function: findExpectedLimitFromCrossing) - At r = 47.000000:	delta(nll) = 0.00534

CascadeMinimizer.cc[188] : (in function: improveOnce) - Minimization configured with Type=Minuit2, Algo=Migrad, strategy=0, tolerance=0.1
CascadeMinimizer.cc[215] : (in function: improveOnce) - Minimization finished with status=0
CascadeMinimizer.cc[219] : (in function: improveOnce) - Minimization success! status=0
AsymptoticLimits.cc[552] : (in function: findExpectedLimitFromCrossing) - At r = 48.000000:	delta(nll) = 0.00563

CascadeMinimizer.cc[188] : (in function: improveOnce) - Minimization configured with Type=Minuit2, Algo=Migrad, strategy=0, tolerance=0.1
CascadeMinimizer.cc[215] : (in function: improveOnce) - Minimization finished with status=0
CascadeMinimizer.cc[219] : (in function: improveOnce) - Minimization success! status=0
AsymptoticLimits.cc[552] : (in function: findExpectedLimitFromCrossing) - At r = 49.000000:	delta(nll) = 0.00591

CascadeMinimizer.cc[188] : (in function: improveOnce) - Minimization configured with Type=Minuit2, Algo=Migrad, strategy=0, tolerance=0.1
CascadeMinimizer.cc[215] : (in function: improveOnce) - Minimization finished with status=0
CascadeMinimizer.cc[219] : (in function: improveOnce) - Minimization success! status=0
AsymptoticLimits.cc[552] : (in function: findExpectedLimitFromCrossing) - At r = 50.000000:	delta(nll) = 0.00500

CascadeMinimizer.cc[188] : (in function: improveOnce) - Minimization configured with Type=Minuit2, Algo=Migrad, strategy=0, tolerance=0.1
CascadeMinimizer.cc[215] : (in function: improveOnce) - Minimization finished with status=0
CascadeMinimizer.cc[219] : (in function: improveOnce) - Minimization success! status=0
AsymptoticLimits.cc[552] : (in function: findExpectedLimitFromCrossing) - At r = 51.000000:	delta(nll) = 0.00521

CascadeMinimizer.cc[188] : (in function: improveOnce) - Minimization configured with Type=Minuit2, Algo=Migrad, strategy=0, tolerance=0.1
CascadeMinimizer.cc[215] : (in function: improveOnce) - Minimization finished with status=0
CascadeMinimizer.cc[219] : (in function: improveOnce) - Minimization success! status=0
AsymptoticLimits.cc[552] : (in function: findExpectedLimitFromCrossing) - At r = 52.000000:	delta(nll) = 0.00544

CascadeMinimizer.cc[188] : (in function: improveOnce) - Minimization configured with Type=Minuit2, Algo=Migrad, strategy=0, tolerance=0.1
CascadeMinimizer.cc[215] : (in function: improveOnce) - Minimization finished with status=0
CascadeMinimizer.cc[219] : (in function: improveOnce) - Minimization success! status=0
AsymptoticLimits.cc[552] : (in function: findExpectedLimitFromCrossing) - At r = 53.000000:	delta(nll) = 0.00570

CascadeMinimizer.cc[188] : (in function: improveOnce) - Minimization configured with Type=Minuit2, Algo=Migrad, strategy=0, tolerance=0.1
CascadeMinimizer.cc[215] : (in function: improveOnce) - Minimization finished with status=0
CascadeMinimizer.cc[219] : (in function: improveOnce) - Minimization success! status=0
AsymptoticLimits.cc[552] : (in function: findExpectedLimitFromCrossing) - At r = 54.000000:	delta(nll) = 0.00596

CascadeMinimizer.cc[188] : (in function: improveOnce) - Minimization configured with Type=Minuit2, Algo=Migrad, strategy=0, tolerance=0.1
CascadeMinimizer.cc[215] : (in function: improveOnce) - Minimization finished with status=0
CascadeMinimizer.cc[219] : (in function: improveOnce) - Minimization success! status=0
AsymptoticLimits.cc[552] : (in function: findExpectedLimitFromCrossing) - At r = 55.000000:	delta(nll) = 0.00625

CascadeMinimizer.cc[188] : (in function: improveOnce) - Minimization configured with Type=Minuit2, Algo=Migrad, strategy=0, tolerance=0.1
CascadeMinimizer.cc[215] : (in function: improveOnce) - Minimization finished with status=0
CascadeMinimizer.cc[219] : (in function: improveOnce) - Minimization success! status=0
AsymptoticLimits.cc[552] : (in function: findExpectedLimitFromCrossing) - At r = 56.000000:	delta(nll) = 0.00654

CascadeMinimizer.cc[188] : (in function: improveOnce) - Minimization configured with Type=Minuit2, Algo=Migrad, strategy=0, tolerance=0.1
CascadeMinimizer.cc[215] : (in function: improveOnce) - Minimization finished with status=0
CascadeMinimizer.cc[219] : (in function: improveOnce) - Minimization success! status=0
AsymptoticLimits.cc[552] : (in function: findExpectedLimitFromCrossing) - At r = 57.000000:	delta(nll) = 0.00685

CascadeMinimizer.cc[188] : (in function: improveOnce) - Minimization configured with Type=Minuit2, Algo=Migrad, strategy=0, tolerance=0.1
CascadeMinimizer.cc[215] : (in function: improveOnce) - Minimization finished with status=0
CascadeMinimizer.cc[219] : (in function: improveOnce) - Minimization success! status=0
AsymptoticLimits.cc[552] : (in function: findExpectedLimitFromCrossing) - At r = 58.000000:	delta(nll) = 0.00717

CascadeMinimizer.cc[188] : (in function: improveOnce) - Minimization configured with Type=Minuit2, Algo=Migrad, strategy=0, tolerance=0.1
CascadeMinimizer.cc[215] : (in function: improveOnce) - Minimization finished with status=0
CascadeMinimizer.cc[219] : (in function: improveOnce) - Minimization success! status=0
AsymptoticLimits.cc[552] : (in function: findExpectedLimitFromCrossing) - At r = 59.000000:	delta(nll) = 0.00750

CascadeMinimizer.cc[188] : (in function: improveOnce) - Minimization configured with Type=Minuit2, Algo=Migrad, strategy=0, tolerance=0.1
CascadeMinimizer.cc[215] : (in function: improveOnce) - Minimization finished with status=0
CascadeMinimizer.cc[219] : (in function: improveOnce) - Minimization success! status=0
AsymptoticLimits.cc[552] : (in function: findExpectedLimitFromCrossing) - At r = 60.000000:	delta(nll) = 0.00783

CascadeMinimizer.cc[188] : (in function: improveOnce) - Minimization configured with Type=Minuit2, Algo=Migrad, strategy=0, tolerance=0.1
CascadeMinimizer.cc[215] : (in function: improveOnce) - Minimization finished with status=0
CascadeMinimizer.cc[219] : (in function: improveOnce) - Minimization success! status=0
AsymptoticLimits.cc[552] : (in function: findExpectedLimitFromCrossing) - At r = 61.000000:	delta(nll) = 0.00816

CascadeMinimizer.cc[188] : (in function: improveOnce) - Minimization configured with Type=Minuit2, Algo=Migrad, strategy=0, tolerance=0.1
CascadeMinimizer.cc[215] : (in function: improveOnce) - Minimization finished with status=0
CascadeMinimizer.cc[219] : (in function: improveOnce) - Minimization success! status=0
AsymptoticLimits.cc[552] : (in function: findExpectedLimitFromCrossing) - At r = 62.000000:	delta(nll) = 0.00851

CascadeMinimizer.cc[188] : (in function: improveOnce) - Minimization configured with Type=Minuit2, Algo=Migrad, strategy=0, tolerance=0.1
CascadeMinimizer.cc[215] : (in function: improveOnce) - Minimization finished with status=0
CascadeMinimizer.cc[219] : (in function: improveOnce) - Minimization success! status=0
AsymptoticLimits.cc[552] : (in function: findExpectedLimitFromCrossing) - At r = 63.000000:	delta(nll) = 0.00885

CascadeMinimizer.cc[188] : (in function: improveOnce) - Minimization configured with Type=Minuit2, Algo=Migrad, strategy=0, tolerance=0.1
CascadeMinimizer.cc[215] : (in function: improveOnce) - Minimization finished with status=0
CascadeMinimizer.cc[219] : (in function: improveOnce) - Minimization success! status=0
AsymptoticLimits.cc[552] : (in function: findExpectedLimitFromCrossing) - At r = 64.000000:	delta(nll) = 0.00920

CascadeMinimizer.cc[188] : (in function: improveOnce) - Minimization configured with Type=Minuit2, Algo=Migrad, strategy=0, tolerance=0.1
CascadeMinimizer.cc[215] : (in function: improveOnce) - Minimization finished with status=0
CascadeMinimizer.cc[219] : (in function: improveOnce) - Minimization success! status=0
AsymptoticLimits.cc[552] : (in function: findExpectedLimitFromCrossing) - At r = 65.000000:	delta(nll) = 0.00955

CascadeMinimizer.cc[188] : (in function: improveOnce) - Minimization configured with Type=Minuit2, Algo=Migrad, strategy=0, tolerance=0.1
CascadeMinimizer.cc[215] : (in function: improveOnce) - Minimization finished with status=0
CascadeMinimizer.cc[219] : (in function: improveOnce) - Minimization success! status=0
AsymptoticLimits.cc[552] : (in function: findExpectedLimitFromCrossing) - At r = 66.000000:	delta(nll) = 0.00871

CascadeMinimizer.cc[188] : (in function: improveOnce) - Minimization configured with Type=Minuit2, Algo=Migrad, strategy=0, tolerance=0.1
CascadeMinimizer.cc[215] : (in function: improveOnce) - Minimization finished with status=0
CascadeMinimizer.cc[219] : (in function: improveOnce) - Minimization success! status=0
AsymptoticLimits.cc[552] : (in function: findExpectedLimitFromCrossing) - At r = 67.000000:	delta(nll) = 0.00899

CascadeMinimizer.cc[188] : (in function: improveOnce) - Minimization configured with Type=Minuit2, Algo=Migrad, strategy=0, tolerance=0.1
CascadeMinimizer.cc[215] : (in function: improveOnce) - Minimization finished with status=0
CascadeMinimizer.cc[219] : (in function: improveOnce) - Minimization success! status=0
AsymptoticLimits.cc[552] : (in function: findExpectedLimitFromCrossing) - At r = 68.000000:	delta(nll) = 0.00929

CascadeMinimizer.cc[188] : (in function: improveOnce) - Minimization configured with Type=Minuit2, Algo=Migrad, strategy=0, tolerance=0.1
CascadeMinimizer.cc[215] : (in function: improveOnce) - Minimization finished with status=0
CascadeMinimizer.cc[219] : (in function: improveOnce) - Minimization success! status=0
AsymptoticLimits.cc[552] : (in function: findExpectedLimitFromCrossing) - At r = 69.000000:	delta(nll) = 0.00961

CascadeMinimizer.cc[188] : (in function: improveOnce) - Minimization configured with Type=Minuit2, Algo=Migrad, strategy=0, tolerance=0.1
CascadeMinimizer.cc[215] : (in function: improveOnce) - Minimization finished with status=0
CascadeMinimizer.cc[219] : (in function: improveOnce) - Minimization success! status=0
AsymptoticLimits.cc[552] : (in function: findExpectedLimitFromCrossing) - At r = 70.000000:	delta(nll) = 0.00994

CascadeMinimizer.cc[188] : (in function: improveOnce) - Minimization configured with Type=Minuit2, Algo=Migrad, strategy=0, tolerance=0.1
CascadeMinimizer.cc[215] : (in function: improveOnce) - Minimization finished with status=0
CascadeMinimizer.cc[219] : (in function: improveOnce) - Minimization success! status=0
AsymptoticLimits.cc[552] : (in function: findExpectedLimitFromCrossing) - At r = 71.000000:	delta(nll) = 0.01029

CascadeMinimizer.cc[188] : (in function: improveOnce) - Minimization configured with Type=Minuit2, Algo=Migrad, strategy=0, tolerance=0.1
CascadeMinimizer.cc[215] : (in function: improveOnce) - Minimization finished with status=0
CascadeMinimizer.cc[219] : (in function: improveOnce) - Minimization success! status=0
AsymptoticLimits.cc[552] : (in function: findExpectedLimitFromCrossing) - At r = 72.000000:	delta(nll) = 0.01065

CascadeMinimizer.cc[188] : (in function: improveOnce) - Minimization configured with Type=Minuit2, Algo=Migrad, strategy=0, tolerance=0.1
CascadeMinimizer.cc[215] : (in function: improveOnce) - Minimization finished with status=0
CascadeMinimizer.cc[219] : (in function: improveOnce) - Minimization success! status=0
AsymptoticLimits.cc[552] : (in function: findExpectedLimitFromCrossing) - At r = 73.000000:	delta(nll) = 0.01102

CascadeMinimizer.cc[188] : (in function: improveOnce) - Minimization configured with Type=Minuit2, Algo=Migrad, strategy=0, tolerance=0.1
CascadeMinimizer.cc[215] : (in function: improveOnce) - Minimization finished with status=0
CascadeMinimizer.cc[219] : (in function: improveOnce) - Minimization success! status=0
AsymptoticLimits.cc[552] : (in function: findExpectedLimitFromCrossing) - At r = 74.000000:	delta(nll) = 0.01140

CascadeMinimizer.cc[188] : (in function: improveOnce) - Minimization configured with Type=Minuit2, Algo=Migrad, strategy=0, tolerance=0.1
CascadeMinimizer.cc[215] : (in function: improveOnce) - Minimization finished with status=0
CascadeMinimizer.cc[219] : (in function: improveOnce) - Minimization success! status=0
AsymptoticLimits.cc[552] : (in function: findExpectedLimitFromCrossing) - At r = 75.000000:	delta(nll) = 0.01179

CascadeMinimizer.cc[188] : (in function: improveOnce) - Minimization configured with Type=Minuit2, Algo=Migrad, strategy=0, tolerance=0.1
CascadeMinimizer.cc[215] : (in function: improveOnce) - Minimization finished with status=0
CascadeMinimizer.cc[219] : (in function: improveOnce) - Minimization success! status=0
AsymptoticLimits.cc[552] : (in function: findExpectedLimitFromCrossing) - At r = 76.000000:	delta(nll) = 0.01218

CascadeMinimizer.cc[188] : (in function: improveOnce) - Minimization configured with Type=Minuit2, Algo=Migrad, strategy=0, tolerance=0.1
CascadeMinimizer.cc[215] : (in function: improveOnce) - Minimization finished with status=0
CascadeMinimizer.cc[219] : (in function: improveOnce) - Minimization success! status=0
AsymptoticLimits.cc[552] : (in function: findExpectedLimitFromCrossing) - At r = 77.000000:	delta(nll) = 0.01258

CascadeMinimizer.cc[188] : (in function: improveOnce) - Minimization configured with Type=Minuit2, Algo=Migrad, strategy=0, tolerance=0.1
CascadeMinimizer.cc[215] : (in function: improveOnce) - Minimization finished with status=0
CascadeMinimizer.cc[219] : (in function: improveOnce) - Minimization success! status=0
AsymptoticLimits.cc[552] : (in function: findExpectedLimitFromCrossing) - At r = 78.000000:	delta(nll) = 0.01299

CascadeMinimizer.cc[188] : (in function: improveOnce) - Minimization configured with Type=Minuit2, Algo=Migrad, strategy=0, tolerance=0.1
CascadeMinimizer.cc[215] : (in function: improveOnce) - Minimization finished with status=0
CascadeMinimizer.cc[219] : (in function: improveOnce) - Minimization success! status=0
AsymptoticLimits.cc[552] : (in function: findExpectedLimitFromCrossing) - At r = 79.000000:	delta(nll) = 0.01339

CascadeMinimizer.cc[188] : (in function: improveOnce) - Minimization configured with Type=Minuit2, Algo=Migrad, strategy=0, tolerance=0.1
CascadeMinimizer.cc[215] : (in function: improveOnce) - Minimization finished with status=0
CascadeMinimizer.cc[219] : (in function: improveOnce) - Minimization success! status=0
AsymptoticLimits.cc[552] : (in function: findExpectedLimitFromCrossing) - At r = 80.000000:	delta(nll) = 0.01380

CascadeMinimizer.cc[188] : (in function: improveOnce) - Minimization configured with Type=Minuit2, Algo=Migrad, strategy=0, tolerance=0.1
CascadeMinimizer.cc[215] : (in function: improveOnce) - Minimization finished with status=0
CascadeMinimizer.cc[219] : (in function: improveOnce) - Minimization success! status=0
AsymptoticLimits.cc[552] : (in function: findExpectedLimitFromCrossing) - At r = 81.000000:	delta(nll) = 0.01420

CascadeMinimizer.cc[188] : (in function: improveOnce) - Minimization configured with Type=Minuit2, Algo=Migrad, strategy=0, tolerance=0.1
CascadeMinimizer.cc[215] : (in function: improveOnce) - Minimization finished with status=0
CascadeMinimizer.cc[219] : (in function: improveOnce) - Minimization success! status=0
AsymptoticLimits.cc[552] : (in function: findExpectedLimitFromCrossing) - At r = 82.000000:	delta(nll) = 0.01346

CascadeMinimizer.cc[188] : (in function: improveOnce) - Minimization configured with Type=Minuit2, Algo=Migrad, strategy=0, tolerance=0.1
CascadeMinimizer.cc[215] : (in function: improveOnce) - Minimization finished with status=0
CascadeMinimizer.cc[219] : (in function: improveOnce) - Minimization success! status=0
AsymptoticLimits.cc[552] : (in function: findExpectedLimitFromCrossing) - At r = 83.000000:	delta(nll) = 0.01380

CascadeMinimizer.cc[188] : (in function: improveOnce) - Minimization configured with Type=Minuit2, Algo=Migrad, strategy=0, tolerance=0.1
CascadeMinimizer.cc[215] : (in function: improveOnce) - Minimization finished with status=0
CascadeMinimizer.cc[219] : (in function: improveOnce) - Minimization success! status=0
AsymptoticLimits.cc[552] : (in function: findExpectedLimitFromCrossing) - At r = 84.000000:	delta(nll) = 0.01416

CascadeMinimizer.cc[188] : (in function: improveOnce) - Minimization configured with Type=Minuit2, Algo=Migrad, strategy=0, tolerance=0.1
CascadeMinimizer.cc[215] : (in function: improveOnce) - Minimization finished with status=0
CascadeMinimizer.cc[219] : (in function: improveOnce) - Minimization success! status=0
AsymptoticLimits.cc[552] : (in function: findExpectedLimitFromCrossing) - At r = 85.000000:	delta(nll) = 0.01454

CascadeMinimizer.cc[188] : (in function: improveOnce) - Minimization configured with Type=Minuit2, Algo=Migrad, strategy=0, tolerance=0.1
CascadeMinimizer.cc[215] : (in function: improveOnce) - Minimization finished with status=0
CascadeMinimizer.cc[219] : (in function: improveOnce) - Minimization success! status=0
AsymptoticLimits.cc[552] : (in function: findExpectedLimitFromCrossing) - At r = 86.000000:	delta(nll) = 0.01494

CascadeMinimizer.cc[188] : (in function: improveOnce) - Minimization configured with Type=Minuit2, Algo=Migrad, strategy=0, tolerance=0.1
CascadeMinimizer.cc[215] : (in function: improveOnce) - Minimization finished with status=0
CascadeMinimizer.cc[219] : (in function: improveOnce) - Minimization success! status=0
AsymptoticLimits.cc[552] : (in function: findExpectedLimitFromCrossing) - At r = 87.000000:	delta(nll) = 0.01535

CascadeMinimizer.cc[188] : (in function: improveOnce) - Minimization configured with Type=Minuit2, Algo=Migrad, strategy=0, tolerance=0.1
CascadeMinimizer.cc[215] : (in function: improveOnce) - Minimization finished with status=0
CascadeMinimizer.cc[219] : (in function: improveOnce) - Minimization success! status=0
AsymptoticLimits.cc[552] : (in function: findExpectedLimitFromCrossing) - At r = 88.000000:	delta(nll) = 0.01578

CascadeMinimizer.cc[188] : (in function: improveOnce) - Minimization configured with Type=Minuit2, Algo=Migrad, strategy=0, tolerance=0.1
CascadeMinimizer.cc[215] : (in function: improveOnce) - Minimization finished with status=0
CascadeMinimizer.cc[219] : (in function: improveOnce) - Minimization success! status=0
AsymptoticLimits.cc[552] : (in function: findExpectedLimitFromCrossing) - At r = 89.000000:	delta(nll) = 0.01621

CascadeMinimizer.cc[188] : (in function: improveOnce) - Minimization configured with Type=Minuit2, Algo=Migrad, strategy=0, tolerance=0.1
CascadeMinimizer.cc[215] : (in function: improveOnce) - Minimization finished with status=0
CascadeMinimizer.cc[219] : (in function: improveOnce) - Minimization success! status=0
AsymptoticLimits.cc[552] : (in function: findExpectedLimitFromCrossing) - At r = 90.000000:	delta(nll) = 0.01665

CascadeMinimizer.cc[188] : (in function: improveOnce) - Minimization configured with Type=Minuit2, Algo=Migrad, strategy=0, tolerance=0.1
CascadeMinimizer.cc[215] : (in function: improveOnce) - Minimization finished with status=0
CascadeMinimizer.cc[219] : (in function: improveOnce) - Minimization success! status=0
AsymptoticLimits.cc[552] : (in function: findExpectedLimitFromCrossing) - At r = 91.000000:	delta(nll) = 0.01710

CascadeMinimizer.cc[188] : (in function: improveOnce) - Minimization configured with Type=Minuit2, Algo=Migrad, strategy=0, tolerance=0.1
CascadeMinimizer.cc[215] : (in function: improveOnce) - Minimization finished with status=0
CascadeMinimizer.cc[219] : (in function: improveOnce) - Minimization success! status=0
AsymptoticLimits.cc[552] : (in function: findExpectedLimitFromCrossing) - At r = 92.000000:	delta(nll) = 0.01756

CascadeMinimizer.cc[188] : (in function: improveOnce) - Minimization configured with Type=Minuit2, Algo=Migrad, strategy=0, tolerance=0.1
CascadeMinimizer.cc[215] : (in function: improveOnce) - Minimization finished with status=0
CascadeMinimizer.cc[219] : (in function: improveOnce) - Minimization success! status=0
AsymptoticLimits.cc[552] : (in function: findExpectedLimitFromCrossing) - At r = 93.000000:	delta(nll) = 0.01802

CascadeMinimizer.cc[188] : (in function: improveOnce) - Minimization configured with Type=Minuit2, Algo=Migrad, strategy=0, tolerance=0.1
CascadeMinimizer.cc[215] : (in function: improveOnce) - Minimization finished with status=0
CascadeMinimizer.cc[219] : (in function: improveOnce) - Minimization success! status=0
AsymptoticLimits.cc[552] : (in function: findExpectedLimitFromCrossing) - At r = 94.000000:	delta(nll) = 0.01848

CascadeMinimizer.cc[188] : (in function: improveOnce) - Minimization configured with Type=Minuit2, Algo=Migrad, strategy=0, tolerance=0.1
CascadeMinimizer.cc[215] : (in function: improveOnce) - Minimization finished with status=0
CascadeMinimizer.cc[219] : (in function: improveOnce) - Minimization success! status=0
AsymptoticLimits.cc[552] : (in function: findExpectedLimitFromCrossing) - At r = 95.000000:	delta(nll) = 0.01894

CascadeMinimizer.cc[188] : (in function: improveOnce) - Minimization configured with Type=Minuit2, Algo=Migrad, strategy=0, tolerance=0.1
CascadeMinimizer.cc[215] : (in function: improveOnce) - Minimization finished with status=0
CascadeMinimizer.cc[219] : (in function: improveOnce) - Minimization success! status=0
AsymptoticLimits.cc[552] : (in function: findExpectedLimitFromCrossing) - At r = 96.000000:	delta(nll) = 0.01940

CascadeMinimizer.cc[188] : (in function: improveOnce) - Minimization configured with Type=Minuit2, Algo=Migrad, strategy=0, tolerance=0.1
CascadeMinimizer.cc[215] : (in function: improveOnce) - Minimization finished with status=0
CascadeMinimizer.cc[219] : (in function: improveOnce) - Minimization success! status=0
AsymptoticLimits.cc[552] : (in function: findExpectedLimitFromCrossing) - At r = 97.000000:	delta(nll) = 0.01883

CascadeMinimizer.cc[188] : (in function: improveOnce) - Minimization configured with Type=Minuit2, Algo=Migrad, strategy=0, tolerance=0.1
CascadeMinimizer.cc[215] : (in function: improveOnce) - Minimization finished with status=0
CascadeMinimizer.cc[219] : (in function: improveOnce) - Minimization success! status=0
AsymptoticLimits.cc[552] : (in function: findExpectedLimitFromCrossing) - At r = 98.000000:	delta(nll) = 0.01924

CascadeMinimizer.cc[188] : (in function: improveOnce) - Minimization configured with Type=Minuit2, Algo=Migrad, strategy=0, tolerance=0.1
CascadeMinimizer.cc[215] : (in function: improveOnce) - Minimization finished with status=0
CascadeMinimizer.cc[219] : (in function: improveOnce) - Minimization success! status=0
AsymptoticLimits.cc[552] : (in function: findExpectedLimitFromCrossing) - At r = 99.000000:	delta(nll) = 0.01966

CascadeMinimizer.cc[188] : (in function: improveOnce) - Minimization configured with Type=Minuit2, Algo=Migrad, strategy=0, tolerance=0.1
CascadeMinimizer.cc[215] : (in function: improveOnce) - Minimization finished with status=0
CascadeMinimizer.cc[219] : (in function: improveOnce) - Minimization success! status=0
AsymptoticLimits.cc[552] : (in function: findExpectedLimitFromCrossing) - At r = 100.000000:	delta(nll) = 0.02011

CascadeMinimizer.cc[188] : (in function: improveOnce) - Minimization configured with Type=Minuit2, Algo=Migrad, strategy=0, tolerance=0.1
CascadeMinimizer.cc[215] : (in function: improveOnce) - Minimization finished with status=0
CascadeMinimizer.cc[219] : (in function: improveOnce) - Minimization success! status=0
AsymptoticLimits.cc[552] : (in function: findExpectedLimitFromCrossing) - At r = 101.000000:	delta(nll) = 0.02057

CascadeMinimizer.cc[188] : (in function: improveOnce) - Minimization configured with Type=Minuit2, Algo=Migrad, strategy=0, tolerance=0.1
CascadeMinimizer.cc[215] : (in function: improveOnce) - Minimization finished with status=0
CascadeMinimizer.cc[219] : (in function: improveOnce) - Minimization success! status=0
AsymptoticLimits.cc[552] : (in function: findExpectedLimitFromCrossing) - At r = 102.000000:	delta(nll) = 0.02104

CascadeMinimizer.cc[188] : (in function: improveOnce) - Minimization configured with Type=Minuit2, Algo=Migrad, strategy=0, tolerance=0.1
CascadeMinimizer.cc[215] : (in function: improveOnce) - Minimization finished with status=0
CascadeMinimizer.cc[219] : (in function: improveOnce) - Minimization success! status=0
AsymptoticLimits.cc[552] : (in function: findExpectedLimitFromCrossing) - At r = 103.000000:	delta(nll) = 0.02152

CascadeMinimizer.cc[188] : (in function: improveOnce) - Minimization configured with Type=Minuit2, Algo=Migrad, strategy=0, tolerance=0.1
CascadeMinimizer.cc[215] : (in function: improveOnce) - Minimization finished with status=0
CascadeMinimizer.cc[219] : (in function: improveOnce) - Minimization success! status=0
AsymptoticLimits.cc[552] : (in function: findExpectedLimitFromCrossing) - At r = 104.000000:	delta(nll) = 0.02201

CascadeMinimizer.cc[188] : (in function: improveOnce) - Minimization configured with Type=Minuit2, Algo=Migrad, strategy=0, tolerance=0.1
CascadeMinimizer.cc[215] : (in function: improveOnce) - Minimization finished with status=0
CascadeMinimizer.cc[219] : (in function: improveOnce) - Minimization success! status=0
AsymptoticLimits.cc[552] : (in function: findExpectedLimitFromCrossing) - At r = 105.000000:	delta(nll) = 0.02251

CascadeMinimizer.cc[188] : (in function: improveOnce) - Minimization configured with Type=Minuit2, Algo=Migrad, strategy=0, tolerance=0.1
CascadeMinimizer.cc[215] : (in function: improveOnce) - Minimization finished with status=0
CascadeMinimizer.cc[219] : (in function: improveOnce) - Minimization success! status=0
AsymptoticLimits.cc[552] : (in function: findExpectedLimitFromCrossing) - At r = 106.000000:	delta(nll) = 0.02302

CascadeMinimizer.cc[188] : (in function: improveOnce) - Minimization configured with Type=Minuit2, Algo=Migrad, strategy=0, tolerance=0.1
CascadeMinimizer.cc[215] : (in function: improveOnce) - Minimization finished with status=0
CascadeMinimizer.cc[219] : (in function: improveOnce) - Minimization success! status=0
AsymptoticLimits.cc[552] : (in function: findExpectedLimitFromCrossing) - At r = 107.000000:	delta(nll) = 0.02353

CascadeMinimizer.cc[188] : (in function: improveOnce) - Minimization configured with Type=Minuit2, Algo=Migrad, strategy=0, tolerance=0.1
CascadeMinimizer.cc[215] : (in function: improveOnce) - Minimization finished with status=0
CascadeMinimizer.cc[219] : (in function: improveOnce) - Minimization success! status=0
AsymptoticLimits.cc[552] : (in function: findExpectedLimitFromCrossing) - At r = 108.000000:	delta(nll) = 0.02405

CascadeMinimizer.cc[188] : (in function: improveOnce) - Minimization configured with Type=Minuit2, Algo=Migrad, strategy=0, tolerance=0.1
CascadeMinimizer.cc[215] : (in function: improveOnce) - Minimization finished with status=0
CascadeMinimizer.cc[219] : (in function: improveOnce) - Minimization success! status=0
AsymptoticLimits.cc[552] : (in function: findExpectedLimitFromCrossing) - At r = 109.000000:	delta(nll) = 0.02457

CascadeMinimizer.cc[188] : (in function: improveOnce) - Minimization configured with Type=Minuit2, Algo=Migrad, strategy=0, tolerance=0.1
CascadeMinimizer.cc[215] : (in function: improveOnce) - Minimization finished with status=0
CascadeMinimizer.cc[219] : (in function: improveOnce) - Minimization success! status=0
AsymptoticLimits.cc[552] : (in function: findExpectedLimitFromCrossing) - At r = 110.000000:	delta(nll) = 0.02508

CascadeMinimizer.cc[188] : (in function: improveOnce) - Minimization configured with Type=Minuit2, Algo=Migrad, strategy=0, tolerance=0.1
CascadeMinimizer.cc[215] : (in function: improveOnce) - Minimization finished with status=0
CascadeMinimizer.cc[219] : (in function: improveOnce) - Minimization success! status=0
AsymptoticLimits.cc[552] : (in function: findExpectedLimitFromCrossing) - At r = 111.000000:	delta(nll) = 0.02467

CascadeMinimizer.cc[188] : (in function: improveOnce) - Minimization configured with Type=Minuit2, Algo=Migrad, strategy=0, tolerance=0.1
CascadeMinimizer.cc[215] : (in function: improveOnce) - Minimization finished with status=0
CascadeMinimizer.cc[219] : (in function: improveOnce) - Minimization success! status=0
AsymptoticLimits.cc[552] : (in function: findExpectedLimitFromCrossing) - At r = 112.000000:	delta(nll) = 0.02513

CascadeMinimizer.cc[188] : (in function: improveOnce) - Minimization configured with Type=Minuit2, Algo=Migrad, strategy=0, tolerance=0.1
CascadeMinimizer.cc[215] : (in function: improveOnce) - Minimization finished with status=0
CascadeMinimizer.cc[219] : (in function: improveOnce) - Minimization success! status=0
AsymptoticLimits.cc[552] : (in function: findExpectedLimitFromCrossing) - At r = 113.000000:	delta(nll) = 0.02561

CascadeMinimizer.cc[188] : (in function: improveOnce) - Minimization configured with Type=Minuit2, Algo=Migrad, strategy=0, tolerance=0.1
CascadeMinimizer.cc[215] : (in function: improveOnce) - Minimization finished with status=0
CascadeMinimizer.cc[219] : (in function: improveOnce) - Minimization success! status=0
AsymptoticLimits.cc[552] : (in function: findExpectedLimitFromCrossing) - At r = 114.000000:	delta(nll) = 0.02611

CascadeMinimizer.cc[188] : (in function: improveOnce) - Minimization configured with Type=Minuit2, Algo=Migrad, strategy=0, tolerance=0.1
CascadeMinimizer.cc[215] : (in function: improveOnce) - Minimization finished with status=0
CascadeMinimizer.cc[219] : (in function: improveOnce) - Minimization success! status=0
AsymptoticLimits.cc[552] : (in function: findExpectedLimitFromCrossing) - At r = 115.000000:	delta(nll) = 0.02662

CascadeMinimizer.cc[188] : (in function: improveOnce) - Minimization configured with Type=Minuit2, Algo=Migrad, strategy=0, tolerance=0.1
CascadeMinimizer.cc[215] : (in function: improveOnce) - Minimization finished with status=0
CascadeMinimizer.cc[219] : (in function: improveOnce) - Minimization success! status=0
AsymptoticLimits.cc[552] : (in function: findExpectedLimitFromCrossing) - At r = 116.000000:	delta(nll) = 0.02715

CascadeMinimizer.cc[188] : (in function: improveOnce) - Minimization configured with Type=Minuit2, Algo=Migrad, strategy=0, tolerance=0.1
CascadeMinimizer.cc[215] : (in function: improveOnce) - Minimization finished with status=0
CascadeMinimizer.cc[219] : (in function: improveOnce) - Minimization success! status=0
AsymptoticLimits.cc[552] : (in function: findExpectedLimitFromCrossing) - At r = 117.000000:	delta(nll) = 0.02769

CascadeMinimizer.cc[188] : (in function: improveOnce) - Minimization configured with Type=Minuit2, Algo=Migrad, strategy=0, tolerance=0.1
CascadeMinimizer.cc[215] : (in function: improveOnce) - Minimization finished with status=0
CascadeMinimizer.cc[219] : (in function: improveOnce) - Minimization success! status=0
AsymptoticLimits.cc[552] : (in function: findExpectedLimitFromCrossing) - At r = 118.000000:	delta(nll) = 0.02824

CascadeMinimizer.cc[188] : (in function: improveOnce) - Minimization configured with Type=Minuit2, Algo=Migrad, strategy=0, tolerance=0.1
CascadeMinimizer.cc[215] : (in function: improveOnce) - Minimization finished with status=0
CascadeMinimizer.cc[219] : (in function: improveOnce) - Minimization success! status=0
AsymptoticLimits.cc[552] : (in function: findExpectedLimitFromCrossing) - At r = 119.000000:	delta(nll) = 0.02879

CascadeMinimizer.cc[188] : (in function: improveOnce) - Minimization configured with Type=Minuit2, Algo=Migrad, strategy=0, tolerance=0.1
CascadeMinimizer.cc[215] : (in function: improveOnce) - Minimization finished with status=0
CascadeMinimizer.cc[219] : (in function: improveOnce) - Minimization success! status=0
AsymptoticLimits.cc[552] : (in function: findExpectedLimitFromCrossing) - At r = 120.000000:	delta(nll) = 0.02935

CascadeMinimizer.cc[188] : (in function: improveOnce) - Minimization configured with Type=Minuit2, Algo=Migrad, strategy=0, tolerance=0.1
CascadeMinimizer.cc[215] : (in function: improveOnce) - Minimization finished with status=0
CascadeMinimizer.cc[219] : (in function: improveOnce) - Minimization success! status=0
AsymptoticLimits.cc[552] : (in function: findExpectedLimitFromCrossing) - At r = 121.000000:	delta(nll) = 0.02992

CascadeMinimizer.cc[188] : (in function: improveOnce) - Minimization configured with Type=Minuit2, Algo=Migrad, strategy=0, tolerance=0.1
CascadeMinimizer.cc[215] : (in function: improveOnce) - Minimization finished with status=0
CascadeMinimizer.cc[219] : (in function: improveOnce) - Minimization success! status=0
AsymptoticLimits.cc[552] : (in function: findExpectedLimitFromCrossing) - At r = 122.000000:	delta(nll) = 0.03049

CascadeMinimizer.cc[188] : (in function: improveOnce) - Minimization configured with Type=Minuit2, Algo=Migrad, strategy=0, tolerance=0.1
CascadeMinimizer.cc[215] : (in function: improveOnce) - Minimization finished with status=0
CascadeMinimizer.cc[219] : (in function: improveOnce) - Minimization success! status=0
AsymptoticLimits.cc[552] : (in function: findExpectedLimitFromCrossing) - At r = 123.000000:	delta(nll) = 0.03105

CascadeMinimizer.cc[188] : (in function: improveOnce) - Minimization configured with Type=Minuit2, Algo=Migrad, strategy=0, tolerance=0.1
CascadeMinimizer.cc[215] : (in function: improveOnce) - Minimization finished with status=0
CascadeMinimizer.cc[219] : (in function: improveOnce) - Minimization success! status=0
AsymptoticLimits.cc[552] : (in function: findExpectedLimitFromCrossing) - At r = 124.000000:	delta(nll) = 0.03079

CascadeMinimizer.cc[188] : (in function: improveOnce) - Minimization configured with Type=Minuit2, Algo=Migrad, strategy=0, tolerance=0.1
CascadeMinimizer.cc[215] : (in function: improveOnce) - Minimization finished with status=0
CascadeMinimizer.cc[219] : (in function: improveOnce) - Minimization success! status=0
AsymptoticLimits.cc[552] : (in function: findExpectedLimitFromCrossing) - At r = 125.000000:	delta(nll) = 0.03131

CascadeMinimizer.cc[188] : (in function: improveOnce) - Minimization configured with Type=Minuit2, Algo=Migrad, strategy=0, tolerance=0.1
CascadeMinimizer.cc[215] : (in function: improveOnce) - Minimization finished with status=0
CascadeMinimizer.cc[219] : (in function: improveOnce) - Minimization success! status=0
AsymptoticLimits.cc[552] : (in function: findExpectedLimitFromCrossing) - At r = 126.000000:	delta(nll) = 0.03184

CascadeMinimizer.cc[188] : (in function: improveOnce) - Minimization configured with Type=Minuit2, Algo=Migrad, strategy=0, tolerance=0.1
CascadeMinimizer.cc[215] : (in function: improveOnce) - Minimization finished with status=0
CascadeMinimizer.cc[219] : (in function: improveOnce) - Minimization success! status=0
AsymptoticLimits.cc[552] : (in function: findExpectedLimitFromCrossing) - At r = 127.000000:	delta(nll) = 0.03239

CascadeMinimizer.cc[188] : (in function: improveOnce) - Minimization configured with Type=Minuit2, Algo=Migrad, strategy=0, tolerance=0.1
CascadeMinimizer.cc[215] : (in function: improveOnce) - Minimization finished with status=0
CascadeMinimizer.cc[219] : (in function: improveOnce) - Minimization success! status=0
AsymptoticLimits.cc[552] : (in function: findExpectedLimitFromCrossing) - At r = 128.000000:	delta(nll) = 0.03296

CascadeMinimizer.cc[188] : (in function: improveOnce) - Minimization configured with Type=Minuit2, Algo=Migrad, strategy=0, tolerance=0.1
CascadeMinimizer.cc[215] : (in function: improveOnce) - Minimization finished with status=0
CascadeMinimizer.cc[219] : (in function: improveOnce) - Minimization success! status=0
AsymptoticLimits.cc[552] : (in function: findExpectedLimitFromCrossing) - At r = 129.000000:	delta(nll) = 0.03353

CascadeMinimizer.cc[188] : (in function: improveOnce) - Minimization configured with Type=Minuit2, Algo=Migrad, strategy=0, tolerance=0.1
CascadeMinimizer.cc[215] : (in function: improveOnce) - Minimization finished with status=0
CascadeMinimizer.cc[219] : (in function: improveOnce) - Minimization success! status=0
AsymptoticLimits.cc[552] : (in function: findExpectedLimitFromCrossing) - At r = 130.000000:	delta(nll) = 0.03412

CascadeMinimizer.cc[188] : (in function: improveOnce) - Minimization configured with Type=Minuit2, Algo=Migrad, strategy=0, tolerance=0.1
CascadeMinimizer.cc[215] : (in function: improveOnce) - Minimization finished with status=0
CascadeMinimizer.cc[219] : (in function: improveOnce) - Minimization success! status=0
AsymptoticLimits.cc[552] : (in function: findExpectedLimitFromCrossing) - At r = 131.000000:	delta(nll) = 0.03471

CascadeMinimizer.cc[188] : (in function: improveOnce) - Minimization configured with Type=Minuit2, Algo=Migrad, strategy=0, tolerance=0.1
CascadeMinimizer.cc[215] : (in function: improveOnce) - Minimization finished with status=0
CascadeMinimizer.cc[219] : (in function: improveOnce) - Minimization success! status=0
AsymptoticLimits.cc[552] : (in function: findExpectedLimitFromCrossing) - At r = 132.000000:	delta(nll) = 0.03532

CascadeMinimizer.cc[188] : (in function: improveOnce) - Minimization configured with Type=Minuit2, Algo=Migrad, strategy=0, tolerance=0.1
CascadeMinimizer.cc[215] : (in function: improveOnce) - Minimization finished with status=0
CascadeMinimizer.cc[219] : (in function: improveOnce) - Minimization success! status=0
AsymptoticLimits.cc[552] : (in function: findExpectedLimitFromCrossing) - At r = 133.000000:	delta(nll) = 0.03593

CascadeMinimizer.cc[188] : (in function: improveOnce) - Minimization configured with Type=Minuit2, Algo=Migrad, strategy=0, tolerance=0.1
CascadeMinimizer.cc[215] : (in function: improveOnce) - Minimization finished with status=0
CascadeMinimizer.cc[219] : (in function: improveOnce) - Minimization success! status=0
AsymptoticLimits.cc[552] : (in function: findExpectedLimitFromCrossing) - At r = 134.000000:	delta(nll) = 0.03654

CascadeMinimizer.cc[188] : (in function: improveOnce) - Minimization configured with Type=Minuit2, Algo=Migrad, strategy=0, tolerance=0.1
CascadeMinimizer.cc[215] : (in function: improveOnce) - Minimization finished with status=0
CascadeMinimizer.cc[219] : (in function: improveOnce) - Minimization success! status=0
AsymptoticLimits.cc[552] : (in function: findExpectedLimitFromCrossing) - At r = 135.000000:	delta(nll) = 0.03706

CascadeMinimizer.cc[188] : (in function: improveOnce) - Minimization configured with Type=Minuit2, Algo=Migrad, strategy=0, tolerance=0.1
CascadeMinimizer.cc[215] : (in function: improveOnce) - Minimization finished with status=0
CascadeMinimizer.cc[219] : (in function: improveOnce) - Minimization success! status=0
AsymptoticLimits.cc[552] : (in function: findExpectedLimitFromCrossing) - At r = 136.000000:	delta(nll) = 0.03767

CascadeMinimizer.cc[188] : (in function: improveOnce) - Minimization configured with Type=Minuit2, Algo=Migrad, strategy=0, tolerance=0.1
CascadeMinimizer.cc[215] : (in function: improveOnce) - Minimization finished with status=0
CascadeMinimizer.cc[219] : (in function: improveOnce) - Minimization success! status=0
AsymptoticLimits.cc[552] : (in function: findExpectedLimitFromCrossing) - At r = 137.000000:	delta(nll) = 0.03819

CascadeMinimizer.cc[188] : (in function: improveOnce) - Minimization configured with Type=Minuit2, Algo=Migrad, strategy=0, tolerance=0.1
CascadeMinimizer.cc[215] : (in function: improveOnce) - Minimization finished with status=0
CascadeMinimizer.cc[219] : (in function: improveOnce) - Minimization success! status=0
AsymptoticLimits.cc[552] : (in function: findExpectedLimitFromCrossing) - At r = 138.000000:	delta(nll) = 0.03882

CascadeMinimizer.cc[188] : (in function: improveOnce) - Minimization configured with Type=Minuit2, Algo=Migrad, strategy=0, tolerance=0.1
CascadeMinimizer.cc[215] : (in function: improveOnce) - Minimization finished with status=0
CascadeMinimizer.cc[219] : (in function: improveOnce) - Minimization success! status=0
AsymptoticLimits.cc[552] : (in function: findExpectedLimitFromCrossing) - At r = 139.000000:	delta(nll) = 0.03871

CascadeMinimizer.cc[188] : (in function: improveOnce) - Minimization configured with Type=Minuit2, Algo=Migrad, strategy=0, tolerance=0.1
CascadeMinimizer.cc[215] : (in function: improveOnce) - Minimization finished with status=0
CascadeMinimizer.cc[219] : (in function: improveOnce) - Minimization success! status=0
AsymptoticLimits.cc[552] : (in function: findExpectedLimitFromCrossing) - At r = 140.000000:	delta(nll) = 0.03929

CascadeMinimizer.cc[188] : (in function: improveOnce) - Minimization configured with Type=Minuit2, Algo=Migrad, strategy=0, tolerance=0.1
CascadeMinimizer.cc[215] : (in function: improveOnce) - Minimization finished with status=0
CascadeMinimizer.cc[219] : (in function: improveOnce) - Minimization success! status=0
AsymptoticLimits.cc[552] : (in function: findExpectedLimitFromCrossing) - At r = 141.000000:	delta(nll) = 0.03988

CascadeMinimizer.cc[188] : (in function: improveOnce) - Minimization configured with Type=Minuit2, Algo=Migrad, strategy=0, tolerance=0.1
CascadeMinimizer.cc[215] : (in function: improveOnce) - Minimization finished with status=0
CascadeMinimizer.cc[219] : (in function: improveOnce) - Minimization success! status=0
AsymptoticLimits.cc[552] : (in function: findExpectedLimitFromCrossing) - At r = 142.000000:	delta(nll) = 0.04048

CascadeMinimizer.cc[188] : (in function: improveOnce) - Minimization configured with Type=Minuit2, Algo=Migrad, strategy=0, tolerance=0.1
CascadeMinimizer.cc[215] : (in function: improveOnce) - Minimization finished with status=0
CascadeMinimizer.cc[219] : (in function: improveOnce) - Minimization success! status=0
AsymptoticLimits.cc[552] : (in function: findExpectedLimitFromCrossing) - At r = 143.000000:	delta(nll) = 0.04111

CascadeMinimizer.cc[188] : (in function: improveOnce) - Minimization configured with Type=Minuit2, Algo=Migrad, strategy=0, tolerance=0.1
CascadeMinimizer.cc[215] : (in function: improveOnce) - Minimization finished with status=0
CascadeMinimizer.cc[219] : (in function: improveOnce) - Minimization success! status=0
AsymptoticLimits.cc[552] : (in function: findExpectedLimitFromCrossing) - At r = 144.000000:	delta(nll) = 0.04175

CascadeMinimizer.cc[188] : (in function: improveOnce) - Minimization configured with Type=Minuit2, Algo=Migrad, strategy=0, tolerance=0.1
CascadeMinimizer.cc[215] : (in function: improveOnce) - Minimization finished with status=0
CascadeMinimizer.cc[219] : (in function: improveOnce) - Minimization success! status=0
AsymptoticLimits.cc[552] : (in function: findExpectedLimitFromCrossing) - At r = 145.000000:	delta(nll) = 0.04240

CascadeMinimizer.cc[188] : (in function: improveOnce) - Minimization configured with Type=Minuit2, Algo=Migrad, strategy=0, tolerance=0.1
CascadeMinimizer.cc[215] : (in function: improveOnce) - Minimization finished with status=0
CascadeMinimizer.cc[219] : (in function: improveOnce) - Minimization success! status=0
AsymptoticLimits.cc[552] : (in function: findExpectedLimitFromCrossing) - At r = 146.000000:	delta(nll) = 0.04305

CascadeMinimizer.cc[188] : (in function: improveOnce) - Minimization configured with Type=Minuit2, Algo=Migrad, strategy=0, tolerance=0.1
CascadeMinimizer.cc[215] : (in function: improveOnce) - Minimization finished with status=0
CascadeMinimizer.cc[219] : (in function: improveOnce) - Minimization success! status=0
AsymptoticLimits.cc[552] : (in function: findExpectedLimitFromCrossing) - At r = 147.000000:	delta(nll) = 0.04371

CascadeMinimizer.cc[188] : (in function: improveOnce) - Minimization configured with Type=Minuit2, Algo=Migrad, strategy=0, tolerance=0.1
CascadeMinimizer.cc[215] : (in function: improveOnce) - Minimization finished with status=0
CascadeMinimizer.cc[219] : (in function: improveOnce) - Minimization success! status=0
AsymptoticLimits.cc[552] : (in function: findExpectedLimitFromCrossing) - At r = 148.000000:	delta(nll) = 0.04438

CascadeMinimizer.cc[188] : (in function: improveOnce) - Minimization configured with Type=Minuit2, Algo=Migrad, strategy=0, tolerance=0.1
CascadeMinimizer.cc[215] : (in function: improveOnce) - Minimization finished with status=0
CascadeMinimizer.cc[219] : (in function: improveOnce) - Minimization success! status=0
AsymptoticLimits.cc[552] : (in function: findExpectedLimitFromCrossing) - At r = 149.000000:	delta(nll) = 0.04496

CascadeMinimizer.cc[188] : (in function: improveOnce) - Minimization configured with Type=Minuit2, Algo=Migrad, strategy=0, tolerance=0.1
CascadeMinimizer.cc[215] : (in function: improveOnce) - Minimization finished with status=0
CascadeMinimizer.cc[219] : (in function: improveOnce) - Minimization success! status=0
AsymptoticLimits.cc[552] : (in function: findExpectedLimitFromCrossing) - At r = 150.000000:	delta(nll) = 0.04564

CascadeMinimizer.cc[188] : (in function: improveOnce) - Minimization configured with Type=Minuit2, Algo=Migrad, strategy=0, tolerance=0.1
CascadeMinimizer.cc[215] : (in function: improveOnce) - Minimization finished with status=0
CascadeMinimizer.cc[219] : (in function: improveOnce) - Minimization success! status=0
AsymptoticLimits.cc[552] : (in function: findExpectedLimitFromCrossing) - At r = 151.000000:	delta(nll) = 0.04622

CascadeMinimizer.cc[188] : (in function: improveOnce) - Minimization configured with Type=Minuit2, Algo=Migrad, strategy=0, tolerance=0.1
CascadeMinimizer.cc[215] : (in function: improveOnce) - Minimization finished with status=0
CascadeMinimizer.cc[219] : (in function: improveOnce) - Minimization success! status=0
AsymptoticLimits.cc[552] : (in function: findExpectedLimitFromCrossing) - At r = 152.000000:	delta(nll) = 0.04692

CascadeMinimizer.cc[188] : (in function: improveOnce) - Minimization configured with Type=Minuit2, Algo=Migrad, strategy=0, tolerance=0.1
CascadeMinimizer.cc[215] : (in function: improveOnce) - Minimization finished with status=0
CascadeMinimizer.cc[219] : (in function: improveOnce) - Minimization success! status=0
AsymptoticLimits.cc[552] : (in function: findExpectedLimitFromCrossing) - At r = 153.000000:	delta(nll) = 0.04750

CascadeMinimizer.cc[188] : (in function: improveOnce) - Minimization configured with Type=Minuit2, Algo=Migrad, strategy=0, tolerance=0.1
CascadeMinimizer.cc[215] : (in function: improveOnce) - Minimization finished with status=0
CascadeMinimizer.cc[219] : (in function: improveOnce) - Minimization success! status=0
AsymptoticLimits.cc[552] : (in function: findExpectedLimitFromCrossing) - At r = 154.000000:	delta(nll) = 0.04819

CascadeMinimizer.cc[188] : (in function: improveOnce) - Minimization configured with Type=Minuit2, Algo=Migrad, strategy=0, tolerance=0.1
CascadeMinimizer.cc[215] : (in function: improveOnce) - Minimization finished with status=0
CascadeMinimizer.cc[219] : (in function: improveOnce) - Minimization success! status=0
AsymptoticLimits.cc[552] : (in function: findExpectedLimitFromCrossing) - At r = 155.000000:	delta(nll) = 0.04877

CascadeMinimizer.cc[188] : (in function: improveOnce) - Minimization configured with Type=Minuit2, Algo=Migrad, strategy=0, tolerance=0.1
CascadeMinimizer.cc[215] : (in function: improveOnce) - Minimization finished with status=0
CascadeMinimizer.cc[219] : (in function: improveOnce) - Minimization success! status=0
AsymptoticLimits.cc[552] : (in function: findExpectedLimitFromCrossing) - At r = 156.000000:	delta(nll) = 0.04947

CascadeMinimizer.cc[188] : (in function: improveOnce) - Minimization configured with Type=Minuit2, Algo=Migrad, strategy=0, tolerance=0.1
CascadeMinimizer.cc[215] : (in function: improveOnce) - Minimization finished with status=0
CascadeMinimizer.cc[219] : (in function: improveOnce) - Minimization success! status=0
AsymptoticLimits.cc[552] : (in function: findExpectedLimitFromCrossing) - At r = 157.000000:	delta(nll) = 0.05005

CascadeMinimizer.cc[188] : (in function: improveOnce) - Minimization configured with Type=Minuit2, Algo=Migrad, strategy=0, tolerance=0.1
CascadeMinimizer.cc[215] : (in function: improveOnce) - Minimization finished with status=0
CascadeMinimizer.cc[219] : (in function: improveOnce) - Minimization success! status=0
AsymptoticLimits.cc[552] : (in function: findExpectedLimitFromCrossing) - At r = 158.000000:	delta(nll) = 0.05075

CascadeMinimizer.cc[188] : (in function: improveOnce) - Minimization configured with Type=Minuit2, Algo=Migrad, strategy=0, tolerance=0.1
CascadeMinimizer.cc[215] : (in function: improveOnce) - Minimization finished with status=0
CascadeMinimizer.cc[219] : (in function: improveOnce) - Minimization success! status=0
AsymptoticLimits.cc[552] : (in function: findExpectedLimitFromCrossing) - At r = 159.000000:	delta(nll) = 0.05133

CascadeMinimizer.cc[188] : (in function: improveOnce) - Minimization configured with Type=Minuit2, Algo=Migrad, strategy=0, tolerance=0.1
CascadeMinimizer.cc[215] : (in function: improveOnce) - Minimization finished with status=0
CascadeMinimizer.cc[219] : (in function: improveOnce) - Minimization success! status=0
AsymptoticLimits.cc[552] : (in function: findExpectedLimitFromCrossing) - At r = 160.000000:	delta(nll) = 0.05204

CascadeMinimizer.cc[188] : (in function: improveOnce) - Minimization configured with Type=Minuit2, Algo=Migrad, strategy=0, tolerance=0.1
CascadeMinimizer.cc[215] : (in function: improveOnce) - Minimization finished with status=0
CascadeMinimizer.cc[219] : (in function: improveOnce) - Minimization success! status=0
AsymptoticLimits.cc[552] : (in function: findExpectedLimitFromCrossing) - At r = 161.000000:	delta(nll) = 0.05262

CascadeMinimizer.cc[188] : (in function: improveOnce) - Minimization configured with Type=Minuit2, Algo=Migrad, strategy=0, tolerance=0.1
CascadeMinimizer.cc[215] : (in function: improveOnce) - Minimization finished with status=0
CascadeMinimizer.cc[219] : (in function: improveOnce) - Minimization success! status=0
AsymptoticLimits.cc[552] : (in function: findExpectedLimitFromCrossing) - At r = 162.000000:	delta(nll) = 0.05334

CascadeMinimizer.cc[188] : (in function: improveOnce) - Minimization configured with Type=Minuit2, Algo=Migrad, strategy=0, tolerance=0.1
CascadeMinimizer.cc[215] : (in function: improveOnce) - Minimization finished with status=0
CascadeMinimizer.cc[219] : (in function: improveOnce) - Minimization success! status=0
AsymptoticLimits.cc[552] : (in function: findExpectedLimitFromCrossing) - At r = 163.000000:	delta(nll) = 0.05393

CascadeMinimizer.cc[188] : (in function: improveOnce) - Minimization configured with Type=Minuit2, Algo=Migrad, strategy=0, tolerance=0.1
CascadeMinimizer.cc[215] : (in function: improveOnce) - Minimization finished with status=0
CascadeMinimizer.cc[219] : (in function: improveOnce) - Minimization success! status=0
AsymptoticLimits.cc[552] : (in function: findExpectedLimitFromCrossing) - At r = 164.000000:	delta(nll) = 0.05465

CascadeMinimizer.cc[188] : (in function: improveOnce) - Minimization configured with Type=Minuit2, Algo=Migrad, strategy=0, tolerance=0.1
CascadeMinimizer.cc[215] : (in function: improveOnce) - Minimization finished with status=0
CascadeMinimizer.cc[219] : (in function: improveOnce) - Minimization success! status=0
AsymptoticLimits.cc[552] : (in function: findExpectedLimitFromCrossing) - At r = 165.000000:	delta(nll) = 0.05524

CascadeMinimizer.cc[188] : (in function: improveOnce) - Minimization configured with Type=Minuit2, Algo=Migrad, strategy=0, tolerance=0.1
CascadeMinimizer.cc[215] : (in function: improveOnce) - Minimization finished with status=0
CascadeMinimizer.cc[219] : (in function: improveOnce) - Minimization success! status=0
AsymptoticLimits.cc[552] : (in function: findExpectedLimitFromCrossing) - At r = 166.000000:	delta(nll) = 0.05597

CascadeMinimizer.cc[188] : (in function: improveOnce) - Minimization configured with Type=Minuit2, Algo=Migrad, strategy=0, tolerance=0.1
CascadeMinimizer.cc[215] : (in function: improveOnce) - Minimization finished with status=0
CascadeMinimizer.cc[219] : (in function: improveOnce) - Minimization success! status=0
AsymptoticLimits.cc[552] : (in function: findExpectedLimitFromCrossing) - At r = 167.000000:	delta(nll) = 0.05658

CascadeMinimizer.cc[188] : (in function: improveOnce) - Minimization configured with Type=Minuit2, Algo=Migrad, strategy=0, tolerance=0.1
CascadeMinimizer.cc[215] : (in function: improveOnce) - Minimization finished with status=0
CascadeMinimizer.cc[219] : (in function: improveOnce) - Minimization success! status=0
AsymptoticLimits.cc[552] : (in function: findExpectedLimitFromCrossing) - At r = 168.000000:	delta(nll) = 0.05732

CascadeMinimizer.cc[188] : (in function: improveOnce) - Minimization configured with Type=Minuit2, Algo=Migrad, strategy=0, tolerance=0.1
CascadeMinimizer.cc[215] : (in function: improveOnce) - Minimization finished with status=0
CascadeMinimizer.cc[219] : (in function: improveOnce) - Minimization success! status=0
AsymptoticLimits.cc[552] : (in function: findExpectedLimitFromCrossing) - At r = 169.000000:	delta(nll) = 0.05793

CascadeMinimizer.cc[188] : (in function: improveOnce) - Minimization configured with Type=Minuit2, Algo=Migrad, strategy=0, tolerance=0.1
CascadeMinimizer.cc[215] : (in function: improveOnce) - Minimization finished with status=0
CascadeMinimizer.cc[219] : (in function: improveOnce) - Minimization success! status=0
AsymptoticLimits.cc[552] : (in function: findExpectedLimitFromCrossing) - At r = 170.000000:	delta(nll) = 0.05868

CascadeMinimizer.cc[188] : (in function: improveOnce) - Minimization configured with Type=Minuit2, Algo=Migrad, strategy=0, tolerance=0.1
CascadeMinimizer.cc[215] : (in function: improveOnce) - Minimization finished with status=0
CascadeMinimizer.cc[219] : (in function: improveOnce) - Minimization success! status=0
AsymptoticLimits.cc[552] : (in function: findExpectedLimitFromCrossing) - At r = 171.000000:	delta(nll) = 0.05929

CascadeMinimizer.cc[188] : (in function: improveOnce) - Minimization configured with Type=Minuit2, Algo=Migrad, strategy=0, tolerance=0.1
CascadeMinimizer.cc[215] : (in function: improveOnce) - Minimization finished with status=0
CascadeMinimizer.cc[219] : (in function: improveOnce) - Minimization success! status=0
AsymptoticLimits.cc[552] : (in function: findExpectedLimitFromCrossing) - At r = 172.000000:	delta(nll) = 0.06005

CascadeMinimizer.cc[188] : (in function: improveOnce) - Minimization configured with Type=Minuit2, Algo=Migrad, strategy=0, tolerance=0.1
CascadeMinimizer.cc[215] : (in function: improveOnce) - Minimization finished with status=0
CascadeMinimizer.cc[219] : (in function: improveOnce) - Minimization success! status=0
AsymptoticLimits.cc[552] : (in function: findExpectedLimitFromCrossing) - At r = 173.000000:	delta(nll) = 0.06068

CascadeMinimizer.cc[188] : (in function: improveOnce) - Minimization configured with Type=Minuit2, Algo=Migrad, strategy=0, tolerance=0.1
CascadeMinimizer.cc[215] : (in function: improveOnce) - Minimization finished with status=0
CascadeMinimizer.cc[219] : (in function: improveOnce) - Minimization success! status=0
AsymptoticLimits.cc[552] : (in function: findExpectedLimitFromCrossing) - At r = 174.000000:	delta(nll) = 0.06145

CascadeMinimizer.cc[188] : (in function: improveOnce) - Minimization configured with Type=Minuit2, Algo=Migrad, strategy=0, tolerance=0.1
CascadeMinimizer.cc[215] : (in function: improveOnce) - Minimization finished with status=0
CascadeMinimizer.cc[219] : (in function: improveOnce) - Minimization success! status=0
AsymptoticLimits.cc[552] : (in function: findExpectedLimitFromCrossing) - At r = 175.000000:	delta(nll) = 0.06208

CascadeMinimizer.cc[188] : (in function: improveOnce) - Minimization configured with Type=Minuit2, Algo=Migrad, strategy=0, tolerance=0.1
CascadeMinimizer.cc[215] : (in function: improveOnce) - Minimization finished with status=0
CascadeMinimizer.cc[219] : (in function: improveOnce) - Minimization success! status=0
AsymptoticLimits.cc[552] : (in function: findExpectedLimitFromCrossing) - At r = 176.000000:	delta(nll) = 0.06285

CascadeMinimizer.cc[188] : (in function: improveOnce) - Minimization configured with Type=Minuit2, Algo=Migrad, strategy=0, tolerance=0.1
CascadeMinimizer.cc[215] : (in function: improveOnce) - Minimization finished with status=0
CascadeMinimizer.cc[219] : (in function: improveOnce) - Minimization success! status=0
AsymptoticLimits.cc[552] : (in function: findExpectedLimitFromCrossing) - At r = 177.000000:	delta(nll) = 0.06350

CascadeMinimizer.cc[188] : (in function: improveOnce) - Minimization configured with Type=Minuit2, Algo=Migrad, strategy=0, tolerance=0.1
CascadeMinimizer.cc[215] : (in function: improveOnce) - Minimization finished with status=0
CascadeMinimizer.cc[219] : (in function: improveOnce) - Minimization success! status=0
AsymptoticLimits.cc[552] : (in function: findExpectedLimitFromCrossing) - At r = 178.000000:	delta(nll) = 0.06428

CascadeMinimizer.cc[188] : (in function: improveOnce) - Minimization configured with Type=Minuit2, Algo=Migrad, strategy=0, tolerance=0.1
CascadeMinimizer.cc[215] : (in function: improveOnce) - Minimization finished with status=0
CascadeMinimizer.cc[219] : (in function: improveOnce) - Minimization success! status=0
AsymptoticLimits.cc[552] : (in function: findExpectedLimitFromCrossing) - At r = 179.000000:	delta(nll) = 0.06493

CascadeMinimizer.cc[188] : (in function: improveOnce) - Minimization configured with Type=Minuit2, Algo=Migrad, strategy=0, tolerance=0.1
CascadeMinimizer.cc[215] : (in function: improveOnce) - Minimization finished with status=0
CascadeMinimizer.cc[219] : (in function: improveOnce) - Minimization success! status=0
AsymptoticLimits.cc[552] : (in function: findExpectedLimitFromCrossing) - At r = 180.000000:	delta(nll) = 0.06572

CascadeMinimizer.cc[188] : (in function: improveOnce) - Minimization configured with Type=Minuit2, Algo=Migrad, strategy=0, tolerance=0.1
CascadeMinimizer.cc[215] : (in function: improveOnce) - Minimization finished with status=0
CascadeMinimizer.cc[219] : (in function: improveOnce) - Minimization success! status=0
AsymptoticLimits.cc[552] : (in function: findExpectedLimitFromCrossing) - At r = 181.000000:	delta(nll) = 0.06636

CascadeMinimizer.cc[188] : (in function: improveOnce) - Minimization configured with Type=Minuit2, Algo=Migrad, strategy=0, tolerance=0.1
CascadeMinimizer.cc[215] : (in function: improveOnce) - Minimization finished with status=0
CascadeMinimizer.cc[219] : (in function: improveOnce) - Minimization success! status=0
AsymptoticLimits.cc[552] : (in function: findExpectedLimitFromCrossing) - At r = 182.000000:	delta(nll) = 0.06717

CascadeMinimizer.cc[188] : (in function: improveOnce) - Minimization configured with Type=Minuit2, Algo=Migrad, strategy=0, tolerance=0.1
CascadeMinimizer.cc[215] : (in function: improveOnce) - Minimization finished with status=0
CascadeMinimizer.cc[219] : (in function: improveOnce) - Minimization success! status=0
AsymptoticLimits.cc[552] : (in function: findExpectedLimitFromCrossing) - At r = 183.000000:	delta(nll) = 0.06782

CascadeMinimizer.cc[188] : (in function: improveOnce) - Minimization configured with Type=Minuit2, Algo=Migrad, strategy=0, tolerance=0.1
CascadeMinimizer.cc[215] : (in function: improveOnce) - Minimization finished with status=0
CascadeMinimizer.cc[219] : (in function: improveOnce) - Minimization success! status=0
AsymptoticLimits.cc[552] : (in function: findExpectedLimitFromCrossing) - At r = 184.000000:	delta(nll) = 0.06863

CascadeMinimizer.cc[188] : (in function: improveOnce) - Minimization configured with Type=Minuit2, Algo=Migrad, strategy=0, tolerance=0.1
CascadeMinimizer.cc[215] : (in function: improveOnce) - Minimization finished with status=0
CascadeMinimizer.cc[219] : (in function: improveOnce) - Minimization success! status=0
AsymptoticLimits.cc[552] : (in function: findExpectedLimitFromCrossing) - At r = 185.000000:	delta(nll) = 0.06930

CascadeMinimizer.cc[188] : (in function: improveOnce) - Minimization configured with Type=Minuit2, Algo=Migrad, strategy=0, tolerance=0.1
CascadeMinimizer.cc[215] : (in function: improveOnce) - Minimization finished with status=0
CascadeMinimizer.cc[219] : (in function: improveOnce) - Minimization success! status=0
AsymptoticLimits.cc[552] : (in function: findExpectedLimitFromCrossing) - At r = 186.000000:	delta(nll) = 0.07012

CascadeMinimizer.cc[188] : (in function: improveOnce) - Minimization configured with Type=Minuit2, Algo=Migrad, strategy=0, tolerance=0.1
CascadeMinimizer.cc[215] : (in function: improveOnce) - Minimization finished with status=0
CascadeMinimizer.cc[219] : (in function: improveOnce) - Minimization success! status=0
AsymptoticLimits.cc[552] : (in function: findExpectedLimitFromCrossing) - At r = 187.000000:	delta(nll) = 0.07078

CascadeMinimizer.cc[188] : (in function: improveOnce) - Minimization configured with Type=Minuit2, Algo=Migrad, strategy=0, tolerance=0.1
CascadeMinimizer.cc[215] : (in function: improveOnce) - Minimization finished with status=0
CascadeMinimizer.cc[219] : (in function: improveOnce) - Minimization success! status=0
AsymptoticLimits.cc[552] : (in function: findExpectedLimitFromCrossing) - At r = 188.000000:	delta(nll) = 0.07161

CascadeMinimizer.cc[188] : (in function: improveOnce) - Minimization configured with Type=Minuit2, Algo=Migrad, strategy=0, tolerance=0.1
CascadeMinimizer.cc[215] : (in function: improveOnce) - Minimization finished with status=0
CascadeMinimizer.cc[219] : (in function: improveOnce) - Minimization success! status=0
AsymptoticLimits.cc[552] : (in function: findExpectedLimitFromCrossing) - At r = 189.000000:	delta(nll) = 0.07227

CascadeMinimizer.cc[188] : (in function: improveOnce) - Minimization configured with Type=Minuit2, Algo=Migrad, strategy=0, tolerance=0.1
CascadeMinimizer.cc[215] : (in function: improveOnce) - Minimization finished with status=0
CascadeMinimizer.cc[219] : (in function: improveOnce) - Minimization success! status=0
AsymptoticLimits.cc[552] : (in function: findExpectedLimitFromCrossing) - At r = 190.000000:	delta(nll) = 0.07310

CascadeMinimizer.cc[188] : (in function: improveOnce) - Minimization configured with Type=Minuit2, Algo=Migrad, strategy=0, tolerance=0.1
CascadeMinimizer.cc[215] : (in function: improveOnce) - Minimization finished with status=0
CascadeMinimizer.cc[219] : (in function: improveOnce) - Minimization success! status=0
AsymptoticLimits.cc[552] : (in function: findExpectedLimitFromCrossing) - At r = 191.000000:	delta(nll) = 0.07377

CascadeMinimizer.cc[188] : (in function: improveOnce) - Minimization configured with Type=Minuit2, Algo=Migrad, strategy=0, tolerance=0.1
CascadeMinimizer.cc[215] : (in function: improveOnce) - Minimization finished with status=0
CascadeMinimizer.cc[219] : (in function: improveOnce) - Minimization success! status=0
AsymptoticLimits.cc[552] : (in function: findExpectedLimitFromCrossing) - At r = 192.000000:	delta(nll) = 0.07461

CascadeMinimizer.cc[188] : (in function: improveOnce) - Minimization configured with Type=Minuit2, Algo=Migrad, strategy=0, tolerance=0.1
CascadeMinimizer.cc[215] : (in function: improveOnce) - Minimization finished with status=0
CascadeMinimizer.cc[219] : (in function: improveOnce) - Minimization success! status=0
AsymptoticLimits.cc[552] : (in function: findExpectedLimitFromCrossing) - At r = 193.000000:	delta(nll) = 0.07532

CascadeMinimizer.cc[188] : (in function: improveOnce) - Minimization configured with Type=Minuit2, Algo=Migrad, strategy=0, tolerance=0.1
CascadeMinimizer.cc[215] : (in function: improveOnce) - Minimization finished with status=0
CascadeMinimizer.cc[219] : (in function: improveOnce) - Minimization success! status=0
AsymptoticLimits.cc[552] : (in function: findExpectedLimitFromCrossing) - At r = 194.000000:	delta(nll) = 0.07617

CascadeMinimizer.cc[188] : (in function: improveOnce) - Minimization configured with Type=Minuit2, Algo=Migrad, strategy=0, tolerance=0.1
CascadeMinimizer.cc[215] : (in function: improveOnce) - Minimization finished with status=0
CascadeMinimizer.cc[219] : (in function: improveOnce) - Minimization success! status=0
AsymptoticLimits.cc[552] : (in function: findExpectedLimitFromCrossing) - At r = 195.000000:	delta(nll) = 0.07686

CascadeMinimizer.cc[188] : (in function: improveOnce) - Minimization configured with Type=Minuit2, Algo=Migrad, strategy=0, tolerance=0.1
CascadeMinimizer.cc[215] : (in function: improveOnce) - Minimization finished with status=0
CascadeMinimizer.cc[219] : (in function: improveOnce) - Minimization success! status=0
AsymptoticLimits.cc[552] : (in function: findExpectedLimitFromCrossing) - At r = 196.000000:	delta(nll) = 0.07772

CascadeMinimizer.cc[188] : (in function: improveOnce) - Minimization configured with Type=Minuit2, Algo=Migrad, strategy=0, tolerance=0.1
CascadeMinimizer.cc[215] : (in function: improveOnce) - Minimization finished with status=0
CascadeMinimizer.cc[219] : (in function: improveOnce) - Minimization success! status=0
AsymptoticLimits.cc[552] : (in function: findExpectedLimitFromCrossing) - At r = 197.000000:	delta(nll) = 0.07842

CascadeMinimizer.cc[188] : (in function: improveOnce) - Minimization configured with Type=Minuit2, Algo=Migrad, strategy=0, tolerance=0.1
CascadeMinimizer.cc[215] : (in function: improveOnce) - Minimization finished with status=0
CascadeMinimizer.cc[219] : (in function: improveOnce) - Minimization success! status=0
AsymptoticLimits.cc[552] : (in function: findExpectedLimitFromCrossing) - At r = 198.000000:	delta(nll) = 0.07929

CascadeMinimizer.cc[188] : (in function: improveOnce) - Minimization configured with Type=Minuit2, Algo=Migrad, strategy=0, tolerance=0.1
CascadeMinimizer.cc[215] : (in function: improveOnce) - Minimization finished with status=0
CascadeMinimizer.cc[219] : (in function: improveOnce) - Minimization success! status=0
AsymptoticLimits.cc[552] : (in function: findExpectedLimitFromCrossing) - At r = 199.000000:	delta(nll) = 0.08000

CascadeMinimizer.cc[188] : (in function: improveOnce) - Minimization configured with Type=Minuit2, Algo=Migrad, strategy=0, tolerance=0.1
CascadeMinimizer.cc[215] : (in function: improveOnce) - Minimization finished with status=0
CascadeMinimizer.cc[219] : (in function: improveOnce) - Minimization success! status=0
AsymptoticLimits.cc[552] : (in function: findExpectedLimitFromCrossing) - At r = 200.000000:	delta(nll) = 0.08087

CascadeMinimizer.cc[188] : (in function: improveOnce) - Minimization configured with Type=Minuit2, Algo=Migrad, strategy=0, tolerance=0.1
CascadeMinimizer.cc[215] : (in function: improveOnce) - Minimization finished with status=0
CascadeMinimizer.cc[219] : (in function: improveOnce) - Minimization success! status=0
AsymptoticLimits.cc[552] : (in function: findExpectedLimitFromCrossing) - At r = 201.000000:	delta(nll) = 0.08161

CascadeMinimizer.cc[188] : (in function: improveOnce) - Minimization configured with Type=Minuit2, Algo=Migrad, strategy=0, tolerance=0.1
CascadeMinimizer.cc[215] : (in function: improveOnce) - Minimization finished with status=0
CascadeMinimizer.cc[219] : (in function: improveOnce) - Minimization success! status=0
AsymptoticLimits.cc[552] : (in function: findExpectedLimitFromCrossing) - At r = 202.000000:	delta(nll) = 0.08249

CascadeMinimizer.cc[188] : (in function: improveOnce) - Minimization configured with Type=Minuit2, Algo=Migrad, strategy=0, tolerance=0.1
CascadeMinimizer.cc[215] : (in function: improveOnce) - Minimization finished with status=0
CascadeMinimizer.cc[219] : (in function: improveOnce) - Minimization success! status=0
AsymptoticLimits.cc[552] : (in function: findExpectedLimitFromCrossing) - At r = 203.000000:	delta(nll) = 0.08322

CascadeMinimizer.cc[188] : (in function: improveOnce) - Minimization configured with Type=Minuit2, Algo=Migrad, strategy=0, tolerance=0.1
CascadeMinimizer.cc[215] : (in function: improveOnce) - Minimization finished with status=0
CascadeMinimizer.cc[219] : (in function: improveOnce) - Minimization success! status=0
AsymptoticLimits.cc[552] : (in function: findExpectedLimitFromCrossing) - At r = 204.000000:	delta(nll) = 0.08411

CascadeMinimizer.cc[188] : (in function: improveOnce) - Minimization configured with Type=Minuit2, Algo=Migrad, strategy=0, tolerance=0.1
CascadeMinimizer.cc[215] : (in function: improveOnce) - Minimization finished with status=0
CascadeMinimizer.cc[219] : (in function: improveOnce) - Minimization success! status=0
AsymptoticLimits.cc[552] : (in function: findExpectedLimitFromCrossing) - At r = 205.000000:	delta(nll) = 0.08487

CascadeMinimizer.cc[188] : (in function: improveOnce) - Minimization configured with Type=Minuit2, Algo=Migrad, strategy=0, tolerance=0.1
CascadeMinimizer.cc[215] : (in function: improveOnce) - Minimization finished with status=0
CascadeMinimizer.cc[219] : (in function: improveOnce) - Minimization success! status=0
AsymptoticLimits.cc[552] : (in function: findExpectedLimitFromCrossing) - At r = 206.000000:	delta(nll) = 0.08577

CascadeMinimizer.cc[188] : (in function: improveOnce) - Minimization configured with Type=Minuit2, Algo=Migrad, strategy=0, tolerance=0.1
CascadeMinimizer.cc[215] : (in function: improveOnce) - Minimization finished with status=0
CascadeMinimizer.cc[219] : (in function: improveOnce) - Minimization success! status=0
AsymptoticLimits.cc[552] : (in function: findExpectedLimitFromCrossing) - At r = 207.000000:	delta(nll) = 0.08652

CascadeMinimizer.cc[188] : (in function: improveOnce) - Minimization configured with Type=Minuit2, Algo=Migrad, strategy=0, tolerance=0.1
CascadeMinimizer.cc[215] : (in function: improveOnce) - Minimization finished with status=0
CascadeMinimizer.cc[219] : (in function: improveOnce) - Minimization success! status=0
AsymptoticLimits.cc[552] : (in function: findExpectedLimitFromCrossing) - At r = 208.000000:	delta(nll) = 0.08743

CascadeMinimizer.cc[188] : (in function: improveOnce) - Minimization configured with Type=Minuit2, Algo=Migrad, strategy=0, tolerance=0.1
CascadeMinimizer.cc[215] : (in function: improveOnce) - Minimization finished with status=0
CascadeMinimizer.cc[219] : (in function: improveOnce) - Minimization success! status=0
AsymptoticLimits.cc[552] : (in function: findExpectedLimitFromCrossing) - At r = 209.000000:	delta(nll) = 0.08818

CascadeMinimizer.cc[188] : (in function: improveOnce) - Minimization configured with Type=Minuit2, Algo=Migrad, strategy=0, tolerance=0.1
CascadeMinimizer.cc[215] : (in function: improveOnce) - Minimization finished with status=0
CascadeMinimizer.cc[219] : (in function: improveOnce) - Minimization success! status=0
AsymptoticLimits.cc[552] : (in function: findExpectedLimitFromCrossing) - At r = 210.000000:	delta(nll) = 0.08910

CascadeMinimizer.cc[188] : (in function: improveOnce) - Minimization configured with Type=Minuit2, Algo=Migrad, strategy=0, tolerance=0.1
CascadeMinimizer.cc[215] : (in function: improveOnce) - Minimization finished with status=0
CascadeMinimizer.cc[219] : (in function: improveOnce) - Minimization success! status=0
AsymptoticLimits.cc[552] : (in function: findExpectedLimitFromCrossing) - At r = 211.000000:	delta(nll) = 0.08985

CascadeMinimizer.cc[188] : (in function: improveOnce) - Minimization configured with Type=Minuit2, Algo=Migrad, strategy=0, tolerance=0.1
CascadeMinimizer.cc[215] : (in function: improveOnce) - Minimization finished with status=0
CascadeMinimizer.cc[219] : (in function: improveOnce) - Minimization success! status=0
AsymptoticLimits.cc[552] : (in function: findExpectedLimitFromCrossing) - At r = 212.000000:	delta(nll) = 0.09077

CascadeMinimizer.cc[188] : (in function: improveOnce) - Minimization configured with Type=Minuit2, Algo=Migrad, strategy=0, tolerance=0.1
CascadeMinimizer.cc[215] : (in function: improveOnce) - Minimization finished with status=0
CascadeMinimizer.cc[219] : (in function: improveOnce) - Minimization success! status=0
AsymptoticLimits.cc[552] : (in function: findExpectedLimitFromCrossing) - At r = 213.000000:	delta(nll) = 0.09152

CascadeMinimizer.cc[188] : (in function: improveOnce) - Minimization configured with Type=Minuit2, Algo=Migrad, strategy=0, tolerance=0.1
CascadeMinimizer.cc[215] : (in function: improveOnce) - Minimization finished with status=0
CascadeMinimizer.cc[219] : (in function: improveOnce) - Minimization success! status=0
AsymptoticLimits.cc[552] : (in function: findExpectedLimitFromCrossing) - At r = 214.000000:	delta(nll) = 0.09245

CascadeMinimizer.cc[188] : (in function: improveOnce) - Minimization configured with Type=Minuit2, Algo=Migrad, strategy=0, tolerance=0.1
CascadeMinimizer.cc[215] : (in function: improveOnce) - Minimization finished with status=0
CascadeMinimizer.cc[219] : (in function: improveOnce) - Minimization success! status=0
AsymptoticLimits.cc[552] : (in function: findExpectedLimitFromCrossing) - At r = 215.000000:	delta(nll) = 0.09324

CascadeMinimizer.cc[188] : (in function: improveOnce) - Minimization configured with Type=Minuit2, Algo=Migrad, strategy=0, tolerance=0.1
CascadeMinimizer.cc[215] : (in function: improveOnce) - Minimization finished with status=0
CascadeMinimizer.cc[219] : (in function: improveOnce) - Minimization success! status=0
AsymptoticLimits.cc[552] : (in function: findExpectedLimitFromCrossing) - At r = 216.000000:	delta(nll) = 0.09418

CascadeMinimizer.cc[188] : (in function: improveOnce) - Minimization configured with Type=Minuit2, Algo=Migrad, strategy=0, tolerance=0.1
CascadeMinimizer.cc[215] : (in function: improveOnce) - Minimization finished with status=0
CascadeMinimizer.cc[219] : (in function: improveOnce) - Minimization success! status=0
AsymptoticLimits.cc[552] : (in function: findExpectedLimitFromCrossing) - At r = 217.000000:	delta(nll) = 0.09498

CascadeMinimizer.cc[188] : (in function: improveOnce) - Minimization configured with Type=Minuit2, Algo=Migrad, strategy=0, tolerance=0.1
CascadeMinimizer.cc[215] : (in function: improveOnce) - Minimization finished with status=0
CascadeMinimizer.cc[219] : (in function: improveOnce) - Minimization success! status=0
AsymptoticLimits.cc[552] : (in function: findExpectedLimitFromCrossing) - At r = 218.000000:	delta(nll) = 0.09594

CascadeMinimizer.cc[188] : (in function: improveOnce) - Minimization configured with Type=Minuit2, Algo=Migrad, strategy=0, tolerance=0.1
CascadeMinimizer.cc[215] : (in function: improveOnce) - Minimization finished with status=0
CascadeMinimizer.cc[219] : (in function: improveOnce) - Minimization success! status=0
AsymptoticLimits.cc[552] : (in function: findExpectedLimitFromCrossing) - At r = 219.000000:	delta(nll) = 0.09673

CascadeMinimizer.cc[188] : (in function: improveOnce) - Minimization configured with Type=Minuit2, Algo=Migrad, strategy=0, tolerance=0.1
CascadeMinimizer.cc[215] : (in function: improveOnce) - Minimization finished with status=0
CascadeMinimizer.cc[219] : (in function: improveOnce) - Minimization success! status=0
AsymptoticLimits.cc[552] : (in function: findExpectedLimitFromCrossing) - At r = 220.000000:	delta(nll) = 0.09769

CascadeMinimizer.cc[188] : (in function: improveOnce) - Minimization configured with Type=Minuit2, Algo=Migrad, strategy=0, tolerance=0.1
CascadeMinimizer.cc[215] : (in function: improveOnce) - Minimization finished with status=0
CascadeMinimizer.cc[219] : (in function: improveOnce) - Minimization success! status=0
AsymptoticLimits.cc[552] : (in function: findExpectedLimitFromCrossing) - At r = 221.000000:	delta(nll) = 0.09851

CascadeMinimizer.cc[188] : (in function: improveOnce) - Minimization configured with Type=Minuit2, Algo=Migrad, strategy=0, tolerance=0.1
CascadeMinimizer.cc[215] : (in function: improveOnce) - Minimization finished with status=0
CascadeMinimizer.cc[219] : (in function: improveOnce) - Minimization success! status=0
AsymptoticLimits.cc[552] : (in function: findExpectedLimitFromCrossing) - At r = 222.000000:	delta(nll) = 0.09948

CascadeMinimizer.cc[188] : (in function: improveOnce) - Minimization configured with Type=Minuit2, Algo=Migrad, strategy=0, tolerance=0.1
CascadeMinimizer.cc[215] : (in function: improveOnce) - Minimization finished with status=0
CascadeMinimizer.cc[219] : (in function: improveOnce) - Minimization success! status=0
AsymptoticLimits.cc[552] : (in function: findExpectedLimitFromCrossing) - At r = 223.000000:	delta(nll) = 0.10027

CascadeMinimizer.cc[188] : (in function: improveOnce) - Minimization configured with Type=Minuit2, Algo=Migrad, strategy=0, tolerance=0.1
CascadeMinimizer.cc[215] : (in function: improveOnce) - Minimization finished with status=0
CascadeMinimizer.cc[219] : (in function: improveOnce) - Minimization success! status=0
AsymptoticLimits.cc[552] : (in function: findExpectedLimitFromCrossing) - At r = 224.000000:	delta(nll) = 0.10123

CascadeMinimizer.cc[188] : (in function: improveOnce) - Minimization configured with Type=Minuit2, Algo=Migrad, strategy=0, tolerance=0.1
CascadeMinimizer.cc[215] : (in function: improveOnce) - Minimization finished with status=0
CascadeMinimizer.cc[219] : (in function: improveOnce) - Minimization success! status=0
AsymptoticLimits.cc[552] : (in function: findExpectedLimitFromCrossing) - At r = 225.000000:	delta(nll) = 0.10204

CascadeMinimizer.cc[188] : (in function: improveOnce) - Minimization configured with Type=Minuit2, Algo=Migrad, strategy=0, tolerance=0.1
CascadeMinimizer.cc[215] : (in function: improveOnce) - Minimization finished with status=0
CascadeMinimizer.cc[219] : (in function: improveOnce) - Minimization success! status=0
AsymptoticLimits.cc[552] : (in function: findExpectedLimitFromCrossing) - At r = 226.000000:	delta(nll) = 0.10302

CascadeMinimizer.cc[188] : (in function: improveOnce) - Minimization configured with Type=Minuit2, Algo=Migrad, strategy=0, tolerance=0.1
CascadeMinimizer.cc[215] : (in function: improveOnce) - Minimization finished with status=0
CascadeMinimizer.cc[219] : (in function: improveOnce) - Minimization success! status=0
AsymptoticLimits.cc[552] : (in function: findExpectedLimitFromCrossing) - At r = 227.000000:	delta(nll) = 0.10384

CascadeMinimizer.cc[188] : (in function: improveOnce) - Minimization configured with Type=Minuit2, Algo=Migrad, strategy=0, tolerance=0.1
CascadeMinimizer.cc[215] : (in function: improveOnce) - Minimization finished with status=0
CascadeMinimizer.cc[219] : (in function: improveOnce) - Minimization success! status=0
AsymptoticLimits.cc[552] : (in function: findExpectedLimitFromCrossing) - At r = 228.000000:	delta(nll) = 0.10483

CascadeMinimizer.cc[188] : (in function: improveOnce) - Minimization configured with Type=Minuit2, Algo=Migrad, strategy=0, tolerance=0.1
CascadeMinimizer.cc[215] : (in function: improveOnce) - Minimization finished with status=0
CascadeMinimizer.cc[219] : (in function: improveOnce) - Minimization success! status=0
AsymptoticLimits.cc[552] : (in function: findExpectedLimitFromCrossing) - At r = 229.000000:	delta(nll) = 0.10568

CascadeMinimizer.cc[188] : (in function: improveOnce) - Minimization configured with Type=Minuit2, Algo=Migrad, strategy=0, tolerance=0.1
CascadeMinimizer.cc[215] : (in function: improveOnce) - Minimization finished with status=0
CascadeMinimizer.cc[219] : (in function: improveOnce) - Minimization success! status=0
AsymptoticLimits.cc[552] : (in function: findExpectedLimitFromCrossing) - At r = 230.000000:	delta(nll) = 0.10668

CascadeMinimizer.cc[188] : (in function: improveOnce) - Minimization configured with Type=Minuit2, Algo=Migrad, strategy=0, tolerance=0.1
CascadeMinimizer.cc[215] : (in function: improveOnce) - Minimization finished with status=0
CascadeMinimizer.cc[219] : (in function: improveOnce) - Minimization success! status=0
AsymptoticLimits.cc[552] : (in function: findExpectedLimitFromCrossing) - At r = 231.000000:	delta(nll) = 0.10752

CascadeMinimizer.cc[188] : (in function: improveOnce) - Minimization configured with Type=Minuit2, Algo=Migrad, strategy=0, tolerance=0.1
CascadeMinimizer.cc[215] : (in function: improveOnce) - Minimization finished with status=0
CascadeMinimizer.cc[219] : (in function: improveOnce) - Minimization success! status=0
AsymptoticLimits.cc[552] : (in function: findExpectedLimitFromCrossing) - At r = 232.000000:	delta(nll) = 0.10852

CascadeMinimizer.cc[188] : (in function: improveOnce) - Minimization configured with Type=Minuit2, Algo=Migrad, strategy=0, tolerance=0.1
CascadeMinimizer.cc[215] : (in function: improveOnce) - Minimization finished with status=0
CascadeMinimizer.cc[219] : (in function: improveOnce) - Minimization success! status=0
AsymptoticLimits.cc[552] : (in function: findExpectedLimitFromCrossing) - At r = 233.000000:	delta(nll) = 0.10939

CascadeMinimizer.cc[188] : (in function: improveOnce) - Minimization configured with Type=Minuit2, Algo=Migrad, strategy=0, tolerance=0.1
CascadeMinimizer.cc[215] : (in function: improveOnce) - Minimization finished with status=0
CascadeMinimizer.cc[219] : (in function: improveOnce) - Minimization success! status=0
AsymptoticLimits.cc[552] : (in function: findExpectedLimitFromCrossing) - At r = 234.000000:	delta(nll) = 0.11042

CascadeMinimizer.cc[188] : (in function: improveOnce) - Minimization configured with Type=Minuit2, Algo=Migrad, strategy=0, tolerance=0.1
CascadeMinimizer.cc[215] : (in function: improveOnce) - Minimization finished with status=0
CascadeMinimizer.cc[219] : (in function: improveOnce) - Minimization success! status=0
AsymptoticLimits.cc[552] : (in function: findExpectedLimitFromCrossing) - At r = 235.000000:	delta(nll) = 0.11126

CascadeMinimizer.cc[188] : (in function: improveOnce) - Minimization configured with Type=Minuit2, Algo=Migrad, strategy=0, tolerance=0.1
CascadeMinimizer.cc[215] : (in function: improveOnce) - Minimization finished with status=0
CascadeMinimizer.cc[219] : (in function: improveOnce) - Minimization success! status=0
AsymptoticLimits.cc[552] : (in function: findExpectedLimitFromCrossing) - At r = 236.000000:	delta(nll) = 0.11227

CascadeMinimizer.cc[188] : (in function: improveOnce) - Minimization configured with Type=Minuit2, Algo=Migrad, strategy=0, tolerance=0.1
CascadeMinimizer.cc[215] : (in function: improveOnce) - Minimization finished with status=0
CascadeMinimizer.cc[219] : (in function: improveOnce) - Minimization success! status=0
AsymptoticLimits.cc[552] : (in function: findExpectedLimitFromCrossing) - At r = 237.000000:	delta(nll) = 0.11314

CascadeMinimizer.cc[188] : (in function: improveOnce) - Minimization configured with Type=Minuit2, Algo=Migrad, strategy=0, tolerance=0.1
CascadeMinimizer.cc[215] : (in function: improveOnce) - Minimization finished with status=0
CascadeMinimizer.cc[219] : (in function: improveOnce) - Minimization success! status=0
AsymptoticLimits.cc[552] : (in function: findExpectedLimitFromCrossing) - At r = 238.000000:	delta(nll) = 0.11418

CascadeMinimizer.cc[188] : (in function: improveOnce) - Minimization configured with Type=Minuit2, Algo=Migrad, strategy=0, tolerance=0.1
CascadeMinimizer.cc[215] : (in function: improveOnce) - Minimization finished with status=0
CascadeMinimizer.cc[219] : (in function: improveOnce) - Minimization success! status=0
AsymptoticLimits.cc[552] : (in function: findExpectedLimitFromCrossing) - At r = 239.000000:	delta(nll) = 0.11503

CascadeMinimizer.cc[188] : (in function: improveOnce) - Minimization configured with Type=Minuit2, Algo=Migrad, strategy=0, tolerance=0.1
CascadeMinimizer.cc[215] : (in function: improveOnce) - Minimization finished with status=0
CascadeMinimizer.cc[219] : (in function: improveOnce) - Minimization success! status=0
AsymptoticLimits.cc[552] : (in function: findExpectedLimitFromCrossing) - At r = 240.000000:	delta(nll) = 0.11607

CascadeMinimizer.cc[188] : (in function: improveOnce) - Minimization configured with Type=Minuit2, Algo=Migrad, strategy=0, tolerance=0.1
CascadeMinimizer.cc[215] : (in function: improveOnce) - Minimization finished with status=0
CascadeMinimizer.cc[219] : (in function: improveOnce) - Minimization success! status=0
AsymptoticLimits.cc[552] : (in function: findExpectedLimitFromCrossing) - At r = 241.000000:	delta(nll) = 0.11696

CascadeMinimizer.cc[188] : (in function: improveOnce) - Minimization configured with Type=Minuit2, Algo=Migrad, strategy=0, tolerance=0.1
CascadeMinimizer.cc[215] : (in function: improveOnce) - Minimization finished with status=0
CascadeMinimizer.cc[219] : (in function: improveOnce) - Minimization success! status=0
AsymptoticLimits.cc[552] : (in function: findExpectedLimitFromCrossing) - At r = 242.000000:	delta(nll) = 0.11801

CascadeMinimizer.cc[188] : (in function: improveOnce) - Minimization configured with Type=Minuit2, Algo=Migrad, strategy=0, tolerance=0.1
CascadeMinimizer.cc[215] : (in function: improveOnce) - Minimization finished with status=0
CascadeMinimizer.cc[219] : (in function: improveOnce) - Minimization success! status=0
AsymptoticLimits.cc[552] : (in function: findExpectedLimitFromCrossing) - At r = 243.000000:	delta(nll) = 0.11889

CascadeMinimizer.cc[188] : (in function: improveOnce) - Minimization configured with Type=Minuit2, Algo=Migrad, strategy=0, tolerance=0.1
CascadeMinimizer.cc[215] : (in function: improveOnce) - Minimization finished with status=0
CascadeMinimizer.cc[219] : (in function: improveOnce) - Minimization success! status=0
AsymptoticLimits.cc[552] : (in function: findExpectedLimitFromCrossing) - At r = 244.000000:	delta(nll) = 0.11994

CascadeMinimizer.cc[188] : (in function: improveOnce) - Minimization configured with Type=Minuit2, Algo=Migrad, strategy=0, tolerance=0.1
CascadeMinimizer.cc[215] : (in function: improveOnce) - Minimization finished with status=0
CascadeMinimizer.cc[219] : (in function: improveOnce) - Minimization success! status=0
AsymptoticLimits.cc[552] : (in function: findExpectedLimitFromCrossing) - At r = 245.000000:	delta(nll) = 0.12085

CascadeMinimizer.cc[188] : (in function: improveOnce) - Minimization configured with Type=Minuit2, Algo=Migrad, strategy=0, tolerance=0.1
CascadeMinimizer.cc[215] : (in function: improveOnce) - Minimization finished with status=0
CascadeMinimizer.cc[219] : (in function: improveOnce) - Minimization success! status=0
AsymptoticLimits.cc[552] : (in function: findExpectedLimitFromCrossing) - At r = 246.000000:	delta(nll) = 0.12192

CascadeMinimizer.cc[188] : (in function: improveOnce) - Minimization configured with Type=Minuit2, Algo=Migrad, strategy=0, tolerance=0.1
CascadeMinimizer.cc[215] : (in function: improveOnce) - Minimization finished with status=0
CascadeMinimizer.cc[219] : (in function: improveOnce) - Minimization success! status=0
AsymptoticLimits.cc[552] : (in function: findExpectedLimitFromCrossing) - At r = 247.000000:	delta(nll) = 0.12284

CascadeMinimizer.cc[188] : (in function: improveOnce) - Minimization configured with Type=Minuit2, Algo=Migrad, strategy=0, tolerance=0.1
CascadeMinimizer.cc[215] : (in function: improveOnce) - Minimization finished with status=0
CascadeMinimizer.cc[219] : (in function: improveOnce) - Minimization success! status=0
AsymptoticLimits.cc[552] : (in function: findExpectedLimitFromCrossing) - At r = 248.000000:	delta(nll) = 0.12391

CascadeMinimizer.cc[188] : (in function: improveOnce) - Minimization configured with Type=Minuit2, Algo=Migrad, strategy=0, tolerance=0.1
CascadeMinimizer.cc[215] : (in function: improveOnce) - Minimization finished with status=0
CascadeMinimizer.cc[219] : (in function: improveOnce) - Minimization success! status=0
AsymptoticLimits.cc[552] : (in function: findExpectedLimitFromCrossing) - At r = 249.000000:	delta(nll) = 0.12483

CascadeMinimizer.cc[188] : (in function: improveOnce) - Minimization configured with Type=Minuit2, Algo=Migrad, strategy=0, tolerance=0.1
CascadeMinimizer.cc[215] : (in function: improveOnce) - Minimization finished with status=0
CascadeMinimizer.cc[219] : (in function: improveOnce) - Minimization success! status=0
AsymptoticLimits.cc[552] : (in function: findExpectedLimitFromCrossing) - At r = 250.000000:	delta(nll) = 0.12591

CascadeMinimizer.cc[188] : (in function: improveOnce) - Minimization configured with Type=Minuit2, Algo=Migrad, strategy=0, tolerance=0.1
CascadeMinimizer.cc[215] : (in function: improveOnce) - Minimization finished with status=0
CascadeMinimizer.cc[219] : (in function: improveOnce) - Minimization success! status=0
AsymptoticLimits.cc[552] : (in function: findExpectedLimitFromCrossing) - At r = 251.000000:	delta(nll) = 0.12684

CascadeMinimizer.cc[188] : (in function: improveOnce) - Minimization configured with Type=Minuit2, Algo=Migrad, strategy=0, tolerance=0.1
CascadeMinimizer.cc[215] : (in function: improveOnce) - Minimization finished with status=0
CascadeMinimizer.cc[219] : (in function: improveOnce) - Minimization success! status=0
AsymptoticLimits.cc[552] : (in function: findExpectedLimitFromCrossing) - At r = 252.000000:	delta(nll) = 0.12793

CascadeMinimizer.cc[188] : (in function: improveOnce) - Minimization configured with Type=Minuit2, Algo=Migrad, strategy=0, tolerance=0.1
CascadeMinimizer.cc[215] : (in function: improveOnce) - Minimization finished with status=0
CascadeMinimizer.cc[219] : (in function: improveOnce) - Minimization success! status=0
AsymptoticLimits.cc[552] : (in function: findExpectedLimitFromCrossing) - At r = 253.000000:	delta(nll) = 0.12886

CascadeMinimizer.cc[188] : (in function: improveOnce) - Minimization configured with Type=Minuit2, Algo=Migrad, strategy=0, tolerance=0.1
CascadeMinimizer.cc[215] : (in function: improveOnce) - Minimization finished with status=0
CascadeMinimizer.cc[219] : (in function: improveOnce) - Minimization success! status=0
AsymptoticLimits.cc[552] : (in function: findExpectedLimitFromCrossing) - At r = 254.000000:	delta(nll) = 0.12996

CascadeMinimizer.cc[188] : (in function: improveOnce) - Minimization configured with Type=Minuit2, Algo=Migrad, strategy=0, tolerance=0.1
CascadeMinimizer.cc[215] : (in function: improveOnce) - Minimization finished with status=0
CascadeMinimizer.cc[219] : (in function: improveOnce) - Minimization success! status=0
AsymptoticLimits.cc[552] : (in function: findExpectedLimitFromCrossing) - At r = 255.000000:	delta(nll) = 0.13088

CascadeMinimizer.cc[188] : (in function: improveOnce) - Minimization configured with Type=Minuit2, Algo=Migrad, strategy=0, tolerance=0.1
CascadeMinimizer.cc[215] : (in function: improveOnce) - Minimization finished with status=0
CascadeMinimizer.cc[219] : (in function: improveOnce) - Minimization success! status=0
AsymptoticLimits.cc[552] : (in function: findExpectedLimitFromCrossing) - At r = 256.000000:	delta(nll) = 0.13198

CascadeMinimizer.cc[188] : (in function: improveOnce) - Minimization configured with Type=Minuit2, Algo=Migrad, strategy=0, tolerance=0.1
CascadeMinimizer.cc[215] : (in function: improveOnce) - Minimization finished with status=0
CascadeMinimizer.cc[219] : (in function: improveOnce) - Minimization success! status=0
AsymptoticLimits.cc[552] : (in function: findExpectedLimitFromCrossing) - At r = 257.000000:	delta(nll) = 0.13293

CascadeMinimizer.cc[188] : (in function: improveOnce) - Minimization configured with Type=Minuit2, Algo=Migrad, strategy=0, tolerance=0.1
CascadeMinimizer.cc[215] : (in function: improveOnce) - Minimization finished with status=0
CascadeMinimizer.cc[219] : (in function: improveOnce) - Minimization success! status=0
AsymptoticLimits.cc[552] : (in function: findExpectedLimitFromCrossing) - At r = 258.000000:	delta(nll) = 0.13404

CascadeMinimizer.cc[188] : (in function: improveOnce) - Minimization configured with Type=Minuit2, Algo=Migrad, strategy=0, tolerance=0.1
CascadeMinimizer.cc[215] : (in function: improveOnce) - Minimization finished with status=0
CascadeMinimizer.cc[219] : (in function: improveOnce) - Minimization success! status=0
AsymptoticLimits.cc[552] : (in function: findExpectedLimitFromCrossing) - At r = 259.000000:	delta(nll) = 0.13501

CascadeMinimizer.cc[188] : (in function: improveOnce) - Minimization configured with Type=Minuit2, Algo=Migrad, strategy=0, tolerance=0.1
CascadeMinimizer.cc[215] : (in function: improveOnce) - Minimization finished with status=0
CascadeMinimizer.cc[219] : (in function: improveOnce) - Minimization success! status=0
AsymptoticLimits.cc[552] : (in function: findExpectedLimitFromCrossing) - At r = 260.000000:	delta(nll) = 0.13614

CascadeMinimizer.cc[188] : (in function: improveOnce) - Minimization configured with Type=Minuit2, Algo=Migrad, strategy=0, tolerance=0.1
CascadeMinimizer.cc[215] : (in function: improveOnce) - Minimization finished with status=0
CascadeMinimizer.cc[219] : (in function: improveOnce) - Minimization success! status=0
AsymptoticLimits.cc[552] : (in function: findExpectedLimitFromCrossing) - At r = 261.000000:	delta(nll) = 0.13709

CascadeMinimizer.cc[188] : (in function: improveOnce) - Minimization configured with Type=Minuit2, Algo=Migrad, strategy=0, tolerance=0.1
CascadeMinimizer.cc[215] : (in function: improveOnce) - Minimization finished with status=0
CascadeMinimizer.cc[219] : (in function: improveOnce) - Minimization success! status=0
AsymptoticLimits.cc[552] : (in function: findExpectedLimitFromCrossing) - At r = 262.000000:	delta(nll) = 0.13821

CascadeMinimizer.cc[188] : (in function: improveOnce) - Minimization configured with Type=Minuit2, Algo=Migrad, strategy=0, tolerance=0.1
CascadeMinimizer.cc[215] : (in function: improveOnce) - Minimization finished with status=0
CascadeMinimizer.cc[219] : (in function: improveOnce) - Minimization success! status=0
AsymptoticLimits.cc[552] : (in function: findExpectedLimitFromCrossing) - At r = 263.000000:	delta(nll) = 0.13919

CascadeMinimizer.cc[188] : (in function: improveOnce) - Minimization configured with Type=Minuit2, Algo=Migrad, strategy=0, tolerance=0.1
CascadeMinimizer.cc[215] : (in function: improveOnce) - Minimization finished with status=0
CascadeMinimizer.cc[219] : (in function: improveOnce) - Minimization success! status=0
AsymptoticLimits.cc[552] : (in function: findExpectedLimitFromCrossing) - At r = 264.000000:	delta(nll) = 0.14033

CascadeMinimizer.cc[188] : (in function: improveOnce) - Minimization configured with Type=Minuit2, Algo=Migrad, strategy=0, tolerance=0.1
CascadeMinimizer.cc[215] : (in function: improveOnce) - Minimization finished with status=0
CascadeMinimizer.cc[219] : (in function: improveOnce) - Minimization success! status=0
AsymptoticLimits.cc[552] : (in function: findExpectedLimitFromCrossing) - At r = 265.000000:	delta(nll) = 0.14129

CascadeMinimizer.cc[188] : (in function: improveOnce) - Minimization configured with Type=Minuit2, Algo=Migrad, strategy=0, tolerance=0.1
CascadeMinimizer.cc[215] : (in function: improveOnce) - Minimization finished with status=0
CascadeMinimizer.cc[219] : (in function: improveOnce) - Minimization success! status=0
AsymptoticLimits.cc[552] : (in function: findExpectedLimitFromCrossing) - At r = 266.000000:	delta(nll) = 0.14242

CascadeMinimizer.cc[188] : (in function: improveOnce) - Minimization configured with Type=Minuit2, Algo=Migrad, strategy=0, tolerance=0.1
CascadeMinimizer.cc[215] : (in function: improveOnce) - Minimization finished with status=0
CascadeMinimizer.cc[219] : (in function: improveOnce) - Minimization success! status=0
AsymptoticLimits.cc[552] : (in function: findExpectedLimitFromCrossing) - At r = 267.000000:	delta(nll) = 0.14341

CascadeMinimizer.cc[188] : (in function: improveOnce) - Minimization configured with Type=Minuit2, Algo=Migrad, strategy=0, tolerance=0.1
CascadeMinimizer.cc[215] : (in function: improveOnce) - Minimization finished with status=0
CascadeMinimizer.cc[219] : (in function: improveOnce) - Minimization success! status=0
AsymptoticLimits.cc[552] : (in function: findExpectedLimitFromCrossing) - At r = 268.000000:	delta(nll) = 0.14456

CascadeMinimizer.cc[188] : (in function: improveOnce) - Minimization configured with Type=Minuit2, Algo=Migrad, strategy=0, tolerance=0.1
CascadeMinimizer.cc[215] : (in function: improveOnce) - Minimization finished with status=0
CascadeMinimizer.cc[219] : (in function: improveOnce) - Minimization success! status=0
AsymptoticLimits.cc[552] : (in function: findExpectedLimitFromCrossing) - At r = 269.000000:	delta(nll) = 0.14555

CascadeMinimizer.cc[188] : (in function: improveOnce) - Minimization configured with Type=Minuit2, Algo=Migrad, strategy=0, tolerance=0.1
CascadeMinimizer.cc[215] : (in function: improveOnce) - Minimization finished with status=0
CascadeMinimizer.cc[219] : (in function: improveOnce) - Minimization success! status=0
AsymptoticLimits.cc[552] : (in function: findExpectedLimitFromCrossing) - At r = 270.000000:	delta(nll) = 0.14671

CascadeMinimizer.cc[188] : (in function: improveOnce) - Minimization configured with Type=Minuit2, Algo=Migrad, strategy=0, tolerance=0.1
CascadeMinimizer.cc[215] : (in function: improveOnce) - Minimization finished with status=0
CascadeMinimizer.cc[219] : (in function: improveOnce) - Minimization success! status=0
AsymptoticLimits.cc[552] : (in function: findExpectedLimitFromCrossing) - At r = 271.000000:	delta(nll) = 0.14771

CascadeMinimizer.cc[188] : (in function: improveOnce) - Minimization configured with Type=Minuit2, Algo=Migrad, strategy=0, tolerance=0.1
CascadeMinimizer.cc[215] : (in function: improveOnce) - Minimization finished with status=0
CascadeMinimizer.cc[219] : (in function: improveOnce) - Minimization success! status=0
AsymptoticLimits.cc[552] : (in function: findExpectedLimitFromCrossing) - At r = 272.000000:	delta(nll) = 0.14888

CascadeMinimizer.cc[188] : (in function: improveOnce) - Minimization configured with Type=Minuit2, Algo=Migrad, strategy=0, tolerance=0.1
CascadeMinimizer.cc[215] : (in function: improveOnce) - Minimization finished with status=0
CascadeMinimizer.cc[219] : (in function: improveOnce) - Minimization success! status=0
AsymptoticLimits.cc[552] : (in function: findExpectedLimitFromCrossing) - At r = 273.000000:	delta(nll) = 0.14989

CascadeMinimizer.cc[188] : (in function: improveOnce) - Minimization configured with Type=Minuit2, Algo=Migrad, strategy=0, tolerance=0.1
CascadeMinimizer.cc[215] : (in function: improveOnce) - Minimization finished with status=0
CascadeMinimizer.cc[219] : (in function: improveOnce) - Minimization success! status=0
AsymptoticLimits.cc[552] : (in function: findExpectedLimitFromCrossing) - At r = 274.000000:	delta(nll) = 0.15106

CascadeMinimizer.cc[188] : (in function: improveOnce) - Minimization configured with Type=Minuit2, Algo=Migrad, strategy=0, tolerance=0.1
CascadeMinimizer.cc[215] : (in function: improveOnce) - Minimization finished with status=0
CascadeMinimizer.cc[219] : (in function: improveOnce) - Minimization success! status=0
AsymptoticLimits.cc[552] : (in function: findExpectedLimitFromCrossing) - At r = 275.000000:	delta(nll) = 0.15210

CascadeMinimizer.cc[188] : (in function: improveOnce) - Minimization configured with Type=Minuit2, Algo=Migrad, strategy=0, tolerance=0.1
CascadeMinimizer.cc[215] : (in function: improveOnce) - Minimization finished with status=0
CascadeMinimizer.cc[219] : (in function: improveOnce) - Minimization success! status=0
AsymptoticLimits.cc[552] : (in function: findExpectedLimitFromCrossing) - At r = 276.000000:	delta(nll) = 0.15328

CascadeMinimizer.cc[188] : (in function: improveOnce) - Minimization configured with Type=Minuit2, Algo=Migrad, strategy=0, tolerance=0.1
CascadeMinimizer.cc[215] : (in function: improveOnce) - Minimization finished with status=0
CascadeMinimizer.cc[219] : (in function: improveOnce) - Minimization success! status=0
AsymptoticLimits.cc[552] : (in function: findExpectedLimitFromCrossing) - At r = 277.000000:	delta(nll) = 0.15431

CascadeMinimizer.cc[188] : (in function: improveOnce) - Minimization configured with Type=Minuit2, Algo=Migrad, strategy=0, tolerance=0.1
CascadeMinimizer.cc[215] : (in function: improveOnce) - Minimization finished with status=0
CascadeMinimizer.cc[219] : (in function: improveOnce) - Minimization success! status=0
AsymptoticLimits.cc[552] : (in function: findExpectedLimitFromCrossing) - At r = 278.000000:	delta(nll) = 0.15550

CascadeMinimizer.cc[188] : (in function: improveOnce) - Minimization configured with Type=Minuit2, Algo=Migrad, strategy=0, tolerance=0.1
CascadeMinimizer.cc[215] : (in function: improveOnce) - Minimization finished with status=0
CascadeMinimizer.cc[219] : (in function: improveOnce) - Minimization success! status=0
AsymptoticLimits.cc[552] : (in function: findExpectedLimitFromCrossing) - At r = 279.000000:	delta(nll) = 0.15652

CascadeMinimizer.cc[188] : (in function: improveOnce) - Minimization configured with Type=Minuit2, Algo=Migrad, strategy=0, tolerance=0.1
CascadeMinimizer.cc[215] : (in function: improveOnce) - Minimization finished with status=0
CascadeMinimizer.cc[219] : (in function: improveOnce) - Minimization success! status=0
AsymptoticLimits.cc[552] : (in function: findExpectedLimitFromCrossing) - At r = 280.000000:	delta(nll) = 0.15771

CascadeMinimizer.cc[188] : (in function: improveOnce) - Minimization configured with Type=Minuit2, Algo=Migrad, strategy=0, tolerance=0.1
CascadeMinimizer.cc[215] : (in function: improveOnce) - Minimization finished with status=0
CascadeMinimizer.cc[219] : (in function: improveOnce) - Minimization success! status=0
AsymptoticLimits.cc[552] : (in function: findExpectedLimitFromCrossing) - At r = 281.000000:	delta(nll) = 0.15876

CascadeMinimizer.cc[188] : (in function: improveOnce) - Minimization configured with Type=Minuit2, Algo=Migrad, strategy=0, tolerance=0.1
CascadeMinimizer.cc[215] : (in function: improveOnce) - Minimization finished with status=0
CascadeMinimizer.cc[219] : (in function: improveOnce) - Minimization success! status=0
AsymptoticLimits.cc[552] : (in function: findExpectedLimitFromCrossing) - At r = 282.000000:	delta(nll) = 0.15997

CascadeMinimizer.cc[188] : (in function: improveOnce) - Minimization configured with Type=Minuit2, Algo=Migrad, strategy=0, tolerance=0.1
CascadeMinimizer.cc[215] : (in function: improveOnce) - Minimization finished with status=0
CascadeMinimizer.cc[219] : (in function: improveOnce) - Minimization success! status=0
AsymptoticLimits.cc[552] : (in function: findExpectedLimitFromCrossing) - At r = 283.000000:	delta(nll) = 0.16102

CascadeMinimizer.cc[188] : (in function: improveOnce) - Minimization configured with Type=Minuit2, Algo=Migrad, strategy=0, tolerance=0.1
CascadeMinimizer.cc[215] : (in function: improveOnce) - Minimization finished with status=0
CascadeMinimizer.cc[219] : (in function: improveOnce) - Minimization success! status=0
AsymptoticLimits.cc[552] : (in function: findExpectedLimitFromCrossing) - At r = 284.000000:	delta(nll) = 0.16224

CascadeMinimizer.cc[188] : (in function: improveOnce) - Minimization configured with Type=Minuit2, Algo=Migrad, strategy=0, tolerance=0.1
CascadeMinimizer.cc[215] : (in function: improveOnce) - Minimization finished with status=0
CascadeMinimizer.cc[219] : (in function: improveOnce) - Minimization success! status=0
AsymptoticLimits.cc[552] : (in function: findExpectedLimitFromCrossing) - At r = 285.000000:	delta(nll) = 0.16330

CascadeMinimizer.cc[188] : (in function: improveOnce) - Minimization configured with Type=Minuit2, Algo=Migrad, strategy=0, tolerance=0.1
CascadeMinimizer.cc[215] : (in function: improveOnce) - Minimization finished with status=0
CascadeMinimizer.cc[219] : (in function: improveOnce) - Minimization success! status=0
AsymptoticLimits.cc[552] : (in function: findExpectedLimitFromCrossing) - At r = 286.000000:	delta(nll) = 0.16452

CascadeMinimizer.cc[188] : (in function: improveOnce) - Minimization configured with Type=Minuit2, Algo=Migrad, strategy=0, tolerance=0.1
CascadeMinimizer.cc[215] : (in function: improveOnce) - Minimization finished with status=0
CascadeMinimizer.cc[219] : (in function: improveOnce) - Minimization success! status=0
AsymptoticLimits.cc[552] : (in function: findExpectedLimitFromCrossing) - At r = 287.000000:	delta(nll) = 0.16558

CascadeMinimizer.cc[188] : (in function: improveOnce) - Minimization configured with Type=Minuit2, Algo=Migrad, strategy=0, tolerance=0.1
CascadeMinimizer.cc[215] : (in function: improveOnce) - Minimization finished with status=0
CascadeMinimizer.cc[219] : (in function: improveOnce) - Minimization success! status=0
AsymptoticLimits.cc[552] : (in function: findExpectedLimitFromCrossing) - At r = 288.000000:	delta(nll) = 0.16681

CascadeMinimizer.cc[188] : (in function: improveOnce) - Minimization configured with Type=Minuit2, Algo=Migrad, strategy=0, tolerance=0.1
CascadeMinimizer.cc[215] : (in function: improveOnce) - Minimization finished with status=0
CascadeMinimizer.cc[219] : (in function: improveOnce) - Minimization success! status=0
AsymptoticLimits.cc[552] : (in function: findExpectedLimitFromCrossing) - At r = 289.000000:	delta(nll) = 0.16790

CascadeMinimizer.cc[188] : (in function: improveOnce) - Minimization configured with Type=Minuit2, Algo=Migrad, strategy=0, tolerance=0.1
CascadeMinimizer.cc[215] : (in function: improveOnce) - Minimization finished with status=0
CascadeMinimizer.cc[219] : (in function: improveOnce) - Minimization success! status=0
AsymptoticLimits.cc[552] : (in function: findExpectedLimitFromCrossing) - At r = 290.000000:	delta(nll) = 0.16914

CascadeMinimizer.cc[188] : (in function: improveOnce) - Minimization configured with Type=Minuit2, Algo=Migrad, strategy=0, tolerance=0.1
CascadeMinimizer.cc[215] : (in function: improveOnce) - Minimization finished with status=0
CascadeMinimizer.cc[219] : (in function: improveOnce) - Minimization success! status=0
AsymptoticLimits.cc[552] : (in function: findExpectedLimitFromCrossing) - At r = 291.000000:	delta(nll) = 0.17022

CascadeMinimizer.cc[188] : (in function: improveOnce) - Minimization configured with Type=Minuit2, Algo=Migrad, strategy=0, tolerance=0.1
CascadeMinimizer.cc[215] : (in function: improveOnce) - Minimization finished with status=0
CascadeMinimizer.cc[219] : (in function: improveOnce) - Minimization success! status=0
AsymptoticLimits.cc[552] : (in function: findExpectedLimitFromCrossing) - At r = 292.000000:	delta(nll) = 0.17147

CascadeMinimizer.cc[188] : (in function: improveOnce) - Minimization configured with Type=Minuit2, Algo=Migrad, strategy=0, tolerance=0.1
CascadeMinimizer.cc[215] : (in function: improveOnce) - Minimization finished with status=0
CascadeMinimizer.cc[219] : (in function: improveOnce) - Minimization success! status=0
AsymptoticLimits.cc[552] : (in function: findExpectedLimitFromCrossing) - At r = 293.000000:	delta(nll) = 0.17256

CascadeMinimizer.cc[188] : (in function: improveOnce) - Minimization configured with Type=Minuit2, Algo=Migrad, strategy=0, tolerance=0.1
CascadeMinimizer.cc[215] : (in function: improveOnce) - Minimization finished with status=0
CascadeMinimizer.cc[219] : (in function: improveOnce) - Minimization success! status=0
AsymptoticLimits.cc[552] : (in function: findExpectedLimitFromCrossing) - At r = 294.000000:	delta(nll) = 0.17381

CascadeMinimizer.cc[188] : (in function: improveOnce) - Minimization configured with Type=Minuit2, Algo=Migrad, strategy=0, tolerance=0.1
CascadeMinimizer.cc[215] : (in function: improveOnce) - Minimization finished with status=0
CascadeMinimizer.cc[219] : (in function: improveOnce) - Minimization success! status=0
AsymptoticLimits.cc[552] : (in function: findExpectedLimitFromCrossing) - At r = 295.000000:	delta(nll) = 0.17491

CascadeMinimizer.cc[188] : (in function: improveOnce) - Minimization configured with Type=Minuit2, Algo=Migrad, strategy=0, tolerance=0.1
CascadeMinimizer.cc[215] : (in function: improveOnce) - Minimization finished with status=0
CascadeMinimizer.cc[219] : (in function: improveOnce) - Minimization success! status=0
AsymptoticLimits.cc[552] : (in function: findExpectedLimitFromCrossing) - At r = 296.000000:	delta(nll) = 0.17618

CascadeMinimizer.cc[188] : (in function: improveOnce) - Minimization configured with Type=Minuit2, Algo=Migrad, strategy=0, tolerance=0.1
CascadeMinimizer.cc[215] : (in function: improveOnce) - Minimization finished with status=0
CascadeMinimizer.cc[219] : (in function: improveOnce) - Minimization success! status=0
AsymptoticLimits.cc[552] : (in function: findExpectedLimitFromCrossing) - At r = 297.000000:	delta(nll) = 0.17729

CascadeMinimizer.cc[188] : (in function: improveOnce) - Minimization configured with Type=Minuit2, Algo=Migrad, strategy=0, tolerance=0.1
CascadeMinimizer.cc[215] : (in function: improveOnce) - Minimization finished with status=0
CascadeMinimizer.cc[219] : (in function: improveOnce) - Minimization success! status=0
AsymptoticLimits.cc[552] : (in function: findExpectedLimitFromCrossing) - At r = 298.000000:	delta(nll) = 0.17855

CascadeMinimizer.cc[188] : (in function: improveOnce) - Minimization configured with Type=Minuit2, Algo=Migrad, strategy=0, tolerance=0.1
CascadeMinimizer.cc[215] : (in function: improveOnce) - Minimization finished with status=0
CascadeMinimizer.cc[219] : (in function: improveOnce) - Minimization success! status=0
AsymptoticLimits.cc[552] : (in function: findExpectedLimitFromCrossing) - At r = 299.000000:	delta(nll) = 0.17965

CascadeMinimizer.cc[188] : (in function: improveOnce) - Minimization configured with Type=Minuit2, Algo=Migrad, strategy=0, tolerance=0.1
CascadeMinimizer.cc[215] : (in function: improveOnce) - Minimization finished with status=0
CascadeMinimizer.cc[219] : (in function: improveOnce) - Minimization success! status=0
AsymptoticLimits.cc[552] : (in function: findExpectedLimitFromCrossing) - At r = 300.000000:	delta(nll) = 0.18093

CascadeMinimizer.cc[188] : (in function: improveOnce) - Minimization configured with Type=Minuit2, Algo=Migrad, strategy=0, tolerance=0.1
CascadeMinimizer.cc[215] : (in function: improveOnce) - Minimization finished with status=0
CascadeMinimizer.cc[219] : (in function: improveOnce) - Minimization success! status=0
AsymptoticLimits.cc[552] : (in function: findExpectedLimitFromCrossing) - At r = 301.000000:	delta(nll) = 0.18207

CascadeMinimizer.cc[188] : (in function: improveOnce) - Minimization configured with Type=Minuit2, Algo=Migrad, strategy=0, tolerance=0.1
CascadeMinimizer.cc[215] : (in function: improveOnce) - Minimization finished with status=0
CascadeMinimizer.cc[219] : (in function: improveOnce) - Minimization success! status=0
AsymptoticLimits.cc[552] : (in function: findExpectedLimitFromCrossing) - At r = 302.000000:	delta(nll) = 0.18336

CascadeMinimizer.cc[188] : (in function: improveOnce) - Minimization configured with Type=Minuit2, Algo=Migrad, strategy=0, tolerance=0.1
CascadeMinimizer.cc[215] : (in function: improveOnce) - Minimization finished with status=0
CascadeMinimizer.cc[219] : (in function: improveOnce) - Minimization success! status=0
AsymptoticLimits.cc[552] : (in function: findExpectedLimitFromCrossing) - At r = 303.000000:	delta(nll) = 0.18449

CascadeMinimizer.cc[188] : (in function: improveOnce) - Minimization configured with Type=Minuit2, Algo=Migrad, strategy=0, tolerance=0.1
CascadeMinimizer.cc[215] : (in function: improveOnce) - Minimization finished with status=0
CascadeMinimizer.cc[219] : (in function: improveOnce) - Minimization success! status=0
AsymptoticLimits.cc[552] : (in function: findExpectedLimitFromCrossing) - At r = 304.000000:	delta(nll) = 0.18578

CascadeMinimizer.cc[188] : (in function: improveOnce) - Minimization configured with Type=Minuit2, Algo=Migrad, strategy=0, tolerance=0.1
CascadeMinimizer.cc[215] : (in function: improveOnce) - Minimization finished with status=0
CascadeMinimizer.cc[219] : (in function: improveOnce) - Minimization success! status=0
AsymptoticLimits.cc[552] : (in function: findExpectedLimitFromCrossing) - At r = 305.000000:	delta(nll) = 0.18692

CascadeMinimizer.cc[188] : (in function: improveOnce) - Minimization configured with Type=Minuit2, Algo=Migrad, strategy=0, tolerance=0.1
CascadeMinimizer.cc[215] : (in function: improveOnce) - Minimization finished with status=0
CascadeMinimizer.cc[219] : (in function: improveOnce) - Minimization success! status=0
AsymptoticLimits.cc[552] : (in function: findExpectedLimitFromCrossing) - At r = 306.000000:	delta(nll) = 0.18822

CascadeMinimizer.cc[188] : (in function: improveOnce) - Minimization configured with Type=Minuit2, Algo=Migrad, strategy=0, tolerance=0.1
CascadeMinimizer.cc[215] : (in function: improveOnce) - Minimization finished with status=0
CascadeMinimizer.cc[219] : (in function: improveOnce) - Minimization success! status=0
AsymptoticLimits.cc[552] : (in function: findExpectedLimitFromCrossing) - At r = 307.000000:	delta(nll) = 0.18938

CascadeMinimizer.cc[188] : (in function: improveOnce) - Minimization configured with Type=Minuit2, Algo=Migrad, strategy=0, tolerance=0.1
CascadeMinimizer.cc[215] : (in function: improveOnce) - Minimization finished with status=0
CascadeMinimizer.cc[219] : (in function: improveOnce) - Minimization success! status=0
AsymptoticLimits.cc[552] : (in function: findExpectedLimitFromCrossing) - At r = 308.000000:	delta(nll) = 0.19068

CascadeMinimizer.cc[188] : (in function: improveOnce) - Minimization configured with Type=Minuit2, Algo=Migrad, strategy=0, tolerance=0.1
CascadeMinimizer.cc[215] : (in function: improveOnce) - Minimization finished with status=0
CascadeMinimizer.cc[219] : (in function: improveOnce) - Minimization success! status=0
AsymptoticLimits.cc[552] : (in function: findExpectedLimitFromCrossing) - At r = 309.000000:	delta(nll) = 0.19184

CascadeMinimizer.cc[188] : (in function: improveOnce) - Minimization configured with Type=Minuit2, Algo=Migrad, strategy=0, tolerance=0.1
CascadeMinimizer.cc[215] : (in function: improveOnce) - Minimization finished with status=0
CascadeMinimizer.cc[219] : (in function: improveOnce) - Minimization success! status=0
AsymptoticLimits.cc[552] : (in function: findExpectedLimitFromCrossing) - At r = 310.000000:	delta(nll) = 0.19315

CascadeMinimizer.cc[188] : (in function: improveOnce) - Minimization configured with Type=Minuit2, Algo=Migrad, strategy=0, tolerance=0.1
CascadeMinimizer.cc[215] : (in function: improveOnce) - Minimization finished with status=0
CascadeMinimizer.cc[219] : (in function: improveOnce) - Minimization success! status=0
AsymptoticLimits.cc[552] : (in function: findExpectedLimitFromCrossing) - At r = 311.000000:	delta(nll) = 0.19433

CascadeMinimizer.cc[188] : (in function: improveOnce) - Minimization configured with Type=Minuit2, Algo=Migrad, strategy=0, tolerance=0.1
CascadeMinimizer.cc[215] : (in function: improveOnce) - Minimization finished with status=0
CascadeMinimizer.cc[219] : (in function: improveOnce) - Minimization success! status=0
AsymptoticLimits.cc[552] : (in function: findExpectedLimitFromCrossing) - At r = 312.000000:	delta(nll) = 0.19566

CascadeMinimizer.cc[188] : (in function: improveOnce) - Minimization configured with Type=Minuit2, Algo=Migrad, strategy=0, tolerance=0.1
CascadeMinimizer.cc[215] : (in function: improveOnce) - Minimization finished with status=0
CascadeMinimizer.cc[219] : (in function: improveOnce) - Minimization success! status=0
AsymptoticLimits.cc[552] : (in function: findExpectedLimitFromCrossing) - At r = 313.000000:	delta(nll) = 0.19685

CascadeMinimizer.cc[188] : (in function: improveOnce) - Minimization configured with Type=Minuit2, Algo=Migrad, strategy=0, tolerance=0.1
CascadeMinimizer.cc[215] : (in function: improveOnce) - Minimization finished with status=0
CascadeMinimizer.cc[219] : (in function: improveOnce) - Minimization success! status=0
AsymptoticLimits.cc[552] : (in function: findExpectedLimitFromCrossing) - At r = 314.000000:	delta(nll) = 0.19818

CascadeMinimizer.cc[188] : (in function: improveOnce) - Minimization configured with Type=Minuit2, Algo=Migrad, strategy=0, tolerance=0.1
CascadeMinimizer.cc[215] : (in function: improveOnce) - Minimization finished with status=0
CascadeMinimizer.cc[219] : (in function: improveOnce) - Minimization success! status=0
AsymptoticLimits.cc[552] : (in function: findExpectedLimitFromCrossing) - At r = 315.000000:	delta(nll) = 0.19938

CascadeMinimizer.cc[188] : (in function: improveOnce) - Minimization configured with Type=Minuit2, Algo=Migrad, strategy=0, tolerance=0.1
CascadeMinimizer.cc[215] : (in function: improveOnce) - Minimization finished with status=0
CascadeMinimizer.cc[219] : (in function: improveOnce) - Minimization success! status=0
AsymptoticLimits.cc[552] : (in function: findExpectedLimitFromCrossing) - At r = 316.000000:	delta(nll) = 0.20072

CascadeMinimizer.cc[188] : (in function: improveOnce) - Minimization configured with Type=Minuit2, Algo=Migrad, strategy=0, tolerance=0.1
CascadeMinimizer.cc[215] : (in function: improveOnce) - Minimization finished with status=0
CascadeMinimizer.cc[219] : (in function: improveOnce) - Minimization success! status=0
AsymptoticLimits.cc[552] : (in function: findExpectedLimitFromCrossing) - At r = 317.000000:	delta(nll) = 0.20190

CascadeMinimizer.cc[188] : (in function: improveOnce) - Minimization configured with Type=Minuit2, Algo=Migrad, strategy=0, tolerance=0.1
CascadeMinimizer.cc[215] : (in function: improveOnce) - Minimization finished with status=0
CascadeMinimizer.cc[219] : (in function: improveOnce) - Minimization success! status=0
AsymptoticLimits.cc[552] : (in function: findExpectedLimitFromCrossing) - At r = 318.000000:	delta(nll) = 0.20324

CascadeMinimizer.cc[188] : (in function: improveOnce) - Minimization configured with Type=Minuit2, Algo=Migrad, strategy=0, tolerance=0.1
CascadeMinimizer.cc[215] : (in function: improveOnce) - Minimization finished with status=0
CascadeMinimizer.cc[219] : (in function: improveOnce) - Minimization success! status=0
AsymptoticLimits.cc[552] : (in function: findExpectedLimitFromCrossing) - At r = 319.000000:	delta(nll) = 0.20444

CascadeMinimizer.cc[188] : (in function: improveOnce) - Minimization configured with Type=Minuit2, Algo=Migrad, strategy=0, tolerance=0.1
CascadeMinimizer.cc[215] : (in function: improveOnce) - Minimization finished with status=0
CascadeMinimizer.cc[219] : (in function: improveOnce) - Minimization success! status=0
AsymptoticLimits.cc[552] : (in function: findExpectedLimitFromCrossing) - At r = 320.000000:	delta(nll) = 0.20579

CascadeMinimizer.cc[188] : (in function: improveOnce) - Minimization configured with Type=Minuit2, Algo=Migrad, strategy=0, tolerance=0.1
CascadeMinimizer.cc[215] : (in function: improveOnce) - Minimization finished with status=0
CascadeMinimizer.cc[219] : (in function: improveOnce) - Minimization success! status=0
AsymptoticLimits.cc[552] : (in function: findExpectedLimitFromCrossing) - At r = 321.000000:	delta(nll) = 0.20699

CascadeMinimizer.cc[188] : (in function: improveOnce) - Minimization configured with Type=Minuit2, Algo=Migrad, strategy=0, tolerance=0.1
CascadeMinimizer.cc[215] : (in function: improveOnce) - Minimization finished with status=0
CascadeMinimizer.cc[219] : (in function: improveOnce) - Minimization success! status=0
AsymptoticLimits.cc[552] : (in function: findExpectedLimitFromCrossing) - At r = 322.000000:	delta(nll) = 0.20835

CascadeMinimizer.cc[188] : (in function: improveOnce) - Minimization configured with Type=Minuit2, Algo=Migrad, strategy=0, tolerance=0.1
CascadeMinimizer.cc[215] : (in function: improveOnce) - Minimization finished with status=0
CascadeMinimizer.cc[219] : (in function: improveOnce) - Minimization success! status=0
AsymptoticLimits.cc[552] : (in function: findExpectedLimitFromCrossing) - At r = 323.000000:	delta(nll) = 0.20957

CascadeMinimizer.cc[188] : (in function: improveOnce) - Minimization configured with Type=Minuit2, Algo=Migrad, strategy=0, tolerance=0.1
CascadeMinimizer.cc[215] : (in function: improveOnce) - Minimization finished with status=0
CascadeMinimizer.cc[219] : (in function: improveOnce) - Minimization success! status=0
AsymptoticLimits.cc[552] : (in function: findExpectedLimitFromCrossing) - At r = 324.000000:	delta(nll) = 0.21094

CascadeMinimizer.cc[188] : (in function: improveOnce) - Minimization configured with Type=Minuit2, Algo=Migrad, strategy=0, tolerance=0.1
CascadeMinimizer.cc[215] : (in function: improveOnce) - Minimization finished with status=0
CascadeMinimizer.cc[219] : (in function: improveOnce) - Minimization success! status=0
AsymptoticLimits.cc[552] : (in function: findExpectedLimitFromCrossing) - At r = 325.000000:	delta(nll) = 0.21219

CascadeMinimizer.cc[188] : (in function: improveOnce) - Minimization configured with Type=Minuit2, Algo=Migrad, strategy=0, tolerance=0.1
CascadeMinimizer.cc[215] : (in function: improveOnce) - Minimization finished with status=0
CascadeMinimizer.cc[219] : (in function: improveOnce) - Minimization success! status=0
AsymptoticLimits.cc[552] : (in function: findExpectedLimitFromCrossing) - At r = 326.000000:	delta(nll) = 0.21358

CascadeMinimizer.cc[188] : (in function: improveOnce) - Minimization configured with Type=Minuit2, Algo=Migrad, strategy=0, tolerance=0.1
CascadeMinimizer.cc[215] : (in function: improveOnce) - Minimization finished with status=0
CascadeMinimizer.cc[219] : (in function: improveOnce) - Minimization success! status=0
AsymptoticLimits.cc[552] : (in function: findExpectedLimitFromCrossing) - At r = 327.000000:	delta(nll) = 0.21482

CascadeMinimizer.cc[188] : (in function: improveOnce) - Minimization configured with Type=Minuit2, Algo=Migrad, strategy=0, tolerance=0.1
CascadeMinimizer.cc[215] : (in function: improveOnce) - Minimization finished with status=0
CascadeMinimizer.cc[219] : (in function: improveOnce) - Minimization success! status=0
AsymptoticLimits.cc[552] : (in function: findExpectedLimitFromCrossing) - At r = 328.000000:	delta(nll) = 0.21622

CascadeMinimizer.cc[188] : (in function: improveOnce) - Minimization configured with Type=Minuit2, Algo=Migrad, strategy=0, tolerance=0.1
CascadeMinimizer.cc[215] : (in function: improveOnce) - Minimization finished with status=0
CascadeMinimizer.cc[219] : (in function: improveOnce) - Minimization success! status=0
AsymptoticLimits.cc[552] : (in function: findExpectedLimitFromCrossing) - At r = 329.000000:	delta(nll) = 0.21745

CascadeMinimizer.cc[188] : (in function: improveOnce) - Minimization configured with Type=Minuit2, Algo=Migrad, strategy=0, tolerance=0.1
CascadeMinimizer.cc[215] : (in function: improveOnce) - Minimization finished with status=0
CascadeMinimizer.cc[219] : (in function: improveOnce) - Minimization success! status=0
AsymptoticLimits.cc[552] : (in function: findExpectedLimitFromCrossing) - At r = 330.000000:	delta(nll) = 0.21885

CascadeMinimizer.cc[188] : (in function: improveOnce) - Minimization configured with Type=Minuit2, Algo=Migrad, strategy=0, tolerance=0.1
CascadeMinimizer.cc[215] : (in function: improveOnce) - Minimization finished with status=0
CascadeMinimizer.cc[219] : (in function: improveOnce) - Minimization success! status=0
AsymptoticLimits.cc[552] : (in function: findExpectedLimitFromCrossing) - At r = 331.000000:	delta(nll) = 0.22009

CascadeMinimizer.cc[188] : (in function: improveOnce) - Minimization configured with Type=Minuit2, Algo=Migrad, strategy=0, tolerance=0.1
CascadeMinimizer.cc[215] : (in function: improveOnce) - Minimization finished with status=0
CascadeMinimizer.cc[219] : (in function: improveOnce) - Minimization success! status=0
AsymptoticLimits.cc[552] : (in function: findExpectedLimitFromCrossing) - At r = 332.000000:	delta(nll) = 0.22149

CascadeMinimizer.cc[188] : (in function: improveOnce) - Minimization configured with Type=Minuit2, Algo=Migrad, strategy=0, tolerance=0.1
CascadeMinimizer.cc[215] : (in function: improveOnce) - Minimization finished with status=0
CascadeMinimizer.cc[219] : (in function: improveOnce) - Minimization success! status=0
AsymptoticLimits.cc[552] : (in function: findExpectedLimitFromCrossing) - At r = 333.000000:	delta(nll) = 0.22298

CascadeMinimizer.cc[188] : (in function: improveOnce) - Minimization configured with Type=Minuit2, Algo=Migrad, strategy=0, tolerance=0.1
CascadeMinimizer.cc[215] : (in function: improveOnce) - Minimization finished with status=0
CascadeMinimizer.cc[219] : (in function: improveOnce) - Minimization success! status=0
AsymptoticLimits.cc[552] : (in function: findExpectedLimitFromCrossing) - At r = 334.000000:	delta(nll) = 0.22415

CascadeMinimizer.cc[188] : (in function: improveOnce) - Minimization configured with Type=Minuit2, Algo=Migrad, strategy=0, tolerance=0.1
CascadeMinimizer.cc[215] : (in function: improveOnce) - Minimization finished with status=0
CascadeMinimizer.cc[219] : (in function: improveOnce) - Minimization success! status=0
AsymptoticLimits.cc[552] : (in function: findExpectedLimitFromCrossing) - At r = 335.000000:	delta(nll) = 0.22558

CascadeMinimizer.cc[188] : (in function: improveOnce) - Minimization configured with Type=Minuit2, Algo=Migrad, strategy=0, tolerance=0.1
CascadeMinimizer.cc[215] : (in function: improveOnce) - Minimization finished with status=0
CascadeMinimizer.cc[219] : (in function: improveOnce) - Minimization success! status=0
AsymptoticLimits.cc[552] : (in function: findExpectedLimitFromCrossing) - At r = 336.000000:	delta(nll) = 0.22681

CascadeMinimizer.cc[188] : (in function: improveOnce) - Minimization configured with Type=Minuit2, Algo=Migrad, strategy=0, tolerance=0.1
CascadeMinimizer.cc[215] : (in function: improveOnce) - Minimization finished with status=0
CascadeMinimizer.cc[219] : (in function: improveOnce) - Minimization success! status=0
AsymptoticLimits.cc[552] : (in function: findExpectedLimitFromCrossing) - At r = 337.000000:	delta(nll) = 0.22821

CascadeMinimizer.cc[188] : (in function: improveOnce) - Minimization configured with Type=Minuit2, Algo=Migrad, strategy=0, tolerance=0.1
CascadeMinimizer.cc[215] : (in function: improveOnce) - Minimization finished with status=0
CascadeMinimizer.cc[219] : (in function: improveOnce) - Minimization success! status=0
AsymptoticLimits.cc[552] : (in function: findExpectedLimitFromCrossing) - At r = 338.000000:	delta(nll) = 0.22973

CascadeMinimizer.cc[188] : (in function: improveOnce) - Minimization configured with Type=Minuit2, Algo=Migrad, strategy=0, tolerance=0.1
CascadeMinimizer.cc[215] : (in function: improveOnce) - Minimization finished with status=0
CascadeMinimizer.cc[219] : (in function: improveOnce) - Minimization success! status=0
AsymptoticLimits.cc[552] : (in function: findExpectedLimitFromCrossing) - At r = 339.000000:	delta(nll) = 0.23091

CascadeMinimizer.cc[188] : (in function: improveOnce) - Minimization configured with Type=Minuit2, Algo=Migrad, strategy=0, tolerance=0.1
CascadeMinimizer.cc[215] : (in function: improveOnce) - Minimization finished with status=0
CascadeMinimizer.cc[219] : (in function: improveOnce) - Minimization success! status=0
AsymptoticLimits.cc[552] : (in function: findExpectedLimitFromCrossing) - At r = 340.000000:	delta(nll) = 0.23236

CascadeMinimizer.cc[188] : (in function: improveOnce) - Minimization configured with Type=Minuit2, Algo=Migrad, strategy=0, tolerance=0.1
CascadeMinimizer.cc[215] : (in function: improveOnce) - Minimization finished with status=0
CascadeMinimizer.cc[219] : (in function: improveOnce) - Minimization success! status=0
AsymptoticLimits.cc[552] : (in function: findExpectedLimitFromCrossing) - At r = 341.000000:	delta(nll) = 0.23360

CascadeMinimizer.cc[188] : (in function: improveOnce) - Minimization configured with Type=Minuit2, Algo=Migrad, strategy=0, tolerance=0.1
CascadeMinimizer.cc[215] : (in function: improveOnce) - Minimization finished with status=0
CascadeMinimizer.cc[219] : (in function: improveOnce) - Minimization success! status=0
AsymptoticLimits.cc[552] : (in function: findExpectedLimitFromCrossing) - At r = 342.000000:	delta(nll) = 0.23503

CascadeMinimizer.cc[188] : (in function: improveOnce) - Minimization configured with Type=Minuit2, Algo=Migrad, strategy=0, tolerance=0.1
CascadeMinimizer.cc[215] : (in function: improveOnce) - Minimization finished with status=0
CascadeMinimizer.cc[219] : (in function: improveOnce) - Minimization success! status=0
AsymptoticLimits.cc[552] : (in function: findExpectedLimitFromCrossing) - At r = 343.000000:	delta(nll) = 0.23632

CascadeMinimizer.cc[188] : (in function: improveOnce) - Minimization configured with Type=Minuit2, Algo=Migrad, strategy=0, tolerance=0.1
CascadeMinimizer.cc[215] : (in function: improveOnce) - Minimization finished with status=0
CascadeMinimizer.cc[219] : (in function: improveOnce) - Minimization success! status=0
AsymptoticLimits.cc[552] : (in function: findExpectedLimitFromCrossing) - At r = 344.000000:	delta(nll) = 0.23776

CascadeMinimizer.cc[188] : (in function: improveOnce) - Minimization configured with Type=Minuit2, Algo=Migrad, strategy=0, tolerance=0.1
CascadeMinimizer.cc[215] : (in function: improveOnce) - Minimization finished with status=0
CascadeMinimizer.cc[219] : (in function: improveOnce) - Minimization success! status=0
AsymptoticLimits.cc[552] : (in function: findExpectedLimitFromCrossing) - At r = 345.000000:	delta(nll) = 0.23907

CascadeMinimizer.cc[188] : (in function: improveOnce) - Minimization configured with Type=Minuit2, Algo=Migrad, strategy=0, tolerance=0.1
CascadeMinimizer.cc[215] : (in function: improveOnce) - Minimization finished with status=0
CascadeMinimizer.cc[219] : (in function: improveOnce) - Minimization success! status=0
AsymptoticLimits.cc[552] : (in function: findExpectedLimitFromCrossing) - At r = 346.000000:	delta(nll) = 0.24052

CascadeMinimizer.cc[188] : (in function: improveOnce) - Minimization configured with Type=Minuit2, Algo=Migrad, strategy=0, tolerance=0.1
CascadeMinimizer.cc[215] : (in function: improveOnce) - Minimization finished with status=0
CascadeMinimizer.cc[219] : (in function: improveOnce) - Minimization success! status=0
AsymptoticLimits.cc[552] : (in function: findExpectedLimitFromCrossing) - At r = 347.000000:	delta(nll) = 0.24207

CascadeMinimizer.cc[188] : (in function: improveOnce) - Minimization configured with Type=Minuit2, Algo=Migrad, strategy=0, tolerance=0.1
CascadeMinimizer.cc[215] : (in function: improveOnce) - Minimization finished with status=0
CascadeMinimizer.cc[219] : (in function: improveOnce) - Minimization success! status=0
AsymptoticLimits.cc[552] : (in function: findExpectedLimitFromCrossing) - At r = 348.000000:	delta(nll) = 0.24328

CascadeMinimizer.cc[188] : (in function: improveOnce) - Minimization configured with Type=Minuit2, Algo=Migrad, strategy=0, tolerance=0.1
CascadeMinimizer.cc[215] : (in function: improveOnce) - Minimization finished with status=0
CascadeMinimizer.cc[219] : (in function: improveOnce) - Minimization success! status=0
AsymptoticLimits.cc[552] : (in function: findExpectedLimitFromCrossing) - At r = 349.000000:	delta(nll) = 0.24475

CascadeMinimizer.cc[188] : (in function: improveOnce) - Minimization configured with Type=Minuit2, Algo=Migrad, strategy=0, tolerance=0.1
CascadeMinimizer.cc[215] : (in function: improveOnce) - Minimization finished with status=0
CascadeMinimizer.cc[219] : (in function: improveOnce) - Minimization success! status=0
AsymptoticLimits.cc[552] : (in function: findExpectedLimitFromCrossing) - At r = 350.000000:	delta(nll) = 0.24606

CascadeMinimizer.cc[188] : (in function: improveOnce) - Minimization configured with Type=Minuit2, Algo=Migrad, strategy=0, tolerance=0.1
CascadeMinimizer.cc[215] : (in function: improveOnce) - Minimization finished with status=0
CascadeMinimizer.cc[219] : (in function: improveOnce) - Minimization success! status=0
AsymptoticLimits.cc[552] : (in function: findExpectedLimitFromCrossing) - At r = 351.000000:	delta(nll) = 0.24753

CascadeMinimizer.cc[188] : (in function: improveOnce) - Minimization configured with Type=Minuit2, Algo=Migrad, strategy=0, tolerance=0.1
CascadeMinimizer.cc[215] : (in function: improveOnce) - Minimization finished with status=0
CascadeMinimizer.cc[219] : (in function: improveOnce) - Minimization success! status=0
AsymptoticLimits.cc[552] : (in function: findExpectedLimitFromCrossing) - At r = 352.000000:	delta(nll) = 0.24910

CascadeMinimizer.cc[188] : (in function: improveOnce) - Minimization configured with Type=Minuit2, Algo=Migrad, strategy=0, tolerance=0.1
CascadeMinimizer.cc[215] : (in function: improveOnce) - Minimization finished with status=0
CascadeMinimizer.cc[219] : (in function: improveOnce) - Minimization success! status=0
AsymptoticLimits.cc[552] : (in function: findExpectedLimitFromCrossing) - At r = 353.000000:	delta(nll) = 0.25035

CascadeMinimizer.cc[188] : (in function: improveOnce) - Minimization configured with Type=Minuit2, Algo=Migrad, strategy=0, tolerance=0.1
CascadeMinimizer.cc[215] : (in function: improveOnce) - Minimization finished with status=0
CascadeMinimizer.cc[219] : (in function: improveOnce) - Minimization success! status=0
AsymptoticLimits.cc[552] : (in function: findExpectedLimitFromCrossing) - At r = 354.000000:	delta(nll) = 0.25185

CascadeMinimizer.cc[188] : (in function: improveOnce) - Minimization configured with Type=Minuit2, Algo=Migrad, strategy=0, tolerance=0.1
CascadeMinimizer.cc[215] : (in function: improveOnce) - Minimization finished with status=0
CascadeMinimizer.cc[219] : (in function: improveOnce) - Minimization success! status=0
AsymptoticLimits.cc[552] : (in function: findExpectedLimitFromCrossing) - At r = 355.000000:	delta(nll) = 0.25315

CascadeMinimizer.cc[188] : (in function: improveOnce) - Minimization configured with Type=Minuit2, Algo=Migrad, strategy=0, tolerance=0.1
CascadeMinimizer.cc[215] : (in function: improveOnce) - Minimization finished with status=0
CascadeMinimizer.cc[219] : (in function: improveOnce) - Minimization success! status=0
AsymptoticLimits.cc[552] : (in function: findExpectedLimitFromCrossing) - At r = 356.000000:	delta(nll) = 0.25462

CascadeMinimizer.cc[188] : (in function: improveOnce) - Minimization configured with Type=Minuit2, Algo=Migrad, strategy=0, tolerance=0.1
CascadeMinimizer.cc[215] : (in function: improveOnce) - Minimization finished with status=0
CascadeMinimizer.cc[219] : (in function: improveOnce) - Minimization success! status=0
AsymptoticLimits.cc[552] : (in function: findExpectedLimitFromCrossing) - At r = 357.000000:	delta(nll) = 0.25622

CascadeMinimizer.cc[188] : (in function: improveOnce) - Minimization configured with Type=Minuit2, Algo=Migrad, strategy=0, tolerance=0.1
CascadeMinimizer.cc[215] : (in function: improveOnce) - Minimization finished with status=0
CascadeMinimizer.cc[219] : (in function: improveOnce) - Minimization success! status=0
AsymptoticLimits.cc[552] : (in function: findExpectedLimitFromCrossing) - At r = 358.000000:	delta(nll) = 0.25748

CascadeMinimizer.cc[188] : (in function: improveOnce) - Minimization configured with Type=Minuit2, Algo=Migrad, strategy=0, tolerance=0.1
CascadeMinimizer.cc[215] : (in function: improveOnce) - Minimization finished with status=0
CascadeMinimizer.cc[219] : (in function: improveOnce) - Minimization success! status=0
AsymptoticLimits.cc[552] : (in function: findExpectedLimitFromCrossing) - At r = 359.000000:	delta(nll) = 0.25900

CascadeMinimizer.cc[188] : (in function: improveOnce) - Minimization configured with Type=Minuit2, Algo=Migrad, strategy=0, tolerance=0.1
CascadeMinimizer.cc[215] : (in function: improveOnce) - Minimization finished with status=0
CascadeMinimizer.cc[219] : (in function: improveOnce) - Minimization success! status=0
AsymptoticLimits.cc[552] : (in function: findExpectedLimitFromCrossing) - At r = 360.000000:	delta(nll) = 0.26034

CascadeMinimizer.cc[188] : (in function: improveOnce) - Minimization configured with Type=Minuit2, Algo=Migrad, strategy=0, tolerance=0.1
CascadeMinimizer.cc[215] : (in function: improveOnce) - Minimization finished with status=0
CascadeMinimizer.cc[219] : (in function: improveOnce) - Minimization success! status=0
AsymptoticLimits.cc[552] : (in function: findExpectedLimitFromCrossing) - At r = 361.000000:	delta(nll) = 0.26184

CascadeMinimizer.cc[188] : (in function: improveOnce) - Minimization configured with Type=Minuit2, Algo=Migrad, strategy=0, tolerance=0.1
CascadeMinimizer.cc[215] : (in function: improveOnce) - Minimization finished with status=0
CascadeMinimizer.cc[219] : (in function: improveOnce) - Minimization success! status=0
AsymptoticLimits.cc[552] : (in function: findExpectedLimitFromCrossing) - At r = 362.000000:	delta(nll) = 0.26346

CascadeMinimizer.cc[188] : (in function: improveOnce) - Minimization configured with Type=Minuit2, Algo=Migrad, strategy=0, tolerance=0.1
CascadeMinimizer.cc[215] : (in function: improveOnce) - Minimization finished with status=0
CascadeMinimizer.cc[219] : (in function: improveOnce) - Minimization success! status=0
AsymptoticLimits.cc[552] : (in function: findExpectedLimitFromCrossing) - At r = 363.000000:	delta(nll) = 0.26470

CascadeMinimizer.cc[188] : (in function: improveOnce) - Minimization configured with Type=Minuit2, Algo=Migrad, strategy=0, tolerance=0.1
CascadeMinimizer.cc[215] : (in function: improveOnce) - Minimization finished with status=0
CascadeMinimizer.cc[219] : (in function: improveOnce) - Minimization success! status=0
AsymptoticLimits.cc[552] : (in function: findExpectedLimitFromCrossing) - At r = 364.000000:	delta(nll) = 0.26622

CascadeMinimizer.cc[188] : (in function: improveOnce) - Minimization configured with Type=Minuit2, Algo=Migrad, strategy=0, tolerance=0.1
CascadeMinimizer.cc[215] : (in function: improveOnce) - Minimization finished with status=0
CascadeMinimizer.cc[219] : (in function: improveOnce) - Minimization success! status=0
AsymptoticLimits.cc[552] : (in function: findExpectedLimitFromCrossing) - At r = 365.000000:	delta(nll) = 0.26759

CascadeMinimizer.cc[188] : (in function: improveOnce) - Minimization configured with Type=Minuit2, Algo=Migrad, strategy=0, tolerance=0.1
CascadeMinimizer.cc[215] : (in function: improveOnce) - Minimization finished with status=0
CascadeMinimizer.cc[219] : (in function: improveOnce) - Minimization success! status=0
AsymptoticLimits.cc[552] : (in function: findExpectedLimitFromCrossing) - At r = 366.000000:	delta(nll) = 0.26911

CascadeMinimizer.cc[188] : (in function: improveOnce) - Minimization configured with Type=Minuit2, Algo=Migrad, strategy=0, tolerance=0.1
CascadeMinimizer.cc[215] : (in function: improveOnce) - Minimization finished with status=0
CascadeMinimizer.cc[219] : (in function: improveOnce) - Minimization success! status=0
AsymptoticLimits.cc[552] : (in function: findExpectedLimitFromCrossing) - At r = 367.000000:	delta(nll) = 0.27074

CascadeMinimizer.cc[188] : (in function: improveOnce) - Minimization configured with Type=Minuit2, Algo=Migrad, strategy=0, tolerance=0.1
CascadeMinimizer.cc[215] : (in function: improveOnce) - Minimization finished with status=0
CascadeMinimizer.cc[219] : (in function: improveOnce) - Minimization success! status=0
AsymptoticLimits.cc[552] : (in function: findExpectedLimitFromCrossing) - At r = 368.000000:	delta(nll) = 0.27203

CascadeMinimizer.cc[188] : (in function: improveOnce) - Minimization configured with Type=Minuit2, Algo=Migrad, strategy=0, tolerance=0.1
CascadeMinimizer.cc[215] : (in function: improveOnce) - Minimization finished with status=0
CascadeMinimizer.cc[219] : (in function: improveOnce) - Minimization success! status=0
AsymptoticLimits.cc[552] : (in function: findExpectedLimitFromCrossing) - At r = 369.000000:	delta(nll) = 0.27358

CascadeMinimizer.cc[188] : (in function: improveOnce) - Minimization configured with Type=Minuit2, Algo=Migrad, strategy=0, tolerance=0.1
CascadeMinimizer.cc[215] : (in function: improveOnce) - Minimization finished with status=0
CascadeMinimizer.cc[219] : (in function: improveOnce) - Minimization success! status=0
AsymptoticLimits.cc[552] : (in function: findExpectedLimitFromCrossing) - At r = 370.000000:	delta(nll) = 0.27522

CascadeMinimizer.cc[188] : (in function: improveOnce) - Minimization configured with Type=Minuit2, Algo=Migrad, strategy=0, tolerance=0.1
CascadeMinimizer.cc[215] : (in function: improveOnce) - Minimization finished with status=0
CascadeMinimizer.cc[219] : (in function: improveOnce) - Minimization success! status=0
AsymptoticLimits.cc[552] : (in function: findExpectedLimitFromCrossing) - At r = 371.000000:	delta(nll) = 0.27649

CascadeMinimizer.cc[188] : (in function: improveOnce) - Minimization configured with Type=Minuit2, Algo=Migrad, strategy=0, tolerance=0.1
CascadeMinimizer.cc[215] : (in function: improveOnce) - Minimization finished with status=0
CascadeMinimizer.cc[219] : (in function: improveOnce) - Minimization success! status=0
AsymptoticLimits.cc[552] : (in function: findExpectedLimitFromCrossing) - At r = 372.000000:	delta(nll) = 0.27805

CascadeMinimizer.cc[188] : (in function: improveOnce) - Minimization configured with Type=Minuit2, Algo=Migrad, strategy=0, tolerance=0.1
CascadeMinimizer.cc[215] : (in function: improveOnce) - Minimization finished with status=0
CascadeMinimizer.cc[219] : (in function: improveOnce) - Minimization success! status=0
AsymptoticLimits.cc[552] : (in function: findExpectedLimitFromCrossing) - At r = 373.000000:	delta(nll) = 0.27970

CascadeMinimizer.cc[188] : (in function: improveOnce) - Minimization configured with Type=Minuit2, Algo=Migrad, strategy=0, tolerance=0.1
CascadeMinimizer.cc[215] : (in function: improveOnce) - Minimization finished with status=0
CascadeMinimizer.cc[219] : (in function: improveOnce) - Minimization success! status=0
AsymptoticLimits.cc[552] : (in function: findExpectedLimitFromCrossing) - At r = 374.000000:	delta(nll) = 0.28100

CascadeMinimizer.cc[188] : (in function: improveOnce) - Minimization configured with Type=Minuit2, Algo=Migrad, strategy=0, tolerance=0.1
CascadeMinimizer.cc[215] : (in function: improveOnce) - Minimization finished with status=0
CascadeMinimizer.cc[219] : (in function: improveOnce) - Minimization success! status=0
AsymptoticLimits.cc[552] : (in function: findExpectedLimitFromCrossing) - At r = 375.000000:	delta(nll) = 0.28257

CascadeMinimizer.cc[188] : (in function: improveOnce) - Minimization configured with Type=Minuit2, Algo=Migrad, strategy=0, tolerance=0.1
CascadeMinimizer.cc[215] : (in function: improveOnce) - Minimization finished with status=0
CascadeMinimizer.cc[219] : (in function: improveOnce) - Minimization success! status=0
AsymptoticLimits.cc[552] : (in function: findExpectedLimitFromCrossing) - At r = 376.000000:	delta(nll) = 0.28424

CascadeMinimizer.cc[188] : (in function: improveOnce) - Minimization configured with Type=Minuit2, Algo=Migrad, strategy=0, tolerance=0.1
CascadeMinimizer.cc[215] : (in function: improveOnce) - Minimization finished with status=0
CascadeMinimizer.cc[219] : (in function: improveOnce) - Minimization success! status=0
AsymptoticLimits.cc[552] : (in function: findExpectedLimitFromCrossing) - At r = 377.000000:	delta(nll) = 0.28553

CascadeMinimizer.cc[188] : (in function: improveOnce) - Minimization configured with Type=Minuit2, Algo=Migrad, strategy=0, tolerance=0.1
CascadeMinimizer.cc[215] : (in function: improveOnce) - Minimization finished with status=0
CascadeMinimizer.cc[219] : (in function: improveOnce) - Minimization success! status=0
AsymptoticLimits.cc[552] : (in function: findExpectedLimitFromCrossing) - At r = 378.000000:	delta(nll) = 0.28711

CascadeMinimizer.cc[188] : (in function: improveOnce) - Minimization configured with Type=Minuit2, Algo=Migrad, strategy=0, tolerance=0.1
CascadeMinimizer.cc[215] : (in function: improveOnce) - Minimization finished with status=0
CascadeMinimizer.cc[219] : (in function: improveOnce) - Minimization success! status=0
AsymptoticLimits.cc[552] : (in function: findExpectedLimitFromCrossing) - At r = 379.000000:	delta(nll) = 0.28879

CascadeMinimizer.cc[188] : (in function: improveOnce) - Minimization configured with Type=Minuit2, Algo=Migrad, strategy=0, tolerance=0.1
CascadeMinimizer.cc[215] : (in function: improveOnce) - Minimization finished with status=0
CascadeMinimizer.cc[219] : (in function: improveOnce) - Minimization success! status=0
AsymptoticLimits.cc[552] : (in function: findExpectedLimitFromCrossing) - At r = 380.000000:	delta(nll) = 0.29008

CascadeMinimizer.cc[188] : (in function: improveOnce) - Minimization configured with Type=Minuit2, Algo=Migrad, strategy=0, tolerance=0.1
CascadeMinimizer.cc[215] : (in function: improveOnce) - Minimization finished with status=0
CascadeMinimizer.cc[219] : (in function: improveOnce) - Minimization success! status=0
AsymptoticLimits.cc[552] : (in function: findExpectedLimitFromCrossing) - At r = 381.000000:	delta(nll) = 0.29167

CascadeMinimizer.cc[188] : (in function: improveOnce) - Minimization configured with Type=Minuit2, Algo=Migrad, strategy=0, tolerance=0.1
CascadeMinimizer.cc[215] : (in function: improveOnce) - Minimization finished with status=0
CascadeMinimizer.cc[219] : (in function: improveOnce) - Minimization success! status=0
AsymptoticLimits.cc[552] : (in function: findExpectedLimitFromCrossing) - At r = 382.000000:	delta(nll) = 0.29337

CascadeMinimizer.cc[188] : (in function: improveOnce) - Minimization configured with Type=Minuit2, Algo=Migrad, strategy=0, tolerance=0.1
CascadeMinimizer.cc[215] : (in function: improveOnce) - Minimization finished with status=0
CascadeMinimizer.cc[219] : (in function: improveOnce) - Minimization success! status=0
AsymptoticLimits.cc[552] : (in function: findExpectedLimitFromCrossing) - At r = 383.000000:	delta(nll) = 0.29466

CascadeMinimizer.cc[188] : (in function: improveOnce) - Minimization configured with Type=Minuit2, Algo=Migrad, strategy=0, tolerance=0.1
CascadeMinimizer.cc[215] : (in function: improveOnce) - Minimization finished with status=0
CascadeMinimizer.cc[219] : (in function: improveOnce) - Minimization success! status=0
AsymptoticLimits.cc[552] : (in function: findExpectedLimitFromCrossing) - At r = 384.000000:	delta(nll) = 0.29625

CascadeMinimizer.cc[188] : (in function: improveOnce) - Minimization configured with Type=Minuit2, Algo=Migrad, strategy=0, tolerance=0.1
CascadeMinimizer.cc[215] : (in function: improveOnce) - Minimization finished with status=0
CascadeMinimizer.cc[219] : (in function: improveOnce) - Minimization success! status=0
AsymptoticLimits.cc[552] : (in function: findExpectedLimitFromCrossing) - At r = 385.000000:	delta(nll) = 0.29795

CascadeMinimizer.cc[188] : (in function: improveOnce) - Minimization configured with Type=Minuit2, Algo=Migrad, strategy=0, tolerance=0.1
CascadeMinimizer.cc[215] : (in function: improveOnce) - Minimization finished with status=0
CascadeMinimizer.cc[219] : (in function: improveOnce) - Minimization success! status=0
AsymptoticLimits.cc[552] : (in function: findExpectedLimitFromCrossing) - At r = 386.000000:	delta(nll) = 0.29928

CascadeMinimizer.cc[188] : (in function: improveOnce) - Minimization configured with Type=Minuit2, Algo=Migrad, strategy=0, tolerance=0.1
CascadeMinimizer.cc[215] : (in function: improveOnce) - Minimization finished with status=0
CascadeMinimizer.cc[219] : (in function: improveOnce) - Minimization success! status=0
AsymptoticLimits.cc[552] : (in function: findExpectedLimitFromCrossing) - At r = 387.000000:	delta(nll) = 0.30089

CascadeMinimizer.cc[188] : (in function: improveOnce) - Minimization configured with Type=Minuit2, Algo=Migrad, strategy=0, tolerance=0.1
CascadeMinimizer.cc[215] : (in function: improveOnce) - Minimization finished with status=0
CascadeMinimizer.cc[219] : (in function: improveOnce) - Minimization success! status=0
AsymptoticLimits.cc[552] : (in function: findExpectedLimitFromCrossing) - At r = 388.000000:	delta(nll) = 0.30261

CascadeMinimizer.cc[188] : (in function: improveOnce) - Minimization configured with Type=Minuit2, Algo=Migrad, strategy=0, tolerance=0.1
CascadeMinimizer.cc[215] : (in function: improveOnce) - Minimization finished with status=0
CascadeMinimizer.cc[219] : (in function: improveOnce) - Minimization success! status=0
AsymptoticLimits.cc[552] : (in function: findExpectedLimitFromCrossing) - At r = 389.000000:	delta(nll) = 0.30395

CascadeMinimizer.cc[188] : (in function: improveOnce) - Minimization configured with Type=Minuit2, Algo=Migrad, strategy=0, tolerance=0.1
CascadeMinimizer.cc[215] : (in function: improveOnce) - Minimization finished with status=0
CascadeMinimizer.cc[219] : (in function: improveOnce) - Minimization success! status=0
AsymptoticLimits.cc[552] : (in function: findExpectedLimitFromCrossing) - At r = 390.000000:	delta(nll) = 0.30557

CascadeMinimizer.cc[188] : (in function: improveOnce) - Minimization configured with Type=Minuit2, Algo=Migrad, strategy=0, tolerance=0.1
CascadeMinimizer.cc[215] : (in function: improveOnce) - Minimization finished with status=0
CascadeMinimizer.cc[219] : (in function: improveOnce) - Minimization success! status=0
AsymptoticLimits.cc[552] : (in function: findExpectedLimitFromCrossing) - At r = 391.000000:	delta(nll) = 0.30729

CascadeMinimizer.cc[188] : (in function: improveOnce) - Minimization configured with Type=Minuit2, Algo=Migrad, strategy=0, tolerance=0.1
CascadeMinimizer.cc[215] : (in function: improveOnce) - Minimization finished with status=0
CascadeMinimizer.cc[219] : (in function: improveOnce) - Minimization success! status=0
AsymptoticLimits.cc[552] : (in function: findExpectedLimitFromCrossing) - At r = 392.000000:	delta(nll) = 0.30866

CascadeMinimizer.cc[188] : (in function: improveOnce) - Minimization configured with Type=Minuit2, Algo=Migrad, strategy=0, tolerance=0.1
CascadeMinimizer.cc[215] : (in function: improveOnce) - Minimization finished with status=0
CascadeMinimizer.cc[219] : (in function: improveOnce) - Minimization success! status=0
AsymptoticLimits.cc[552] : (in function: findExpectedLimitFromCrossing) - At r = 393.000000:	delta(nll) = 0.31030

CascadeMinimizer.cc[188] : (in function: improveOnce) - Minimization configured with Type=Minuit2, Algo=Migrad, strategy=0, tolerance=0.1
CascadeMinimizer.cc[215] : (in function: improveOnce) - Minimization finished with status=0
CascadeMinimizer.cc[219] : (in function: improveOnce) - Minimization success! status=0
AsymptoticLimits.cc[552] : (in function: findExpectedLimitFromCrossing) - At r = 394.000000:	delta(nll) = 0.31204

CascadeMinimizer.cc[188] : (in function: improveOnce) - Minimization configured with Type=Minuit2, Algo=Migrad, strategy=0, tolerance=0.1
CascadeMinimizer.cc[215] : (in function: improveOnce) - Minimization finished with status=0
CascadeMinimizer.cc[219] : (in function: improveOnce) - Minimization success! status=0
AsymptoticLimits.cc[552] : (in function: findExpectedLimitFromCrossing) - At r = 395.000000:	delta(nll) = 0.31339

CascadeMinimizer.cc[188] : (in function: improveOnce) - Minimization configured with Type=Minuit2, Algo=Migrad, strategy=0, tolerance=0.1
CascadeMinimizer.cc[215] : (in function: improveOnce) - Minimization finished with status=0
CascadeMinimizer.cc[219] : (in function: improveOnce) - Minimization success! status=0
AsymptoticLimits.cc[552] : (in function: findExpectedLimitFromCrossing) - At r = 396.000000:	delta(nll) = 0.31502

CascadeMinimizer.cc[188] : (in function: improveOnce) - Minimization configured with Type=Minuit2, Algo=Migrad, strategy=0, tolerance=0.1
CascadeMinimizer.cc[215] : (in function: improveOnce) - Minimization finished with status=0
CascadeMinimizer.cc[219] : (in function: improveOnce) - Minimization success! status=0
AsymptoticLimits.cc[552] : (in function: findExpectedLimitFromCrossing) - At r = 397.000000:	delta(nll) = 0.31678

CascadeMinimizer.cc[188] : (in function: improveOnce) - Minimization configured with Type=Minuit2, Algo=Migrad, strategy=0, tolerance=0.1
CascadeMinimizer.cc[215] : (in function: improveOnce) - Minimization finished with status=0
CascadeMinimizer.cc[219] : (in function: improveOnce) - Minimization success! status=0
AsymptoticLimits.cc[552] : (in function: findExpectedLimitFromCrossing) - At r = 398.000000:	delta(nll) = 0.31816

CascadeMinimizer.cc[188] : (in function: improveOnce) - Minimization configured with Type=Minuit2, Algo=Migrad, strategy=0, tolerance=0.1
CascadeMinimizer.cc[215] : (in function: improveOnce) - Minimization finished with status=0
CascadeMinimizer.cc[219] : (in function: improveOnce) - Minimization success! status=0
AsymptoticLimits.cc[552] : (in function: findExpectedLimitFromCrossing) - At r = 399.000000:	delta(nll) = 0.31982

CascadeMinimizer.cc[188] : (in function: improveOnce) - Minimization configured with Type=Minuit2, Algo=Migrad, strategy=0, tolerance=0.1
CascadeMinimizer.cc[215] : (in function: improveOnce) - Minimization finished with status=0
CascadeMinimizer.cc[219] : (in function: improveOnce) - Minimization success! status=0
AsymptoticLimits.cc[552] : (in function: findExpectedLimitFromCrossing) - At r = 400.000000:	delta(nll) = 0.32158

CascadeMinimizer.cc[188] : (in function: improveOnce) - Minimization configured with Type=Minuit2, Algo=Migrad, strategy=0, tolerance=0.1
CascadeMinimizer.cc[215] : (in function: improveOnce) - Minimization finished with status=0
CascadeMinimizer.cc[219] : (in function: improveOnce) - Minimization success! status=0
AsymptoticLimits.cc[552] : (in function: findExpectedLimitFromCrossing) - At r = 401.000000:	delta(nll) = 0.32297

CascadeMinimizer.cc[188] : (in function: improveOnce) - Minimization configured with Type=Minuit2, Algo=Migrad, strategy=0, tolerance=0.1
CascadeMinimizer.cc[215] : (in function: improveOnce) - Minimization finished with status=0
CascadeMinimizer.cc[219] : (in function: improveOnce) - Minimization success! status=0
AsymptoticLimits.cc[552] : (in function: findExpectedLimitFromCrossing) - At r = 402.000000:	delta(nll) = 0.32463

CascadeMinimizer.cc[188] : (in function: improveOnce) - Minimization configured with Type=Minuit2, Algo=Migrad, strategy=0, tolerance=0.1
CascadeMinimizer.cc[215] : (in function: improveOnce) - Minimization finished with status=0
CascadeMinimizer.cc[219] : (in function: improveOnce) - Minimization success! status=0
AsymptoticLimits.cc[552] : (in function: findExpectedLimitFromCrossing) - At r = 403.000000:	delta(nll) = 0.32641

CascadeMinimizer.cc[188] : (in function: improveOnce) - Minimization configured with Type=Minuit2, Algo=Migrad, strategy=0, tolerance=0.1
CascadeMinimizer.cc[215] : (in function: improveOnce) - Minimization finished with status=0
CascadeMinimizer.cc[219] : (in function: improveOnce) - Minimization success! status=0
AsymptoticLimits.cc[552] : (in function: findExpectedLimitFromCrossing) - At r = 404.000000:	delta(nll) = 0.32779

CascadeMinimizer.cc[188] : (in function: improveOnce) - Minimization configured with Type=Minuit2, Algo=Migrad, strategy=0, tolerance=0.1
CascadeMinimizer.cc[215] : (in function: improveOnce) - Minimization finished with status=0
CascadeMinimizer.cc[219] : (in function: improveOnce) - Minimization success! status=0
AsymptoticLimits.cc[552] : (in function: findExpectedLimitFromCrossing) - At r = 405.000000:	delta(nll) = 0.32946

CascadeMinimizer.cc[188] : (in function: improveOnce) - Minimization configured with Type=Minuit2, Algo=Migrad, strategy=0, tolerance=0.1
CascadeMinimizer.cc[215] : (in function: improveOnce) - Minimization finished with status=0
CascadeMinimizer.cc[219] : (in function: improveOnce) - Minimization success! status=0
AsymptoticLimits.cc[552] : (in function: findExpectedLimitFromCrossing) - At r = 406.000000:	delta(nll) = 0.33124

CascadeMinimizer.cc[188] : (in function: improveOnce) - Minimization configured with Type=Minuit2, Algo=Migrad, strategy=0, tolerance=0.1
CascadeMinimizer.cc[215] : (in function: improveOnce) - Minimization finished with status=0
CascadeMinimizer.cc[219] : (in function: improveOnce) - Minimization success! status=0
AsymptoticLimits.cc[552] : (in function: findExpectedLimitFromCrossing) - At r = 407.000000:	delta(nll) = 0.33268

CascadeMinimizer.cc[188] : (in function: improveOnce) - Minimization configured with Type=Minuit2, Algo=Migrad, strategy=0, tolerance=0.1
CascadeMinimizer.cc[215] : (in function: improveOnce) - Minimization finished with status=0
CascadeMinimizer.cc[219] : (in function: improveOnce) - Minimization success! status=0
AsymptoticLimits.cc[552] : (in function: findExpectedLimitFromCrossing) - At r = 408.000000:	delta(nll) = 0.33436

CascadeMinimizer.cc[188] : (in function: improveOnce) - Minimization configured with Type=Minuit2, Algo=Migrad, strategy=0, tolerance=0.1
CascadeMinimizer.cc[215] : (in function: improveOnce) - Minimization finished with status=0
CascadeMinimizer.cc[219] : (in function: improveOnce) - Minimization success! status=0
AsymptoticLimits.cc[552] : (in function: findExpectedLimitFromCrossing) - At r = 409.000000:	delta(nll) = 0.33616

CascadeMinimizer.cc[188] : (in function: improveOnce) - Minimization configured with Type=Minuit2, Algo=Migrad, strategy=0, tolerance=0.1
CascadeMinimizer.cc[215] : (in function: improveOnce) - Minimization finished with status=0
CascadeMinimizer.cc[219] : (in function: improveOnce) - Minimization success! status=0
AsymptoticLimits.cc[552] : (in function: findExpectedLimitFromCrossing) - At r = 410.000000:	delta(nll) = 0.33759

CascadeMinimizer.cc[188] : (in function: improveOnce) - Minimization configured with Type=Minuit2, Algo=Migrad, strategy=0, tolerance=0.1
CascadeMinimizer.cc[215] : (in function: improveOnce) - Minimization finished with status=0
CascadeMinimizer.cc[219] : (in function: improveOnce) - Minimization success! status=0
AsymptoticLimits.cc[552] : (in function: findExpectedLimitFromCrossing) - At r = 411.000000:	delta(nll) = 0.33929

CascadeMinimizer.cc[188] : (in function: improveOnce) - Minimization configured with Type=Minuit2, Algo=Migrad, strategy=0, tolerance=0.1
CascadeMinimizer.cc[215] : (in function: improveOnce) - Minimization finished with status=0
CascadeMinimizer.cc[219] : (in function: improveOnce) - Minimization success! status=0
AsymptoticLimits.cc[552] : (in function: findExpectedLimitFromCrossing) - At r = 412.000000:	delta(nll) = 0.34110

CascadeMinimizer.cc[188] : (in function: improveOnce) - Minimization configured with Type=Minuit2, Algo=Migrad, strategy=0, tolerance=0.1
CascadeMinimizer.cc[215] : (in function: improveOnce) - Minimization finished with status=0
CascadeMinimizer.cc[219] : (in function: improveOnce) - Minimization success! status=0
AsymptoticLimits.cc[552] : (in function: findExpectedLimitFromCrossing) - At r = 413.000000:	delta(nll) = 0.34253

CascadeMinimizer.cc[188] : (in function: improveOnce) - Minimization configured with Type=Minuit2, Algo=Migrad, strategy=0, tolerance=0.1
CascadeMinimizer.cc[215] : (in function: improveOnce) - Minimization finished with status=0
CascadeMinimizer.cc[219] : (in function: improveOnce) - Minimization success! status=0
AsymptoticLimits.cc[552] : (in function: findExpectedLimitFromCrossing) - At r = 414.000000:	delta(nll) = 0.34424

CascadeMinimizer.cc[188] : (in function: improveOnce) - Minimization configured with Type=Minuit2, Algo=Migrad, strategy=0, tolerance=0.1
CascadeMinimizer.cc[215] : (in function: improveOnce) - Minimization finished with status=0
CascadeMinimizer.cc[219] : (in function: improveOnce) - Minimization success! status=0
AsymptoticLimits.cc[552] : (in function: findExpectedLimitFromCrossing) - At r = 415.000000:	delta(nll) = 0.34606

CascadeMinimizer.cc[188] : (in function: improveOnce) - Minimization configured with Type=Minuit2, Algo=Migrad, strategy=0, tolerance=0.1
CascadeMinimizer.cc[215] : (in function: improveOnce) - Minimization finished with status=0
CascadeMinimizer.cc[219] : (in function: improveOnce) - Minimization success! status=0
AsymptoticLimits.cc[552] : (in function: findExpectedLimitFromCrossing) - At r = 416.000000:	delta(nll) = 0.34751

CascadeMinimizer.cc[188] : (in function: improveOnce) - Minimization configured with Type=Minuit2, Algo=Migrad, strategy=0, tolerance=0.1
CascadeMinimizer.cc[215] : (in function: improveOnce) - Minimization finished with status=0
CascadeMinimizer.cc[219] : (in function: improveOnce) - Minimization success! status=0
AsymptoticLimits.cc[552] : (in function: findExpectedLimitFromCrossing) - At r = 417.000000:	delta(nll) = 0.34923

CascadeMinimizer.cc[188] : (in function: improveOnce) - Minimization configured with Type=Minuit2, Algo=Migrad, strategy=0, tolerance=0.1
CascadeMinimizer.cc[215] : (in function: improveOnce) - Minimization finished with status=0
CascadeMinimizer.cc[219] : (in function: improveOnce) - Minimization success! status=0
AsymptoticLimits.cc[552] : (in function: findExpectedLimitFromCrossing) - At r = 418.000000:	delta(nll) = 0.35106

CascadeMinimizer.cc[188] : (in function: improveOnce) - Minimization configured with Type=Minuit2, Algo=Migrad, strategy=0, tolerance=0.1
CascadeMinimizer.cc[215] : (in function: improveOnce) - Minimization finished with status=0
CascadeMinimizer.cc[219] : (in function: improveOnce) - Minimization success! status=0
AsymptoticLimits.cc[552] : (in function: findExpectedLimitFromCrossing) - At r = 419.000000:	delta(nll) = 0.35254

CascadeMinimizer.cc[188] : (in function: improveOnce) - Minimization configured with Type=Minuit2, Algo=Migrad, strategy=0, tolerance=0.1
CascadeMinimizer.cc[215] : (in function: improveOnce) - Minimization finished with status=0
CascadeMinimizer.cc[219] : (in function: improveOnce) - Minimization success! status=0
AsymptoticLimits.cc[552] : (in function: findExpectedLimitFromCrossing) - At r = 420.000000:	delta(nll) = 0.35428

CascadeMinimizer.cc[188] : (in function: improveOnce) - Minimization configured with Type=Minuit2, Algo=Migrad, strategy=0, tolerance=0.1
CascadeMinimizer.cc[215] : (in function: improveOnce) - Minimization finished with status=0
CascadeMinimizer.cc[219] : (in function: improveOnce) - Minimization success! status=0
AsymptoticLimits.cc[552] : (in function: findExpectedLimitFromCrossing) - At r = 421.000000:	delta(nll) = 0.35612

CascadeMinimizer.cc[188] : (in function: improveOnce) - Minimization configured with Type=Minuit2, Algo=Migrad, strategy=0, tolerance=0.1
CascadeMinimizer.cc[215] : (in function: improveOnce) - Minimization finished with status=0
CascadeMinimizer.cc[219] : (in function: improveOnce) - Minimization success! status=0
AsymptoticLimits.cc[552] : (in function: findExpectedLimitFromCrossing) - At r = 422.000000:	delta(nll) = 0.35760

CascadeMinimizer.cc[188] : (in function: improveOnce) - Minimization configured with Type=Minuit2, Algo=Migrad, strategy=0, tolerance=0.1
CascadeMinimizer.cc[215] : (in function: improveOnce) - Minimization finished with status=0
CascadeMinimizer.cc[219] : (in function: improveOnce) - Minimization success! status=0
AsymptoticLimits.cc[552] : (in function: findExpectedLimitFromCrossing) - At r = 423.000000:	delta(nll) = 0.35935

CascadeMinimizer.cc[188] : (in function: improveOnce) - Minimization configured with Type=Minuit2, Algo=Migrad, strategy=0, tolerance=0.1
CascadeMinimizer.cc[215] : (in function: improveOnce) - Minimization finished with status=0
CascadeMinimizer.cc[219] : (in function: improveOnce) - Minimization success! status=0
AsymptoticLimits.cc[552] : (in function: findExpectedLimitFromCrossing) - At r = 424.000000:	delta(nll) = 0.36120

CascadeMinimizer.cc[188] : (in function: improveOnce) - Minimization configured with Type=Minuit2, Algo=Migrad, strategy=0, tolerance=0.1
CascadeMinimizer.cc[215] : (in function: improveOnce) - Minimization finished with status=0
CascadeMinimizer.cc[219] : (in function: improveOnce) - Minimization success! status=0
AsymptoticLimits.cc[552] : (in function: findExpectedLimitFromCrossing) - At r = 425.000000:	delta(nll) = 0.36270

CascadeMinimizer.cc[188] : (in function: improveOnce) - Minimization configured with Type=Minuit2, Algo=Migrad, strategy=0, tolerance=0.1
CascadeMinimizer.cc[215] : (in function: improveOnce) - Minimization finished with status=0
CascadeMinimizer.cc[219] : (in function: improveOnce) - Minimization success! status=0
AsymptoticLimits.cc[552] : (in function: findExpectedLimitFromCrossing) - At r = 426.000000:	delta(nll) = 0.36446

CascadeMinimizer.cc[188] : (in function: improveOnce) - Minimization configured with Type=Minuit2, Algo=Migrad, strategy=0, tolerance=0.1
CascadeMinimizer.cc[215] : (in function: improveOnce) - Minimization finished with status=0
CascadeMinimizer.cc[219] : (in function: improveOnce) - Minimization success! status=0
AsymptoticLimits.cc[552] : (in function: findExpectedLimitFromCrossing) - At r = 427.000000:	delta(nll) = 0.36633

CascadeMinimizer.cc[188] : (in function: improveOnce) - Minimization configured with Type=Minuit2, Algo=Migrad, strategy=0, tolerance=0.1
CascadeMinimizer.cc[215] : (in function: improveOnce) - Minimization finished with status=0
CascadeMinimizer.cc[219] : (in function: improveOnce) - Minimization success! status=0
AsymptoticLimits.cc[552] : (in function: findExpectedLimitFromCrossing) - At r = 428.000000:	delta(nll) = 0.36783

CascadeMinimizer.cc[188] : (in function: improveOnce) - Minimization configured with Type=Minuit2, Algo=Migrad, strategy=0, tolerance=0.1
CascadeMinimizer.cc[215] : (in function: improveOnce) - Minimization finished with status=0
CascadeMinimizer.cc[219] : (in function: improveOnce) - Minimization success! status=0
AsymptoticLimits.cc[552] : (in function: findExpectedLimitFromCrossing) - At r = 429.000000:	delta(nll) = 0.36959

CascadeMinimizer.cc[188] : (in function: improveOnce) - Minimization configured with Type=Minuit2, Algo=Migrad, strategy=0, tolerance=0.1
CascadeMinimizer.cc[215] : (in function: improveOnce) - Minimization finished with status=0
CascadeMinimizer.cc[219] : (in function: improveOnce) - Minimization success! status=0
AsymptoticLimits.cc[552] : (in function: findExpectedLimitFromCrossing) - At r = 430.000000:	delta(nll) = 0.37147

CascadeMinimizer.cc[188] : (in function: improveOnce) - Minimization configured with Type=Minuit2, Algo=Migrad, strategy=0, tolerance=0.1
CascadeMinimizer.cc[215] : (in function: improveOnce) - Minimization finished with status=0
CascadeMinimizer.cc[219] : (in function: improveOnce) - Minimization success! status=0
AsymptoticLimits.cc[552] : (in function: findExpectedLimitFromCrossing) - At r = 431.000000:	delta(nll) = 0.37298

CascadeMinimizer.cc[188] : (in function: improveOnce) - Minimization configured with Type=Minuit2, Algo=Migrad, strategy=0, tolerance=0.1
CascadeMinimizer.cc[215] : (in function: improveOnce) - Minimization finished with status=0
CascadeMinimizer.cc[219] : (in function: improveOnce) - Minimization success! status=0
AsymptoticLimits.cc[552] : (in function: findExpectedLimitFromCrossing) - At r = 432.000000:	delta(nll) = 0.37476

CascadeMinimizer.cc[188] : (in function: improveOnce) - Minimization configured with Type=Minuit2, Algo=Migrad, strategy=0, tolerance=0.1
CascadeMinimizer.cc[215] : (in function: improveOnce) - Minimization finished with status=0
CascadeMinimizer.cc[219] : (in function: improveOnce) - Minimization success! status=0
AsymptoticLimits.cc[552] : (in function: findExpectedLimitFromCrossing) - At r = 433.000000:	delta(nll) = 0.37665

CascadeMinimizer.cc[188] : (in function: improveOnce) - Minimization configured with Type=Minuit2, Algo=Migrad, strategy=0, tolerance=0.1
CascadeMinimizer.cc[215] : (in function: improveOnce) - Minimization finished with status=0
CascadeMinimizer.cc[219] : (in function: improveOnce) - Minimization success! status=0
AsymptoticLimits.cc[552] : (in function: findExpectedLimitFromCrossing) - At r = 434.000000:	delta(nll) = 0.37820

CascadeMinimizer.cc[188] : (in function: improveOnce) - Minimization configured with Type=Minuit2, Algo=Migrad, strategy=0, tolerance=0.1
CascadeMinimizer.cc[215] : (in function: improveOnce) - Minimization finished with status=0
CascadeMinimizer.cc[219] : (in function: improveOnce) - Minimization success! status=0
AsymptoticLimits.cc[552] : (in function: findExpectedLimitFromCrossing) - At r = 435.000000:	delta(nll) = 0.38001

CascadeMinimizer.cc[188] : (in function: improveOnce) - Minimization configured with Type=Minuit2, Algo=Migrad, strategy=0, tolerance=0.1
CascadeMinimizer.cc[215] : (in function: improveOnce) - Minimization finished with status=0
CascadeMinimizer.cc[219] : (in function: improveOnce) - Minimization success! status=0
AsymptoticLimits.cc[552] : (in function: findExpectedLimitFromCrossing) - At r = 436.000000:	delta(nll) = 0.38192

CascadeMinimizer.cc[188] : (in function: improveOnce) - Minimization configured with Type=Minuit2, Algo=Migrad, strategy=0, tolerance=0.1
CascadeMinimizer.cc[215] : (in function: improveOnce) - Minimization finished with status=0
CascadeMinimizer.cc[219] : (in function: improveOnce) - Minimization success! status=0
AsymptoticLimits.cc[552] : (in function: findExpectedLimitFromCrossing) - At r = 437.000000:	delta(nll) = 0.38344

CascadeMinimizer.cc[188] : (in function: improveOnce) - Minimization configured with Type=Minuit2, Algo=Migrad, strategy=0, tolerance=0.1
CascadeMinimizer.cc[215] : (in function: improveOnce) - Minimization finished with status=0
CascadeMinimizer.cc[219] : (in function: improveOnce) - Minimization success! status=0
AsymptoticLimits.cc[552] : (in function: findExpectedLimitFromCrossing) - At r = 438.000000:	delta(nll) = 0.38525

CascadeMinimizer.cc[188] : (in function: improveOnce) - Minimization configured with Type=Minuit2, Algo=Migrad, strategy=0, tolerance=0.1
CascadeMinimizer.cc[215] : (in function: improveOnce) - Minimization finished with status=0
CascadeMinimizer.cc[219] : (in function: improveOnce) - Minimization success! status=0
AsymptoticLimits.cc[552] : (in function: findExpectedLimitFromCrossing) - At r = 439.000000:	delta(nll) = 0.38716

CascadeMinimizer.cc[188] : (in function: improveOnce) - Minimization configured with Type=Minuit2, Algo=Migrad, strategy=0, tolerance=0.1
CascadeMinimizer.cc[215] : (in function: improveOnce) - Minimization finished with status=0
CascadeMinimizer.cc[219] : (in function: improveOnce) - Minimization success! status=0
AsymptoticLimits.cc[552] : (in function: findExpectedLimitFromCrossing) - At r = 440.000000:	delta(nll) = 0.38872

CascadeMinimizer.cc[188] : (in function: improveOnce) - Minimization configured with Type=Minuit2, Algo=Migrad, strategy=0, tolerance=0.1
CascadeMinimizer.cc[215] : (in function: improveOnce) - Minimization finished with status=0
CascadeMinimizer.cc[219] : (in function: improveOnce) - Minimization success! status=0
AsymptoticLimits.cc[552] : (in function: findExpectedLimitFromCrossing) - At r = 441.000000:	delta(nll) = 0.39054

CascadeMinimizer.cc[188] : (in function: improveOnce) - Minimization configured with Type=Minuit2, Algo=Migrad, strategy=0, tolerance=0.1
CascadeMinimizer.cc[215] : (in function: improveOnce) - Minimization finished with status=0
CascadeMinimizer.cc[219] : (in function: improveOnce) - Minimization success! status=0
AsymptoticLimits.cc[552] : (in function: findExpectedLimitFromCrossing) - At r = 442.000000:	delta(nll) = 0.39246

CascadeMinimizer.cc[188] : (in function: improveOnce) - Minimization configured with Type=Minuit2, Algo=Migrad, strategy=0, tolerance=0.1
CascadeMinimizer.cc[215] : (in function: improveOnce) - Minimization finished with status=0
CascadeMinimizer.cc[219] : (in function: improveOnce) - Minimization success! status=0
AsymptoticLimits.cc[552] : (in function: findExpectedLimitFromCrossing) - At r = 443.000000:	delta(nll) = 0.39403

CascadeMinimizer.cc[188] : (in function: improveOnce) - Minimization configured with Type=Minuit2, Algo=Migrad, strategy=0, tolerance=0.1
CascadeMinimizer.cc[215] : (in function: improveOnce) - Minimization finished with status=0
CascadeMinimizer.cc[219] : (in function: improveOnce) - Minimization success! status=0
AsymptoticLimits.cc[552] : (in function: findExpectedLimitFromCrossing) - At r = 444.000000:	delta(nll) = 0.39586

CascadeMinimizer.cc[188] : (in function: improveOnce) - Minimization configured with Type=Minuit2, Algo=Migrad, strategy=0, tolerance=0.1
CascadeMinimizer.cc[215] : (in function: improveOnce) - Minimization finished with status=0
CascadeMinimizer.cc[219] : (in function: improveOnce) - Minimization success! status=0
AsymptoticLimits.cc[552] : (in function: findExpectedLimitFromCrossing) - At r = 445.000000:	delta(nll) = 0.39780

CascadeMinimizer.cc[188] : (in function: improveOnce) - Minimization configured with Type=Minuit2, Algo=Migrad, strategy=0, tolerance=0.1
CascadeMinimizer.cc[215] : (in function: improveOnce) - Minimization finished with status=0
CascadeMinimizer.cc[219] : (in function: improveOnce) - Minimization success! status=0
AsymptoticLimits.cc[552] : (in function: findExpectedLimitFromCrossing) - At r = 446.000000:	delta(nll) = 0.39938

CascadeMinimizer.cc[188] : (in function: improveOnce) - Minimization configured with Type=Minuit2, Algo=Migrad, strategy=0, tolerance=0.1
CascadeMinimizer.cc[215] : (in function: improveOnce) - Minimization finished with status=0
CascadeMinimizer.cc[219] : (in function: improveOnce) - Minimization success! status=0
AsymptoticLimits.cc[552] : (in function: findExpectedLimitFromCrossing) - At r = 447.000000:	delta(nll) = 0.40122

CascadeMinimizer.cc[188] : (in function: improveOnce) - Minimization configured with Type=Minuit2, Algo=Migrad, strategy=0, tolerance=0.1
CascadeMinimizer.cc[215] : (in function: improveOnce) - Minimization finished with status=0
CascadeMinimizer.cc[219] : (in function: improveOnce) - Minimization success! status=0
AsymptoticLimits.cc[552] : (in function: findExpectedLimitFromCrossing) - At r = 448.000000:	delta(nll) = 0.40316

CascadeMinimizer.cc[188] : (in function: improveOnce) - Minimization configured with Type=Minuit2, Algo=Migrad, strategy=0, tolerance=0.1
CascadeMinimizer.cc[215] : (in function: improveOnce) - Minimization finished with status=0
CascadeMinimizer.cc[219] : (in function: improveOnce) - Minimization success! status=0
AsymptoticLimits.cc[552] : (in function: findExpectedLimitFromCrossing) - At r = 449.000000:	delta(nll) = 0.40475

CascadeMinimizer.cc[188] : (in function: improveOnce) - Minimization configured with Type=Minuit2, Algo=Migrad, strategy=0, tolerance=0.1
CascadeMinimizer.cc[215] : (in function: improveOnce) - Minimization finished with status=0
CascadeMinimizer.cc[219] : (in function: improveOnce) - Minimization success! status=0
AsymptoticLimits.cc[552] : (in function: findExpectedLimitFromCrossing) - At r = 450.000000:	delta(nll) = 0.40659

CascadeMinimizer.cc[188] : (in function: improveOnce) - Minimization configured with Type=Minuit2, Algo=Migrad, strategy=0, tolerance=0.1
CascadeMinimizer.cc[215] : (in function: improveOnce) - Minimization finished with status=0
CascadeMinimizer.cc[219] : (in function: improveOnce) - Minimization success! status=0
AsymptoticLimits.cc[552] : (in function: findExpectedLimitFromCrossing) - At r = 451.000000:	delta(nll) = 0.40854

CascadeMinimizer.cc[188] : (in function: improveOnce) - Minimization configured with Type=Minuit2, Algo=Migrad, strategy=0, tolerance=0.1
CascadeMinimizer.cc[215] : (in function: improveOnce) - Minimization finished with status=0
CascadeMinimizer.cc[219] : (in function: improveOnce) - Minimization success! status=0
AsymptoticLimits.cc[552] : (in function: findExpectedLimitFromCrossing) - At r = 452.000000:	delta(nll) = 0.41016

CascadeMinimizer.cc[188] : (in function: improveOnce) - Minimization configured with Type=Minuit2, Algo=Migrad, strategy=0, tolerance=0.1
CascadeMinimizer.cc[215] : (in function: improveOnce) - Minimization finished with status=0
CascadeMinimizer.cc[219] : (in function: improveOnce) - Minimization success! status=0
AsymptoticLimits.cc[552] : (in function: findExpectedLimitFromCrossing) - At r = 453.000000:	delta(nll) = 0.41203

CascadeMinimizer.cc[188] : (in function: improveOnce) - Minimization configured with Type=Minuit2, Algo=Migrad, strategy=0, tolerance=0.1
CascadeMinimizer.cc[215] : (in function: improveOnce) - Minimization finished with status=0
CascadeMinimizer.cc[219] : (in function: improveOnce) - Minimization success! status=0
AsymptoticLimits.cc[552] : (in function: findExpectedLimitFromCrossing) - At r = 454.000000:	delta(nll) = 0.41398

CascadeMinimizer.cc[188] : (in function: improveOnce) - Minimization configured with Type=Minuit2, Algo=Migrad, strategy=0, tolerance=0.1
CascadeMinimizer.cc[215] : (in function: improveOnce) - Minimization finished with status=0
CascadeMinimizer.cc[219] : (in function: improveOnce) - Minimization success! status=0
AsymptoticLimits.cc[552] : (in function: findExpectedLimitFromCrossing) - At r = 455.000000:	delta(nll) = 0.41563

CascadeMinimizer.cc[188] : (in function: improveOnce) - Minimization configured with Type=Minuit2, Algo=Migrad, strategy=0, tolerance=0.1
CascadeMinimizer.cc[215] : (in function: improveOnce) - Minimization finished with status=0
CascadeMinimizer.cc[219] : (in function: improveOnce) - Minimization success! status=0
AsymptoticLimits.cc[552] : (in function: findExpectedLimitFromCrossing) - At r = 456.000000:	delta(nll) = 0.41751

CascadeMinimizer.cc[188] : (in function: improveOnce) - Minimization configured with Type=Minuit2, Algo=Migrad, strategy=0, tolerance=0.1
CascadeMinimizer.cc[215] : (in function: improveOnce) - Minimization finished with status=0
CascadeMinimizer.cc[219] : (in function: improveOnce) - Minimization success! status=0
AsymptoticLimits.cc[552] : (in function: findExpectedLimitFromCrossing) - At r = 457.000000:	delta(nll) = 0.41949

CascadeMinimizer.cc[188] : (in function: improveOnce) - Minimization configured with Type=Minuit2, Algo=Migrad, strategy=0, tolerance=0.1
CascadeMinimizer.cc[215] : (in function: improveOnce) - Minimization finished with status=0
CascadeMinimizer.cc[219] : (in function: improveOnce) - Minimization success! status=0
AsymptoticLimits.cc[552] : (in function: findExpectedLimitFromCrossing) - At r = 458.000000:	delta(nll) = 0.42114

CascadeMinimizer.cc[188] : (in function: improveOnce) - Minimization configured with Type=Minuit2, Algo=Migrad, strategy=0, tolerance=0.1
CascadeMinimizer.cc[215] : (in function: improveOnce) - Minimization finished with status=0
CascadeMinimizer.cc[219] : (in function: improveOnce) - Minimization success! status=0
AsymptoticLimits.cc[552] : (in function: findExpectedLimitFromCrossing) - At r = 459.000000:	delta(nll) = 0.42303

CascadeMinimizer.cc[188] : (in function: improveOnce) - Minimization configured with Type=Minuit2, Algo=Migrad, strategy=0, tolerance=0.1
CascadeMinimizer.cc[215] : (in function: improveOnce) - Minimization finished with status=0
CascadeMinimizer.cc[219] : (in function: improveOnce) - Minimization success! status=0
AsymptoticLimits.cc[552] : (in function: findExpectedLimitFromCrossing) - At r = 460.000000:	delta(nll) = 0.42502

CascadeMinimizer.cc[188] : (in function: improveOnce) - Minimization configured with Type=Minuit2, Algo=Migrad, strategy=0, tolerance=0.1
CascadeMinimizer.cc[215] : (in function: improveOnce) - Minimization finished with status=0
CascadeMinimizer.cc[219] : (in function: improveOnce) - Minimization success! status=0
AsymptoticLimits.cc[552] : (in function: findExpectedLimitFromCrossing) - At r = 461.000000:	delta(nll) = 0.42666

CascadeMinimizer.cc[188] : (in function: improveOnce) - Minimization configured with Type=Minuit2, Algo=Migrad, strategy=0, tolerance=0.1
CascadeMinimizer.cc[215] : (in function: improveOnce) - Minimization finished with status=0
CascadeMinimizer.cc[219] : (in function: improveOnce) - Minimization success! status=0
AsymptoticLimits.cc[552] : (in function: findExpectedLimitFromCrossing) - At r = 462.000000:	delta(nll) = 0.42856

CascadeMinimizer.cc[188] : (in function: improveOnce) - Minimization configured with Type=Minuit2, Algo=Migrad, strategy=0, tolerance=0.1
CascadeMinimizer.cc[215] : (in function: improveOnce) - Minimization finished with status=0
CascadeMinimizer.cc[219] : (in function: improveOnce) - Minimization success! status=0
AsymptoticLimits.cc[552] : (in function: findExpectedLimitFromCrossing) - At r = 463.000000:	delta(nll) = 0.43056

CascadeMinimizer.cc[188] : (in function: improveOnce) - Minimization configured with Type=Minuit2, Algo=Migrad, strategy=0, tolerance=0.1
CascadeMinimizer.cc[215] : (in function: improveOnce) - Minimization finished with status=0
CascadeMinimizer.cc[219] : (in function: improveOnce) - Minimization success! status=0
AsymptoticLimits.cc[552] : (in function: findExpectedLimitFromCrossing) - At r = 464.000000:	delta(nll) = 0.43220

CascadeMinimizer.cc[188] : (in function: improveOnce) - Minimization configured with Type=Minuit2, Algo=Migrad, strategy=0, tolerance=0.1
CascadeMinimizer.cc[215] : (in function: improveOnce) - Minimization finished with status=0
CascadeMinimizer.cc[219] : (in function: improveOnce) - Minimization success! status=0
AsymptoticLimits.cc[552] : (in function: findExpectedLimitFromCrossing) - At r = 465.000000:	delta(nll) = 0.43410

CascadeMinimizer.cc[188] : (in function: improveOnce) - Minimization configured with Type=Minuit2, Algo=Migrad, strategy=0, tolerance=0.1
CascadeMinimizer.cc[215] : (in function: improveOnce) - Minimization finished with status=0
CascadeMinimizer.cc[219] : (in function: improveOnce) - Minimization success! status=0
AsymptoticLimits.cc[552] : (in function: findExpectedLimitFromCrossing) - At r = 466.000000:	delta(nll) = 0.43611

CascadeMinimizer.cc[188] : (in function: improveOnce) - Minimization configured with Type=Minuit2, Algo=Migrad, strategy=0, tolerance=0.1
CascadeMinimizer.cc[215] : (in function: improveOnce) - Minimization finished with status=0
CascadeMinimizer.cc[219] : (in function: improveOnce) - Minimization success! status=0
AsymptoticLimits.cc[552] : (in function: findExpectedLimitFromCrossing) - At r = 467.000000:	delta(nll) = 0.43816

CascadeMinimizer.cc[188] : (in function: improveOnce) - Minimization configured with Type=Minuit2, Algo=Migrad, strategy=0, tolerance=0.1
CascadeMinimizer.cc[215] : (in function: improveOnce) - Minimization finished with status=0
CascadeMinimizer.cc[219] : (in function: improveOnce) - Minimization success! status=0
AsymptoticLimits.cc[552] : (in function: findExpectedLimitFromCrossing) - At r = 468.000000:	delta(nll) = 0.43972

CascadeMinimizer.cc[188] : (in function: improveOnce) - Minimization configured with Type=Minuit2, Algo=Migrad, strategy=0, tolerance=0.1
CascadeMinimizer.cc[215] : (in function: improveOnce) - Minimization finished with status=0
CascadeMinimizer.cc[219] : (in function: improveOnce) - Minimization success! status=0
AsymptoticLimits.cc[552] : (in function: findExpectedLimitFromCrossing) - At r = 469.000000:	delta(nll) = 0.44166

CascadeMinimizer.cc[188] : (in function: improveOnce) - Minimization configured with Type=Minuit2, Algo=Migrad, strategy=0, tolerance=0.1
CascadeMinimizer.cc[215] : (in function: improveOnce) - Minimization finished with status=0
CascadeMinimizer.cc[219] : (in function: improveOnce) - Minimization success! status=0
AsymptoticLimits.cc[552] : (in function: findExpectedLimitFromCrossing) - At r = 470.000000:	delta(nll) = 0.44369

CascadeMinimizer.cc[188] : (in function: improveOnce) - Minimization configured with Type=Minuit2, Algo=Migrad, strategy=0, tolerance=0.1
CascadeMinimizer.cc[215] : (in function: improveOnce) - Minimization finished with status=0
CascadeMinimizer.cc[219] : (in function: improveOnce) - Minimization success! status=0
AsymptoticLimits.cc[552] : (in function: findExpectedLimitFromCrossing) - At r = 471.000000:	delta(nll) = 0.44534

CascadeMinimizer.cc[188] : (in function: improveOnce) - Minimization configured with Type=Minuit2, Algo=Migrad, strategy=0, tolerance=0.1
CascadeMinimizer.cc[215] : (in function: improveOnce) - Minimization finished with status=0
CascadeMinimizer.cc[219] : (in function: improveOnce) - Minimization success! status=0
AsymptoticLimits.cc[552] : (in function: findExpectedLimitFromCrossing) - At r = 472.000000:	delta(nll) = 0.44727

CascadeMinimizer.cc[188] : (in function: improveOnce) - Minimization configured with Type=Minuit2, Algo=Migrad, strategy=0, tolerance=0.1
CascadeMinimizer.cc[215] : (in function: improveOnce) - Minimization finished with status=0
CascadeMinimizer.cc[219] : (in function: improveOnce) - Minimization success! status=0
AsymptoticLimits.cc[552] : (in function: findExpectedLimitFromCrossing) - At r = 473.000000:	delta(nll) = 0.44929

CascadeMinimizer.cc[188] : (in function: improveOnce) - Minimization configured with Type=Minuit2, Algo=Migrad, strategy=0, tolerance=0.1
CascadeMinimizer.cc[215] : (in function: improveOnce) - Minimization finished with status=0
CascadeMinimizer.cc[219] : (in function: improveOnce) - Minimization success! status=0
AsymptoticLimits.cc[552] : (in function: findExpectedLimitFromCrossing) - At r = 474.000000:	delta(nll) = 0.45137

CascadeMinimizer.cc[188] : (in function: improveOnce) - Minimization configured with Type=Minuit2, Algo=Migrad, strategy=0, tolerance=0.1
CascadeMinimizer.cc[215] : (in function: improveOnce) - Minimization finished with status=0
CascadeMinimizer.cc[219] : (in function: improveOnce) - Minimization success! status=0
AsymptoticLimits.cc[552] : (in function: findExpectedLimitFromCrossing) - At r = 475.000000:	delta(nll) = 0.45296

CascadeMinimizer.cc[188] : (in function: improveOnce) - Minimization configured with Type=Minuit2, Algo=Migrad, strategy=0, tolerance=0.1
CascadeMinimizer.cc[215] : (in function: improveOnce) - Minimization finished with status=0
CascadeMinimizer.cc[219] : (in function: improveOnce) - Minimization success! status=0
AsymptoticLimits.cc[552] : (in function: findExpectedLimitFromCrossing) - At r = 476.000000:	delta(nll) = 0.45492

CascadeMinimizer.cc[188] : (in function: improveOnce) - Minimization configured with Type=Minuit2, Algo=Migrad, strategy=0, tolerance=0.1
CascadeMinimizer.cc[215] : (in function: improveOnce) - Minimization finished with status=0
CascadeMinimizer.cc[219] : (in function: improveOnce) - Minimization success! status=0
AsymptoticLimits.cc[552] : (in function: findExpectedLimitFromCrossing) - At r = 477.000000:	delta(nll) = 0.45698

CascadeMinimizer.cc[188] : (in function: improveOnce) - Minimization configured with Type=Minuit2, Algo=Migrad, strategy=0, tolerance=0.1
CascadeMinimizer.cc[215] : (in function: improveOnce) - Minimization finished with status=0
CascadeMinimizer.cc[219] : (in function: improveOnce) - Minimization success! status=0
AsymptoticLimits.cc[552] : (in function: findExpectedLimitFromCrossing) - At r = 478.000000:	delta(nll) = 0.45865

CascadeMinimizer.cc[188] : (in function: improveOnce) - Minimization configured with Type=Minuit2, Algo=Migrad, strategy=0, tolerance=0.1
CascadeMinimizer.cc[215] : (in function: improveOnce) - Minimization finished with status=0
CascadeMinimizer.cc[219] : (in function: improveOnce) - Minimization success! status=0
AsymptoticLimits.cc[552] : (in function: findExpectedLimitFromCrossing) - At r = 479.000000:	delta(nll) = 0.46060

CascadeMinimizer.cc[188] : (in function: improveOnce) - Minimization configured with Type=Minuit2, Algo=Migrad, strategy=0, tolerance=0.1
CascadeMinimizer.cc[215] : (in function: improveOnce) - Minimization finished with status=0
CascadeMinimizer.cc[219] : (in function: improveOnce) - Minimization success! status=0
AsymptoticLimits.cc[552] : (in function: findExpectedLimitFromCrossing) - At r = 480.000000:	delta(nll) = 0.46266

CascadeMinimizer.cc[188] : (in function: improveOnce) - Minimization configured with Type=Minuit2, Algo=Migrad, strategy=0, tolerance=0.1
CascadeMinimizer.cc[215] : (in function: improveOnce) - Minimization finished with status=0
CascadeMinimizer.cc[219] : (in function: improveOnce) - Minimization success! status=0
AsymptoticLimits.cc[552] : (in function: findExpectedLimitFromCrossing) - At r = 481.000000:	delta(nll) = 0.46442

CascadeMinimizer.cc[188] : (in function: improveOnce) - Minimization configured with Type=Minuit2, Algo=Migrad, strategy=0, tolerance=0.1
CascadeMinimizer.cc[215] : (in function: improveOnce) - Minimization finished with status=0
CascadeMinimizer.cc[219] : (in function: improveOnce) - Minimization success! status=0
AsymptoticLimits.cc[552] : (in function: findExpectedLimitFromCrossing) - At r = 482.000000:	delta(nll) = 0.46640

CascadeMinimizer.cc[188] : (in function: improveOnce) - Minimization configured with Type=Minuit2, Algo=Migrad, strategy=0, tolerance=0.1
CascadeMinimizer.cc[215] : (in function: improveOnce) - Minimization finished with status=0
CascadeMinimizer.cc[219] : (in function: improveOnce) - Minimization success! status=0
AsymptoticLimits.cc[552] : (in function: findExpectedLimitFromCrossing) - At r = 483.000000:	delta(nll) = 0.46848

CascadeMinimizer.cc[188] : (in function: improveOnce) - Minimization configured with Type=Minuit2, Algo=Migrad, strategy=0, tolerance=0.1
CascadeMinimizer.cc[215] : (in function: improveOnce) - Minimization finished with status=0
CascadeMinimizer.cc[219] : (in function: improveOnce) - Minimization success! status=0
AsymptoticLimits.cc[552] : (in function: findExpectedLimitFromCrossing) - At r = 484.000000:	delta(nll) = 0.47023

CascadeMinimizer.cc[188] : (in function: improveOnce) - Minimization configured with Type=Minuit2, Algo=Migrad, strategy=0, tolerance=0.1
CascadeMinimizer.cc[215] : (in function: improveOnce) - Minimization finished with status=0
CascadeMinimizer.cc[219] : (in function: improveOnce) - Minimization success! status=0
AsymptoticLimits.cc[552] : (in function: findExpectedLimitFromCrossing) - At r = 485.000000:	delta(nll) = 0.47221

CascadeMinimizer.cc[188] : (in function: improveOnce) - Minimization configured with Type=Minuit2, Algo=Migrad, strategy=0, tolerance=0.1
CascadeMinimizer.cc[215] : (in function: improveOnce) - Minimization finished with status=0
CascadeMinimizer.cc[219] : (in function: improveOnce) - Minimization success! status=0
AsymptoticLimits.cc[552] : (in function: findExpectedLimitFromCrossing) - At r = 486.000000:	delta(nll) = 0.47430

CascadeMinimizer.cc[188] : (in function: improveOnce) - Minimization configured with Type=Minuit2, Algo=Migrad, strategy=0, tolerance=0.1
CascadeMinimizer.cc[215] : (in function: improveOnce) - Minimization finished with status=0
CascadeMinimizer.cc[219] : (in function: improveOnce) - Minimization success! status=0
AsymptoticLimits.cc[552] : (in function: findExpectedLimitFromCrossing) - At r = 487.000000:	delta(nll) = 0.47643

CascadeMinimizer.cc[188] : (in function: improveOnce) - Minimization configured with Type=Minuit2, Algo=Migrad, strategy=0, tolerance=0.1
CascadeMinimizer.cc[215] : (in function: improveOnce) - Minimization finished with status=0
CascadeMinimizer.cc[219] : (in function: improveOnce) - Minimization success! status=0
AsymptoticLimits.cc[552] : (in function: findExpectedLimitFromCrossing) - At r = 488.000000:	delta(nll) = 0.47805

CascadeMinimizer.cc[188] : (in function: improveOnce) - Minimization configured with Type=Minuit2, Algo=Migrad, strategy=0, tolerance=0.1
CascadeMinimizer.cc[215] : (in function: improveOnce) - Minimization finished with status=0
CascadeMinimizer.cc[219] : (in function: improveOnce) - Minimization success! status=0
AsymptoticLimits.cc[552] : (in function: findExpectedLimitFromCrossing) - At r = 489.000000:	delta(nll) = 0.48007

CascadeMinimizer.cc[188] : (in function: improveOnce) - Minimization configured with Type=Minuit2, Algo=Migrad, strategy=0, tolerance=0.1
CascadeMinimizer.cc[215] : (in function: improveOnce) - Minimization finished with status=0
CascadeMinimizer.cc[219] : (in function: improveOnce) - Minimization success! status=0
AsymptoticLimits.cc[552] : (in function: findExpectedLimitFromCrossing) - At r = 490.000000:	delta(nll) = 0.48217

CascadeMinimizer.cc[188] : (in function: improveOnce) - Minimization configured with Type=Minuit2, Algo=Migrad, strategy=0, tolerance=0.1
CascadeMinimizer.cc[215] : (in function: improveOnce) - Minimization finished with status=0
CascadeMinimizer.cc[219] : (in function: improveOnce) - Minimization success! status=0
AsymptoticLimits.cc[552] : (in function: findExpectedLimitFromCrossing) - At r = 491.000000:	delta(nll) = 0.48431

CascadeMinimizer.cc[188] : (in function: improveOnce) - Minimization configured with Type=Minuit2, Algo=Migrad, strategy=0, tolerance=0.1
CascadeMinimizer.cc[215] : (in function: improveOnce) - Minimization finished with status=0
CascadeMinimizer.cc[219] : (in function: improveOnce) - Minimization success! status=0
AsymptoticLimits.cc[552] : (in function: findExpectedLimitFromCrossing) - At r = 492.000000:	delta(nll) = 0.48592

CascadeMinimizer.cc[188] : (in function: improveOnce) - Minimization configured with Type=Minuit2, Algo=Migrad, strategy=0, tolerance=0.1
CascadeMinimizer.cc[215] : (in function: improveOnce) - Minimization finished with status=0
CascadeMinimizer.cc[219] : (in function: improveOnce) - Minimization success! status=0
AsymptoticLimits.cc[552] : (in function: findExpectedLimitFromCrossing) - At r = 493.000000:	delta(nll) = 0.48795

CascadeMinimizer.cc[188] : (in function: improveOnce) - Minimization configured with Type=Minuit2, Algo=Migrad, strategy=0, tolerance=0.1
CascadeMinimizer.cc[215] : (in function: improveOnce) - Minimization finished with status=0
CascadeMinimizer.cc[219] : (in function: improveOnce) - Minimization success! status=0
AsymptoticLimits.cc[552] : (in function: findExpectedLimitFromCrossing) - At r = 494.000000:	delta(nll) = 0.49006

CascadeMinimizer.cc[188] : (in function: improveOnce) - Minimization configured with Type=Minuit2, Algo=Migrad, strategy=0, tolerance=0.1
CascadeMinimizer.cc[215] : (in function: improveOnce) - Minimization finished with status=0
CascadeMinimizer.cc[219] : (in function: improveOnce) - Minimization success! status=0
AsymptoticLimits.cc[552] : (in function: findExpectedLimitFromCrossing) - At r = 495.000000:	delta(nll) = 0.49222

CascadeMinimizer.cc[188] : (in function: improveOnce) - Minimization configured with Type=Minuit2, Algo=Migrad, strategy=0, tolerance=0.1
CascadeMinimizer.cc[215] : (in function: improveOnce) - Minimization finished with status=0
CascadeMinimizer.cc[219] : (in function: improveOnce) - Minimization success! status=0
AsymptoticLimits.cc[552] : (in function: findExpectedLimitFromCrossing) - At r = 496.000000:	delta(nll) = 0.49382

CascadeMinimizer.cc[188] : (in function: improveOnce) - Minimization configured with Type=Minuit2, Algo=Migrad, strategy=0, tolerance=0.1
CascadeMinimizer.cc[215] : (in function: improveOnce) - Minimization finished with status=0
CascadeMinimizer.cc[219] : (in function: improveOnce) - Minimization success! status=0
AsymptoticLimits.cc[552] : (in function: findExpectedLimitFromCrossing) - At r = 497.000000:	delta(nll) = 0.49585

CascadeMinimizer.cc[188] : (in function: improveOnce) - Minimization configured with Type=Minuit2, Algo=Migrad, strategy=0, tolerance=0.1
CascadeMinimizer.cc[215] : (in function: improveOnce) - Minimization finished with status=0
CascadeMinimizer.cc[219] : (in function: improveOnce) - Minimization success! status=0
AsymptoticLimits.cc[552] : (in function: findExpectedLimitFromCrossing) - At r = 498.000000:	delta(nll) = 0.49797

CascadeMinimizer.cc[188] : (in function: improveOnce) - Minimization configured with Type=Minuit2, Algo=Migrad, strategy=0, tolerance=0.1
CascadeMinimizer.cc[215] : (in function: improveOnce) - Minimization finished with status=0
CascadeMinimizer.cc[219] : (in function: improveOnce) - Minimization success! status=0
AsymptoticLimits.cc[552] : (in function: findExpectedLimitFromCrossing) - At r = 499.000000:	delta(nll) = 0.50014

CascadeMinimizer.cc[188] : (in function: improveOnce) - Minimization configured with Type=Minuit2, Algo=Migrad, strategy=0, tolerance=0.1
CascadeMinimizer.cc[215] : (in function: improveOnce) - Minimization finished with status=0
CascadeMinimizer.cc[219] : (in function: improveOnce) - Minimization success! status=0
AsymptoticLimits.cc[552] : (in function: findExpectedLimitFromCrossing) - At r = 500.000000:	delta(nll) = 0.50180

CascadeMinimizer.cc[188] : (in function: improveOnce) - Minimization configured with Type=Minuit2, Algo=Migrad, strategy=0, tolerance=0.1
CascadeMinimizer.cc[215] : (in function: improveOnce) - Minimization finished with status=0
CascadeMinimizer.cc[219] : (in function: improveOnce) - Minimization success! status=0
AsymptoticLimits.cc[552] : (in function: findExpectedLimitFromCrossing) - At r = 501.000000:	delta(nll) = 0.50384

CascadeMinimizer.cc[188] : (in function: improveOnce) - Minimization configured with Type=Minuit2, Algo=Migrad, strategy=0, tolerance=0.1
CascadeMinimizer.cc[215] : (in function: improveOnce) - Minimization finished with status=0
CascadeMinimizer.cc[219] : (in function: improveOnce) - Minimization success! status=0
AsymptoticLimits.cc[552] : (in function: findExpectedLimitFromCrossing) - At r = 502.000000:	delta(nll) = 0.50598

CascadeMinimizer.cc[188] : (in function: improveOnce) - Minimization configured with Type=Minuit2, Algo=Migrad, strategy=0, tolerance=0.1
CascadeMinimizer.cc[215] : (in function: improveOnce) - Minimization finished with status=0
CascadeMinimizer.cc[219] : (in function: improveOnce) - Minimization success! status=0
AsymptoticLimits.cc[552] : (in function: findExpectedLimitFromCrossing) - At r = 503.000000:	delta(nll) = 0.50818

CascadeMinimizer.cc[188] : (in function: improveOnce) - Minimization configured with Type=Minuit2, Algo=Migrad, strategy=0, tolerance=0.1
CascadeMinimizer.cc[215] : (in function: improveOnce) - Minimization finished with status=0
CascadeMinimizer.cc[219] : (in function: improveOnce) - Minimization success! status=0
AsymptoticLimits.cc[552] : (in function: findExpectedLimitFromCrossing) - At r = 504.000000:	delta(nll) = 0.50985

CascadeMinimizer.cc[188] : (in function: improveOnce) - Minimization configured with Type=Minuit2, Algo=Migrad, strategy=0, tolerance=0.1
CascadeMinimizer.cc[215] : (in function: improveOnce) - Minimization finished with status=0
CascadeMinimizer.cc[219] : (in function: improveOnce) - Minimization success! status=0
AsymptoticLimits.cc[552] : (in function: findExpectedLimitFromCrossing) - At r = 505.000000:	delta(nll) = 0.51191

CascadeMinimizer.cc[188] : (in function: improveOnce) - Minimization configured with Type=Minuit2, Algo=Migrad, strategy=0, tolerance=0.1
CascadeMinimizer.cc[215] : (in function: improveOnce) - Minimization finished with status=0
CascadeMinimizer.cc[219] : (in function: improveOnce) - Minimization success! status=0
AsymptoticLimits.cc[552] : (in function: findExpectedLimitFromCrossing) - At r = 506.000000:	delta(nll) = 0.51407

CascadeMinimizer.cc[188] : (in function: improveOnce) - Minimization configured with Type=Minuit2, Algo=Migrad, strategy=0, tolerance=0.1
CascadeMinimizer.cc[215] : (in function: improveOnce) - Minimization finished with status=0
CascadeMinimizer.cc[219] : (in function: improveOnce) - Minimization success! status=0
AsymptoticLimits.cc[552] : (in function: findExpectedLimitFromCrossing) - At r = 507.000000:	delta(nll) = 0.51628

CascadeMinimizer.cc[188] : (in function: improveOnce) - Minimization configured with Type=Minuit2, Algo=Migrad, strategy=0, tolerance=0.1
CascadeMinimizer.cc[215] : (in function: improveOnce) - Minimization finished with status=0
CascadeMinimizer.cc[219] : (in function: improveOnce) - Minimization success! status=0
AsymptoticLimits.cc[552] : (in function: findExpectedLimitFromCrossing) - At r = 508.000000:	delta(nll) = 0.51796

CascadeMinimizer.cc[188] : (in function: improveOnce) - Minimization configured with Type=Minuit2, Algo=Migrad, strategy=0, tolerance=0.1
CascadeMinimizer.cc[215] : (in function: improveOnce) - Minimization finished with status=0
CascadeMinimizer.cc[219] : (in function: improveOnce) - Minimization success! status=0
AsymptoticLimits.cc[552] : (in function: findExpectedLimitFromCrossing) - At r = 509.000000:	delta(nll) = 0.52004

CascadeMinimizer.cc[188] : (in function: improveOnce) - Minimization configured with Type=Minuit2, Algo=Migrad, strategy=0, tolerance=0.1
CascadeMinimizer.cc[215] : (in function: improveOnce) - Minimization finished with status=0
CascadeMinimizer.cc[219] : (in function: improveOnce) - Minimization success! status=0
AsymptoticLimits.cc[552] : (in function: findExpectedLimitFromCrossing) - At r = 510.000000:	delta(nll) = 0.52221

CascadeMinimizer.cc[188] : (in function: improveOnce) - Minimization configured with Type=Minuit2, Algo=Migrad, strategy=0, tolerance=0.1
CascadeMinimizer.cc[215] : (in function: improveOnce) - Minimization finished with status=0
CascadeMinimizer.cc[219] : (in function: improveOnce) - Minimization success! status=0
AsymptoticLimits.cc[552] : (in function: findExpectedLimitFromCrossing) - At r = 511.000000:	delta(nll) = 0.52443

CascadeMinimizer.cc[188] : (in function: improveOnce) - Minimization configured with Type=Minuit2, Algo=Migrad, strategy=0, tolerance=0.1
CascadeMinimizer.cc[215] : (in function: improveOnce) - Minimization finished with status=0
CascadeMinimizer.cc[219] : (in function: improveOnce) - Minimization success! status=0
AsymptoticLimits.cc[552] : (in function: findExpectedLimitFromCrossing) - At r = 512.000000:	delta(nll) = 0.52615

CascadeMinimizer.cc[188] : (in function: improveOnce) - Minimization configured with Type=Minuit2, Algo=Migrad, strategy=0, tolerance=0.1
CascadeMinimizer.cc[215] : (in function: improveOnce) - Minimization finished with status=0
CascadeMinimizer.cc[219] : (in function: improveOnce) - Minimization success! status=0
AsymptoticLimits.cc[552] : (in function: findExpectedLimitFromCrossing) - At r = 513.000000:	delta(nll) = 0.52824

CascadeMinimizer.cc[188] : (in function: improveOnce) - Minimization configured with Type=Minuit2, Algo=Migrad, strategy=0, tolerance=0.1
CascadeMinimizer.cc[215] : (in function: improveOnce) - Minimization finished with status=0
CascadeMinimizer.cc[219] : (in function: improveOnce) - Minimization success! status=0
AsymptoticLimits.cc[552] : (in function: findExpectedLimitFromCrossing) - At r = 514.000000:	delta(nll) = 0.53043

CascadeMinimizer.cc[188] : (in function: improveOnce) - Minimization configured with Type=Minuit2, Algo=Migrad, strategy=0, tolerance=0.1
CascadeMinimizer.cc[215] : (in function: improveOnce) - Minimization finished with status=0
CascadeMinimizer.cc[219] : (in function: improveOnce) - Minimization success! status=0
AsymptoticLimits.cc[552] : (in function: findExpectedLimitFromCrossing) - At r = 515.000000:	delta(nll) = 0.53266

CascadeMinimizer.cc[188] : (in function: improveOnce) - Minimization configured with Type=Minuit2, Algo=Migrad, strategy=0, tolerance=0.1
CascadeMinimizer.cc[215] : (in function: improveOnce) - Minimization finished with status=0
CascadeMinimizer.cc[219] : (in function: improveOnce) - Minimization success! status=0
AsymptoticLimits.cc[552] : (in function: findExpectedLimitFromCrossing) - At r = 516.000000:	delta(nll) = 0.53437

CascadeMinimizer.cc[188] : (in function: improveOnce) - Minimization configured with Type=Minuit2, Algo=Migrad, strategy=0, tolerance=0.1
CascadeMinimizer.cc[215] : (in function: improveOnce) - Minimization finished with status=0
CascadeMinimizer.cc[219] : (in function: improveOnce) - Minimization success! status=0
AsymptoticLimits.cc[552] : (in function: findExpectedLimitFromCrossing) - At r = 517.000000:	delta(nll) = 0.53648

CascadeMinimizer.cc[188] : (in function: improveOnce) - Minimization configured with Type=Minuit2, Algo=Migrad, strategy=0, tolerance=0.1
CascadeMinimizer.cc[215] : (in function: improveOnce) - Minimization finished with status=0
CascadeMinimizer.cc[219] : (in function: improveOnce) - Minimization success! status=0
AsymptoticLimits.cc[552] : (in function: findExpectedLimitFromCrossing) - At r = 518.000000:	delta(nll) = 0.53868

CascadeMinimizer.cc[188] : (in function: improveOnce) - Minimization configured with Type=Minuit2, Algo=Migrad, strategy=0, tolerance=0.1
CascadeMinimizer.cc[215] : (in function: improveOnce) - Minimization finished with status=0
CascadeMinimizer.cc[219] : (in function: improveOnce) - Minimization success! status=0
AsymptoticLimits.cc[552] : (in function: findExpectedLimitFromCrossing) - At r = 519.000000:	delta(nll) = 0.54092

CascadeMinimizer.cc[188] : (in function: improveOnce) - Minimization configured with Type=Minuit2, Algo=Migrad, strategy=0, tolerance=0.1
CascadeMinimizer.cc[215] : (in function: improveOnce) - Minimization finished with status=0
CascadeMinimizer.cc[219] : (in function: improveOnce) - Minimization success! status=0
AsymptoticLimits.cc[552] : (in function: findExpectedLimitFromCrossing) - At r = 520.000000:	delta(nll) = 0.54269

CascadeMinimizer.cc[188] : (in function: improveOnce) - Minimization configured with Type=Minuit2, Algo=Migrad, strategy=0, tolerance=0.1
CascadeMinimizer.cc[215] : (in function: improveOnce) - Minimization finished with status=0
CascadeMinimizer.cc[219] : (in function: improveOnce) - Minimization success! status=0
AsymptoticLimits.cc[552] : (in function: findExpectedLimitFromCrossing) - At r = 521.000000:	delta(nll) = 0.54481

CascadeMinimizer.cc[188] : (in function: improveOnce) - Minimization configured with Type=Minuit2, Algo=Migrad, strategy=0, tolerance=0.1
CascadeMinimizer.cc[215] : (in function: improveOnce) - Minimization finished with status=0
CascadeMinimizer.cc[219] : (in function: improveOnce) - Minimization success! status=0
AsymptoticLimits.cc[552] : (in function: findExpectedLimitFromCrossing) - At r = 522.000000:	delta(nll) = 0.54702

CascadeMinimizer.cc[188] : (in function: improveOnce) - Minimization configured with Type=Minuit2, Algo=Migrad, strategy=0, tolerance=0.1
CascadeMinimizer.cc[215] : (in function: improveOnce) - Minimization finished with status=0
CascadeMinimizer.cc[219] : (in function: improveOnce) - Minimization success! status=0
AsymptoticLimits.cc[552] : (in function: findExpectedLimitFromCrossing) - At r = 523.000000:	delta(nll) = 0.54929

CascadeMinimizer.cc[188] : (in function: improveOnce) - Minimization configured with Type=Minuit2, Algo=Migrad, strategy=0, tolerance=0.1
CascadeMinimizer.cc[215] : (in function: improveOnce) - Minimization finished with status=0
CascadeMinimizer.cc[219] : (in function: improveOnce) - Minimization success! status=0
AsymptoticLimits.cc[552] : (in function: findExpectedLimitFromCrossing) - At r = 524.000000:	delta(nll) = 0.55104

CascadeMinimizer.cc[188] : (in function: improveOnce) - Minimization configured with Type=Minuit2, Algo=Migrad, strategy=0, tolerance=0.1
CascadeMinimizer.cc[215] : (in function: improveOnce) - Minimization finished with status=0
CascadeMinimizer.cc[219] : (in function: improveOnce) - Minimization success! status=0
AsymptoticLimits.cc[552] : (in function: findExpectedLimitFromCrossing) - At r = 525.000000:	delta(nll) = 0.55317

CascadeMinimizer.cc[188] : (in function: improveOnce) - Minimization configured with Type=Minuit2, Algo=Migrad, strategy=0, tolerance=0.1
CascadeMinimizer.cc[215] : (in function: improveOnce) - Minimization finished with status=0
CascadeMinimizer.cc[219] : (in function: improveOnce) - Minimization success! status=0
AsymptoticLimits.cc[552] : (in function: findExpectedLimitFromCrossing) - At r = 526.000000:	delta(nll) = 0.55540

CascadeMinimizer.cc[188] : (in function: improveOnce) - Minimization configured with Type=Minuit2, Algo=Migrad, strategy=0, tolerance=0.1
CascadeMinimizer.cc[215] : (in function: improveOnce) - Minimization finished with status=0
CascadeMinimizer.cc[219] : (in function: improveOnce) - Minimization success! status=0
AsymptoticLimits.cc[552] : (in function: findExpectedLimitFromCrossing) - At r = 527.000000:	delta(nll) = 0.55768

CascadeMinimizer.cc[188] : (in function: improveOnce) - Minimization configured with Type=Minuit2, Algo=Migrad, strategy=0, tolerance=0.1
CascadeMinimizer.cc[215] : (in function: improveOnce) - Minimization finished with status=0
CascadeMinimizer.cc[219] : (in function: improveOnce) - Minimization success! status=0
AsymptoticLimits.cc[552] : (in function: findExpectedLimitFromCrossing) - At r = 528.000000:	delta(nll) = 0.55947

CascadeMinimizer.cc[188] : (in function: improveOnce) - Minimization configured with Type=Minuit2, Algo=Migrad, strategy=0, tolerance=0.1
CascadeMinimizer.cc[215] : (in function: improveOnce) - Minimization finished with status=0
CascadeMinimizer.cc[219] : (in function: improveOnce) - Minimization success! status=0
AsymptoticLimits.cc[552] : (in function: findExpectedLimitFromCrossing) - At r = 529.000000:	delta(nll) = 0.56162

CascadeMinimizer.cc[188] : (in function: improveOnce) - Minimization configured with Type=Minuit2, Algo=Migrad, strategy=0, tolerance=0.1
CascadeMinimizer.cc[215] : (in function: improveOnce) - Minimization finished with status=0
CascadeMinimizer.cc[219] : (in function: improveOnce) - Minimization success! status=0
AsymptoticLimits.cc[552] : (in function: findExpectedLimitFromCrossing) - At r = 530.000000:	delta(nll) = 0.56387

CascadeMinimizer.cc[188] : (in function: improveOnce) - Minimization configured with Type=Minuit2, Algo=Migrad, strategy=0, tolerance=0.1
CascadeMinimizer.cc[215] : (in function: improveOnce) - Minimization finished with status=0
CascadeMinimizer.cc[219] : (in function: improveOnce) - Minimization success! status=0
AsymptoticLimits.cc[552] : (in function: findExpectedLimitFromCrossing) - At r = 531.000000:	delta(nll) = 0.56616

CascadeMinimizer.cc[188] : (in function: improveOnce) - Minimization configured with Type=Minuit2, Algo=Migrad, strategy=0, tolerance=0.1
CascadeMinimizer.cc[215] : (in function: improveOnce) - Minimization finished with status=0
CascadeMinimizer.cc[219] : (in function: improveOnce) - Minimization success! status=0
AsymptoticLimits.cc[552] : (in function: findExpectedLimitFromCrossing) - At r = 532.000000:	delta(nll) = 0.56793

CascadeMinimizer.cc[188] : (in function: improveOnce) - Minimization configured with Type=Minuit2, Algo=Migrad, strategy=0, tolerance=0.1
CascadeMinimizer.cc[215] : (in function: improveOnce) - Minimization finished with status=0
CascadeMinimizer.cc[219] : (in function: improveOnce) - Minimization success! status=0
AsymptoticLimits.cc[552] : (in function: findExpectedLimitFromCrossing) - At r = 533.000000:	delta(nll) = 0.57009

CascadeMinimizer.cc[188] : (in function: improveOnce) - Minimization configured with Type=Minuit2, Algo=Migrad, strategy=0, tolerance=0.1
CascadeMinimizer.cc[215] : (in function: improveOnce) - Minimization finished with status=0
CascadeMinimizer.cc[219] : (in function: improveOnce) - Minimization success! status=0
AsymptoticLimits.cc[552] : (in function: findExpectedLimitFromCrossing) - At r = 534.000000:	delta(nll) = 0.57234

CascadeMinimizer.cc[188] : (in function: improveOnce) - Minimization configured with Type=Minuit2, Algo=Migrad, strategy=0, tolerance=0.1
CascadeMinimizer.cc[215] : (in function: improveOnce) - Minimization finished with status=0
CascadeMinimizer.cc[219] : (in function: improveOnce) - Minimization success! status=0
AsymptoticLimits.cc[552] : (in function: findExpectedLimitFromCrossing) - At r = 535.000000:	delta(nll) = 0.57465

CascadeMinimizer.cc[188] : (in function: improveOnce) - Minimization configured with Type=Minuit2, Algo=Migrad, strategy=0, tolerance=0.1
CascadeMinimizer.cc[215] : (in function: improveOnce) - Minimization finished with status=0
CascadeMinimizer.cc[219] : (in function: improveOnce) - Minimization success! status=0
AsymptoticLimits.cc[552] : (in function: findExpectedLimitFromCrossing) - At r = 536.000000:	delta(nll) = 0.57649

CascadeMinimizer.cc[188] : (in function: improveOnce) - Minimization configured with Type=Minuit2, Algo=Migrad, strategy=0, tolerance=0.1
CascadeMinimizer.cc[215] : (in function: improveOnce) - Minimization finished with status=0
CascadeMinimizer.cc[219] : (in function: improveOnce) - Minimization success! status=0
AsymptoticLimits.cc[552] : (in function: findExpectedLimitFromCrossing) - At r = 537.000000:	delta(nll) = 0.57868

CascadeMinimizer.cc[188] : (in function: improveOnce) - Minimization configured with Type=Minuit2, Algo=Migrad, strategy=0, tolerance=0.1
CascadeMinimizer.cc[215] : (in function: improveOnce) - Minimization finished with status=0
CascadeMinimizer.cc[219] : (in function: improveOnce) - Minimization success! status=0
AsymptoticLimits.cc[552] : (in function: findExpectedLimitFromCrossing) - At r = 538.000000:	delta(nll) = 0.58095

CascadeMinimizer.cc[188] : (in function: improveOnce) - Minimization configured with Type=Minuit2, Algo=Migrad, strategy=0, tolerance=0.1
CascadeMinimizer.cc[215] : (in function: improveOnce) - Minimization finished with status=0
CascadeMinimizer.cc[219] : (in function: improveOnce) - Minimization success! status=0
AsymptoticLimits.cc[552] : (in function: findExpectedLimitFromCrossing) - At r = 539.000000:	delta(nll) = 0.58328

CascadeMinimizer.cc[188] : (in function: improveOnce) - Minimization configured with Type=Minuit2, Algo=Migrad, strategy=0, tolerance=0.1
CascadeMinimizer.cc[215] : (in function: improveOnce) - Minimization finished with status=0
CascadeMinimizer.cc[219] : (in function: improveOnce) - Minimization success! status=0
AsymptoticLimits.cc[552] : (in function: findExpectedLimitFromCrossing) - At r = 540.000000:	delta(nll) = 0.58511

CascadeMinimizer.cc[188] : (in function: improveOnce) - Minimization configured with Type=Minuit2, Algo=Migrad, strategy=0, tolerance=0.1
CascadeMinimizer.cc[215] : (in function: improveOnce) - Minimization finished with status=0
CascadeMinimizer.cc[219] : (in function: improveOnce) - Minimization success! status=0
AsymptoticLimits.cc[552] : (in function: findExpectedLimitFromCrossing) - At r = 541.000000:	delta(nll) = 0.58732

CascadeMinimizer.cc[188] : (in function: improveOnce) - Minimization configured with Type=Minuit2, Algo=Migrad, strategy=0, tolerance=0.1
CascadeMinimizer.cc[215] : (in function: improveOnce) - Minimization finished with status=0
CascadeMinimizer.cc[219] : (in function: improveOnce) - Minimization success! status=0
AsymptoticLimits.cc[552] : (in function: findExpectedLimitFromCrossing) - At r = 542.000000:	delta(nll) = 0.58961

CascadeMinimizer.cc[188] : (in function: improveOnce) - Minimization configured with Type=Minuit2, Algo=Migrad, strategy=0, tolerance=0.1
CascadeMinimizer.cc[215] : (in function: improveOnce) - Minimization finished with status=0
CascadeMinimizer.cc[219] : (in function: improveOnce) - Minimization success! status=0
AsymptoticLimits.cc[552] : (in function: findExpectedLimitFromCrossing) - At r = 543.000000:	delta(nll) = 0.59195

CascadeMinimizer.cc[188] : (in function: improveOnce) - Minimization configured with Type=Minuit2, Algo=Migrad, strategy=0, tolerance=0.1
CascadeMinimizer.cc[215] : (in function: improveOnce) - Minimization finished with status=0
CascadeMinimizer.cc[219] : (in function: improveOnce) - Minimization success! status=0
AsymptoticLimits.cc[552] : (in function: findExpectedLimitFromCrossing) - At r = 544.000000:	delta(nll) = 0.59380

CascadeMinimizer.cc[188] : (in function: improveOnce) - Minimization configured with Type=Minuit2, Algo=Migrad, strategy=0, tolerance=0.1
CascadeMinimizer.cc[215] : (in function: improveOnce) - Minimization finished with status=0
CascadeMinimizer.cc[219] : (in function: improveOnce) - Minimization success! status=0
AsymptoticLimits.cc[552] : (in function: findExpectedLimitFromCrossing) - At r = 545.000000:	delta(nll) = 0.59602

CascadeMinimizer.cc[188] : (in function: improveOnce) - Minimization configured with Type=Minuit2, Algo=Migrad, strategy=0, tolerance=0.1
CascadeMinimizer.cc[215] : (in function: improveOnce) - Minimization finished with status=0
CascadeMinimizer.cc[219] : (in function: improveOnce) - Minimization success! status=0
AsymptoticLimits.cc[552] : (in function: findExpectedLimitFromCrossing) - At r = 546.000000:	delta(nll) = 0.59832

CascadeMinimizer.cc[188] : (in function: improveOnce) - Minimization configured with Type=Minuit2, Algo=Migrad, strategy=0, tolerance=0.1
CascadeMinimizer.cc[215] : (in function: improveOnce) - Minimization finished with status=0
CascadeMinimizer.cc[219] : (in function: improveOnce) - Minimization success! status=0
AsymptoticLimits.cc[552] : (in function: findExpectedLimitFromCrossing) - At r = 547.000000:	delta(nll) = 0.60069

CascadeMinimizer.cc[188] : (in function: improveOnce) - Minimization configured with Type=Minuit2, Algo=Migrad, strategy=0, tolerance=0.1
CascadeMinimizer.cc[215] : (in function: improveOnce) - Minimization finished with status=0
CascadeMinimizer.cc[219] : (in function: improveOnce) - Minimization success! status=0
AsymptoticLimits.cc[552] : (in function: findExpectedLimitFromCrossing) - At r = 548.000000:	delta(nll) = 0.60255

CascadeMinimizer.cc[188] : (in function: improveOnce) - Minimization configured with Type=Minuit2, Algo=Migrad, strategy=0, tolerance=0.1
CascadeMinimizer.cc[215] : (in function: improveOnce) - Minimization finished with status=0
CascadeMinimizer.cc[219] : (in function: improveOnce) - Minimization success! status=0
AsymptoticLimits.cc[552] : (in function: findExpectedLimitFromCrossing) - At r = 549.000000:	delta(nll) = 0.60478

CascadeMinimizer.cc[188] : (in function: improveOnce) - Minimization configured with Type=Minuit2, Algo=Migrad, strategy=0, tolerance=0.1
CascadeMinimizer.cc[215] : (in function: improveOnce) - Minimization finished with status=0
CascadeMinimizer.cc[219] : (in function: improveOnce) - Minimization success! status=0
AsymptoticLimits.cc[552] : (in function: findExpectedLimitFromCrossing) - At r = 550.000000:	delta(nll) = 0.60709

CascadeMinimizer.cc[188] : (in function: improveOnce) - Minimization configured with Type=Minuit2, Algo=Migrad, strategy=0, tolerance=0.1
CascadeMinimizer.cc[215] : (in function: improveOnce) - Minimization finished with status=0
CascadeMinimizer.cc[219] : (in function: improveOnce) - Minimization success! status=0
AsymptoticLimits.cc[552] : (in function: findExpectedLimitFromCrossing) - At r = 551.000000:	delta(nll) = 0.60946

CascadeMinimizer.cc[188] : (in function: improveOnce) - Minimization configured with Type=Minuit2, Algo=Migrad, strategy=0, tolerance=0.1
CascadeMinimizer.cc[215] : (in function: improveOnce) - Minimization finished with status=0
CascadeMinimizer.cc[219] : (in function: improveOnce) - Minimization success! status=0
AsymptoticLimits.cc[552] : (in function: findExpectedLimitFromCrossing) - At r = 552.000000:	delta(nll) = 0.61135

CascadeMinimizer.cc[188] : (in function: improveOnce) - Minimization configured with Type=Minuit2, Algo=Migrad, strategy=0, tolerance=0.1
CascadeMinimizer.cc[215] : (in function: improveOnce) - Minimization finished with status=0
CascadeMinimizer.cc[219] : (in function: improveOnce) - Minimization success! status=0
AsymptoticLimits.cc[552] : (in function: findExpectedLimitFromCrossing) - At r = 553.000000:	delta(nll) = 0.61359

CascadeMinimizer.cc[188] : (in function: improveOnce) - Minimization configured with Type=Minuit2, Algo=Migrad, strategy=0, tolerance=0.1
CascadeMinimizer.cc[215] : (in function: improveOnce) - Minimization finished with status=0
CascadeMinimizer.cc[219] : (in function: improveOnce) - Minimization success! status=0
AsymptoticLimits.cc[552] : (in function: findExpectedLimitFromCrossing) - At r = 554.000000:	delta(nll) = 0.61592

CascadeMinimizer.cc[188] : (in function: improveOnce) - Minimization configured with Type=Minuit2, Algo=Migrad, strategy=0, tolerance=0.1
CascadeMinimizer.cc[215] : (in function: improveOnce) - Minimization finished with status=0
CascadeMinimizer.cc[219] : (in function: improveOnce) - Minimization success! status=0
AsymptoticLimits.cc[552] : (in function: findExpectedLimitFromCrossing) - At r = 555.000000:	delta(nll) = 0.61830

CascadeMinimizer.cc[188] : (in function: improveOnce) - Minimization configured with Type=Minuit2, Algo=Migrad, strategy=0, tolerance=0.1
CascadeMinimizer.cc[215] : (in function: improveOnce) - Minimization finished with status=0
CascadeMinimizer.cc[219] : (in function: improveOnce) - Minimization success! status=0
AsymptoticLimits.cc[552] : (in function: findExpectedLimitFromCrossing) - At r = 556.000000:	delta(nll) = 0.62021

CascadeMinimizer.cc[188] : (in function: improveOnce) - Minimization configured with Type=Minuit2, Algo=Migrad, strategy=0, tolerance=0.1
CascadeMinimizer.cc[215] : (in function: improveOnce) - Minimization finished with status=0
CascadeMinimizer.cc[219] : (in function: improveOnce) - Minimization success! status=0
AsymptoticLimits.cc[552] : (in function: findExpectedLimitFromCrossing) - At r = 557.000000:	delta(nll) = 0.62247

CascadeMinimizer.cc[188] : (in function: improveOnce) - Minimization configured with Type=Minuit2, Algo=Migrad, strategy=0, tolerance=0.1
CascadeMinimizer.cc[215] : (in function: improveOnce) - Minimization finished with status=0
CascadeMinimizer.cc[219] : (in function: improveOnce) - Minimization success! status=0
AsymptoticLimits.cc[552] : (in function: findExpectedLimitFromCrossing) - At r = 558.000000:	delta(nll) = 0.62482

CascadeMinimizer.cc[188] : (in function: improveOnce) - Minimization configured with Type=Minuit2, Algo=Migrad, strategy=0, tolerance=0.1
CascadeMinimizer.cc[215] : (in function: improveOnce) - Minimization finished with status=0
CascadeMinimizer.cc[219] : (in function: improveOnce) - Minimization success! status=0
AsymptoticLimits.cc[552] : (in function: findExpectedLimitFromCrossing) - At r = 559.000000:	delta(nll) = 0.62722

CascadeMinimizer.cc[188] : (in function: improveOnce) - Minimization configured with Type=Minuit2, Algo=Migrad, strategy=0, tolerance=0.1
CascadeMinimizer.cc[215] : (in function: improveOnce) - Minimization finished with status=0
CascadeMinimizer.cc[219] : (in function: improveOnce) - Minimization success! status=0
AsymptoticLimits.cc[552] : (in function: findExpectedLimitFromCrossing) - At r = 560.000000:	delta(nll) = 0.62915

CascadeMinimizer.cc[188] : (in function: improveOnce) - Minimization configured with Type=Minuit2, Algo=Migrad, strategy=0, tolerance=0.1
CascadeMinimizer.cc[215] : (in function: improveOnce) - Minimization finished with status=0
CascadeMinimizer.cc[219] : (in function: improveOnce) - Minimization success! status=0
AsymptoticLimits.cc[552] : (in function: findExpectedLimitFromCrossing) - At r = 561.000000:	delta(nll) = 0.63144

CascadeMinimizer.cc[188] : (in function: improveOnce) - Minimization configured with Type=Minuit2, Algo=Migrad, strategy=0, tolerance=0.1
CascadeMinimizer.cc[215] : (in function: improveOnce) - Minimization finished with status=0
CascadeMinimizer.cc[219] : (in function: improveOnce) - Minimization success! status=0
AsymptoticLimits.cc[552] : (in function: findExpectedLimitFromCrossing) - At r = 562.000000:	delta(nll) = 0.63382

CascadeMinimizer.cc[188] : (in function: improveOnce) - Minimization configured with Type=Minuit2, Algo=Migrad, strategy=0, tolerance=0.1
CascadeMinimizer.cc[215] : (in function: improveOnce) - Minimization finished with status=0
CascadeMinimizer.cc[219] : (in function: improveOnce) - Minimization success! status=0
AsymptoticLimits.cc[552] : (in function: findExpectedLimitFromCrossing) - At r = 563.000000:	delta(nll) = 0.63624

CascadeMinimizer.cc[188] : (in function: improveOnce) - Minimization configured with Type=Minuit2, Algo=Migrad, strategy=0, tolerance=0.1
CascadeMinimizer.cc[215] : (in function: improveOnce) - Minimization finished with status=0
CascadeMinimizer.cc[219] : (in function: improveOnce) - Minimization success! status=0
AsymptoticLimits.cc[552] : (in function: findExpectedLimitFromCrossing) - At r = 564.000000:	delta(nll) = 0.63815

CascadeMinimizer.cc[188] : (in function: improveOnce) - Minimization configured with Type=Minuit2, Algo=Migrad, strategy=0, tolerance=0.1
CascadeMinimizer.cc[215] : (in function: improveOnce) - Minimization finished with status=0
CascadeMinimizer.cc[219] : (in function: improveOnce) - Minimization success! status=0
AsymptoticLimits.cc[552] : (in function: findExpectedLimitFromCrossing) - At r = 565.000000:	delta(nll) = 0.64045

CascadeMinimizer.cc[188] : (in function: improveOnce) - Minimization configured with Type=Minuit2, Algo=Migrad, strategy=0, tolerance=0.1
CascadeMinimizer.cc[215] : (in function: improveOnce) - Minimization finished with status=0
CascadeMinimizer.cc[219] : (in function: improveOnce) - Minimization success! status=0
AsymptoticLimits.cc[552] : (in function: findExpectedLimitFromCrossing) - At r = 566.000000:	delta(nll) = 0.64283

CascadeMinimizer.cc[188] : (in function: improveOnce) - Minimization configured with Type=Minuit2, Algo=Migrad, strategy=0, tolerance=0.1
CascadeMinimizer.cc[215] : (in function: improveOnce) - Minimization finished with status=0
CascadeMinimizer.cc[219] : (in function: improveOnce) - Minimization success! status=0
AsymptoticLimits.cc[552] : (in function: findExpectedLimitFromCrossing) - At r = 567.000000:	delta(nll) = 0.64527

CascadeMinimizer.cc[188] : (in function: improveOnce) - Minimization configured with Type=Minuit2, Algo=Migrad, strategy=0, tolerance=0.1
CascadeMinimizer.cc[215] : (in function: improveOnce) - Minimization finished with status=0
CascadeMinimizer.cc[219] : (in function: improveOnce) - Minimization success! status=0
AsymptoticLimits.cc[552] : (in function: findExpectedLimitFromCrossing) - At r = 568.000000:	delta(nll) = 0.64721

CascadeMinimizer.cc[188] : (in function: improveOnce) - Minimization configured with Type=Minuit2, Algo=Migrad, strategy=0, tolerance=0.1
CascadeMinimizer.cc[215] : (in function: improveOnce) - Minimization finished with status=0
CascadeMinimizer.cc[219] : (in function: improveOnce) - Minimization success! status=0
AsymptoticLimits.cc[552] : (in function: findExpectedLimitFromCrossing) - At r = 569.000000:	delta(nll) = 0.64952

CascadeMinimizer.cc[188] : (in function: improveOnce) - Minimization configured with Type=Minuit2, Algo=Migrad, strategy=0, tolerance=0.1
CascadeMinimizer.cc[215] : (in function: improveOnce) - Minimization finished with status=0
CascadeMinimizer.cc[219] : (in function: improveOnce) - Minimization success! status=0
AsymptoticLimits.cc[552] : (in function: findExpectedLimitFromCrossing) - At r = 570.000000:	delta(nll) = 0.65191

CascadeMinimizer.cc[188] : (in function: improveOnce) - Minimization configured with Type=Minuit2, Algo=Migrad, strategy=0, tolerance=0.1
CascadeMinimizer.cc[215] : (in function: improveOnce) - Minimization finished with status=0
CascadeMinimizer.cc[219] : (in function: improveOnce) - Minimization success! status=0
AsymptoticLimits.cc[552] : (in function: findExpectedLimitFromCrossing) - At r = 571.000000:	delta(nll) = 0.65436

CascadeMinimizer.cc[188] : (in function: improveOnce) - Minimization configured with Type=Minuit2, Algo=Migrad, strategy=0, tolerance=0.1
CascadeMinimizer.cc[215] : (in function: improveOnce) - Minimization finished with status=0
CascadeMinimizer.cc[219] : (in function: improveOnce) - Minimization success! status=0
AsymptoticLimits.cc[552] : (in function: findExpectedLimitFromCrossing) - At r = 572.000000:	delta(nll) = 0.65633

CascadeMinimizer.cc[188] : (in function: improveOnce) - Minimization configured with Type=Minuit2, Algo=Migrad, strategy=0, tolerance=0.1
CascadeMinimizer.cc[215] : (in function: improveOnce) - Minimization finished with status=0
CascadeMinimizer.cc[219] : (in function: improveOnce) - Minimization success! status=0
AsymptoticLimits.cc[552] : (in function: findExpectedLimitFromCrossing) - At r = 573.000000:	delta(nll) = 0.65865

CascadeMinimizer.cc[188] : (in function: improveOnce) - Minimization configured with Type=Minuit2, Algo=Migrad, strategy=0, tolerance=0.1
CascadeMinimizer.cc[215] : (in function: improveOnce) - Minimization finished with status=0
CascadeMinimizer.cc[219] : (in function: improveOnce) - Minimization success! status=0
AsymptoticLimits.cc[552] : (in function: findExpectedLimitFromCrossing) - At r = 574.000000:	delta(nll) = 0.66106

CascadeMinimizer.cc[188] : (in function: improveOnce) - Minimization configured with Type=Minuit2, Algo=Migrad, strategy=0, tolerance=0.1
CascadeMinimizer.cc[215] : (in function: improveOnce) - Minimization finished with status=0
CascadeMinimizer.cc[219] : (in function: improveOnce) - Minimization success! status=0
AsymptoticLimits.cc[552] : (in function: findExpectedLimitFromCrossing) - At r = 575.000000:	delta(nll) = 0.66353

CascadeMinimizer.cc[188] : (in function: improveOnce) - Minimization configured with Type=Minuit2, Algo=Migrad, strategy=0, tolerance=0.1
CascadeMinimizer.cc[215] : (in function: improveOnce) - Minimization finished with status=0
CascadeMinimizer.cc[219] : (in function: improveOnce) - Minimization success! status=0
AsymptoticLimits.cc[552] : (in function: findExpectedLimitFromCrossing) - At r = 576.000000:	delta(nll) = 0.66553

CascadeMinimizer.cc[188] : (in function: improveOnce) - Minimization configured with Type=Minuit2, Algo=Migrad, strategy=0, tolerance=0.1
CascadeMinimizer.cc[215] : (in function: improveOnce) - Minimization finished with status=0
CascadeMinimizer.cc[219] : (in function: improveOnce) - Minimization success! status=0
AsymptoticLimits.cc[552] : (in function: findExpectedLimitFromCrossing) - At r = 577.000000:	delta(nll) = 0.66788

CascadeMinimizer.cc[188] : (in function: improveOnce) - Minimization configured with Type=Minuit2, Algo=Migrad, strategy=0, tolerance=0.1
CascadeMinimizer.cc[215] : (in function: improveOnce) - Minimization finished with status=0
CascadeMinimizer.cc[219] : (in function: improveOnce) - Minimization success! status=0
AsymptoticLimits.cc[552] : (in function: findExpectedLimitFromCrossing) - At r = 578.000000:	delta(nll) = 0.67031

CascadeMinimizer.cc[188] : (in function: improveOnce) - Minimization configured with Type=Minuit2, Algo=Migrad, strategy=0, tolerance=0.1
CascadeMinimizer.cc[215] : (in function: improveOnce) - Minimization finished with status=0
CascadeMinimizer.cc[219] : (in function: improveOnce) - Minimization success! status=0
AsymptoticLimits.cc[552] : (in function: findExpectedLimitFromCrossing) - At r = 579.000000:	delta(nll) = 0.67279

CascadeMinimizer.cc[188] : (in function: improveOnce) - Minimization configured with Type=Minuit2, Algo=Migrad, strategy=0, tolerance=0.1
CascadeMinimizer.cc[215] : (in function: improveOnce) - Minimization finished with status=0
CascadeMinimizer.cc[219] : (in function: improveOnce) - Minimization success! status=0
AsymptoticLimits.cc[552] : (in function: findExpectedLimitFromCrossing) - At r = 580.000000:	delta(nll) = 0.67478

CascadeMinimizer.cc[188] : (in function: improveOnce) - Minimization configured with Type=Minuit2, Algo=Migrad, strategy=0, tolerance=0.1
CascadeMinimizer.cc[215] : (in function: improveOnce) - Minimization finished with status=0
CascadeMinimizer.cc[219] : (in function: improveOnce) - Minimization success! status=0
AsymptoticLimits.cc[552] : (in function: findExpectedLimitFromCrossing) - At r = 581.000000:	delta(nll) = 0.67713

CascadeMinimizer.cc[188] : (in function: improveOnce) - Minimization configured with Type=Minuit2, Algo=Migrad, strategy=0, tolerance=0.1
CascadeMinimizer.cc[215] : (in function: improveOnce) - Minimization finished with status=0
CascadeMinimizer.cc[219] : (in function: improveOnce) - Minimization success! status=0
AsymptoticLimits.cc[552] : (in function: findExpectedLimitFromCrossing) - At r = 582.000000:	delta(nll) = 0.67957

CascadeMinimizer.cc[188] : (in function: improveOnce) - Minimization configured with Type=Minuit2, Algo=Migrad, strategy=0, tolerance=0.1
CascadeMinimizer.cc[215] : (in function: improveOnce) - Minimization finished with status=0
CascadeMinimizer.cc[219] : (in function: improveOnce) - Minimization success! status=0
AsymptoticLimits.cc[552] : (in function: findExpectedLimitFromCrossing) - At r = 583.000000:	delta(nll) = 0.68207

CascadeMinimizer.cc[188] : (in function: improveOnce) - Minimization configured with Type=Minuit2, Algo=Migrad, strategy=0, tolerance=0.1
CascadeMinimizer.cc[215] : (in function: improveOnce) - Minimization finished with status=0
CascadeMinimizer.cc[219] : (in function: improveOnce) - Minimization success! status=0
AsymptoticLimits.cc[552] : (in function: findExpectedLimitFromCrossing) - At r = 584.000000:	delta(nll) = 0.68409

CascadeMinimizer.cc[188] : (in function: improveOnce) - Minimization configured with Type=Minuit2, Algo=Migrad, strategy=0, tolerance=0.1
CascadeMinimizer.cc[215] : (in function: improveOnce) - Minimization finished with status=0
CascadeMinimizer.cc[219] : (in function: improveOnce) - Minimization success! status=0
AsymptoticLimits.cc[552] : (in function: findExpectedLimitFromCrossing) - At r = 585.000000:	delta(nll) = 0.68646

CascadeMinimizer.cc[188] : (in function: improveOnce) - Minimization configured with Type=Minuit2, Algo=Migrad, strategy=0, tolerance=0.1
CascadeMinimizer.cc[215] : (in function: improveOnce) - Minimization finished with status=0
CascadeMinimizer.cc[219] : (in function: improveOnce) - Minimization success! status=0
AsymptoticLimits.cc[552] : (in function: findExpectedLimitFromCrossing) - At r = 586.000000:	delta(nll) = 0.68891

CascadeMinimizer.cc[188] : (in function: improveOnce) - Minimization configured with Type=Minuit2, Algo=Migrad, strategy=0, tolerance=0.1
CascadeMinimizer.cc[215] : (in function: improveOnce) - Minimization finished with status=0
CascadeMinimizer.cc[219] : (in function: improveOnce) - Minimization success! status=0
AsymptoticLimits.cc[552] : (in function: findExpectedLimitFromCrossing) - At r = 587.000000:	delta(nll) = 0.69142

CascadeMinimizer.cc[188] : (in function: improveOnce) - Minimization configured with Type=Minuit2, Algo=Migrad, strategy=0, tolerance=0.1
CascadeMinimizer.cc[215] : (in function: improveOnce) - Minimization finished with status=0
CascadeMinimizer.cc[219] : (in function: improveOnce) - Minimization success! status=0
AsymptoticLimits.cc[552] : (in function: findExpectedLimitFromCrossing) - At r = 588.000000:	delta(nll) = 0.69346

CascadeMinimizer.cc[188] : (in function: improveOnce) - Minimization configured with Type=Minuit2, Algo=Migrad, strategy=0, tolerance=0.1
CascadeMinimizer.cc[215] : (in function: improveOnce) - Minimization finished with status=0
CascadeMinimizer.cc[219] : (in function: improveOnce) - Minimization success! status=0
AsymptoticLimits.cc[552] : (in function: findExpectedLimitFromCrossing) - At r = 589.000000:	delta(nll) = 0.69585

CascadeMinimizer.cc[188] : (in function: improveOnce) - Minimization configured with Type=Minuit2, Algo=Migrad, strategy=0, tolerance=0.1
CascadeMinimizer.cc[215] : (in function: improveOnce) - Minimization finished with status=0
CascadeMinimizer.cc[219] : (in function: improveOnce) - Minimization success! status=0
AsymptoticLimits.cc[552] : (in function: findExpectedLimitFromCrossing) - At r = 590.000000:	delta(nll) = 0.69831

CascadeMinimizer.cc[188] : (in function: improveOnce) - Minimization configured with Type=Minuit2, Algo=Migrad, strategy=0, tolerance=0.1
CascadeMinimizer.cc[215] : (in function: improveOnce) - Minimization finished with status=0
CascadeMinimizer.cc[219] : (in function: improveOnce) - Minimization success! status=0
AsymptoticLimits.cc[552] : (in function: findExpectedLimitFromCrossing) - At r = 591.000000:	delta(nll) = 0.70083

CascadeMinimizer.cc[188] : (in function: improveOnce) - Minimization configured with Type=Minuit2, Algo=Migrad, strategy=0, tolerance=0.1
CascadeMinimizer.cc[215] : (in function: improveOnce) - Minimization finished with status=0
CascadeMinimizer.cc[219] : (in function: improveOnce) - Minimization success! status=0
AsymptoticLimits.cc[552] : (in function: findExpectedLimitFromCrossing) - At r = 592.000000:	delta(nll) = 0.70291

CascadeMinimizer.cc[188] : (in function: improveOnce) - Minimization configured with Type=Minuit2, Algo=Migrad, strategy=0, tolerance=0.1
CascadeMinimizer.cc[215] : (in function: improveOnce) - Minimization finished with status=0
CascadeMinimizer.cc[219] : (in function: improveOnce) - Minimization success! status=0
AsymptoticLimits.cc[552] : (in function: findExpectedLimitFromCrossing) - At r = 593.000000:	delta(nll) = 0.70532

CascadeMinimizer.cc[188] : (in function: improveOnce) - Minimization configured with Type=Minuit2, Algo=Migrad, strategy=0, tolerance=0.1
CascadeMinimizer.cc[215] : (in function: improveOnce) - Minimization finished with status=0
CascadeMinimizer.cc[219] : (in function: improveOnce) - Minimization success! status=0
AsymptoticLimits.cc[552] : (in function: findExpectedLimitFromCrossing) - At r = 594.000000:	delta(nll) = 0.70780

CascadeMinimizer.cc[188] : (in function: improveOnce) - Minimization configured with Type=Minuit2, Algo=Migrad, strategy=0, tolerance=0.1
CascadeMinimizer.cc[215] : (in function: improveOnce) - Minimization finished with status=0
CascadeMinimizer.cc[219] : (in function: improveOnce) - Minimization success! status=0
AsymptoticLimits.cc[552] : (in function: findExpectedLimitFromCrossing) - At r = 595.000000:	delta(nll) = 0.71033

CascadeMinimizer.cc[188] : (in function: improveOnce) - Minimization configured with Type=Minuit2, Algo=Migrad, strategy=0, tolerance=0.1
CascadeMinimizer.cc[215] : (in function: improveOnce) - Minimization finished with status=0
CascadeMinimizer.cc[219] : (in function: improveOnce) - Minimization success! status=0
AsymptoticLimits.cc[552] : (in function: findExpectedLimitFromCrossing) - At r = 596.000000:	delta(nll) = 0.71241

CascadeMinimizer.cc[188] : (in function: improveOnce) - Minimization configured with Type=Minuit2, Algo=Migrad, strategy=0, tolerance=0.1
CascadeMinimizer.cc[215] : (in function: improveOnce) - Minimization finished with status=0
CascadeMinimizer.cc[219] : (in function: improveOnce) - Minimization success! status=0
AsymptoticLimits.cc[552] : (in function: findExpectedLimitFromCrossing) - At r = 597.000000:	delta(nll) = 0.71482

CascadeMinimizer.cc[188] : (in function: improveOnce) - Minimization configured with Type=Minuit2, Algo=Migrad, strategy=0, tolerance=0.1
CascadeMinimizer.cc[215] : (in function: improveOnce) - Minimization finished with status=0
CascadeMinimizer.cc[219] : (in function: improveOnce) - Minimization success! status=0
AsymptoticLimits.cc[552] : (in function: findExpectedLimitFromCrossing) - At r = 598.000000:	delta(nll) = 0.71732

CascadeMinimizer.cc[188] : (in function: improveOnce) - Minimization configured with Type=Minuit2, Algo=Migrad, strategy=0, tolerance=0.1
CascadeMinimizer.cc[215] : (in function: improveOnce) - Minimization finished with status=0
CascadeMinimizer.cc[219] : (in function: improveOnce) - Minimization success! status=0
AsymptoticLimits.cc[552] : (in function: findExpectedLimitFromCrossing) - At r = 599.000000:	delta(nll) = 0.71987

CascadeMinimizer.cc[188] : (in function: improveOnce) - Minimization configured with Type=Minuit2, Algo=Migrad, strategy=0, tolerance=0.1
CascadeMinimizer.cc[215] : (in function: improveOnce) - Minimization finished with status=0
CascadeMinimizer.cc[219] : (in function: improveOnce) - Minimization success! status=0
AsymptoticLimits.cc[552] : (in function: findExpectedLimitFromCrossing) - At r = 600.000000:	delta(nll) = 0.72245

CascadeMinimizer.cc[188] : (in function: improveOnce) - Minimization configured with Type=Minuit2, Algo=Migrad, strategy=0, tolerance=0.1
CascadeMinimizer.cc[215] : (in function: improveOnce) - Minimization finished with status=0
CascadeMinimizer.cc[219] : (in function: improveOnce) - Minimization success! status=0
AsymptoticLimits.cc[552] : (in function: findExpectedLimitFromCrossing) - At r = 601.000000:	delta(nll) = 0.72440

CascadeMinimizer.cc[188] : (in function: improveOnce) - Minimization configured with Type=Minuit2, Algo=Migrad, strategy=0, tolerance=0.1
CascadeMinimizer.cc[215] : (in function: improveOnce) - Minimization finished with status=0
CascadeMinimizer.cc[219] : (in function: improveOnce) - Minimization success! status=0
AsymptoticLimits.cc[552] : (in function: findExpectedLimitFromCrossing) - At r = 602.000000:	delta(nll) = 0.72685

CascadeMinimizer.cc[188] : (in function: improveOnce) - Minimization configured with Type=Minuit2, Algo=Migrad, strategy=0, tolerance=0.1
CascadeMinimizer.cc[215] : (in function: improveOnce) - Minimization finished with status=0
CascadeMinimizer.cc[219] : (in function: improveOnce) - Minimization success! status=0
AsymptoticLimits.cc[552] : (in function: findExpectedLimitFromCrossing) - At r = 603.000000:	delta(nll) = 0.72938

CascadeMinimizer.cc[188] : (in function: improveOnce) - Minimization configured with Type=Minuit2, Algo=Migrad, strategy=0, tolerance=0.1
CascadeMinimizer.cc[215] : (in function: improveOnce) - Minimization finished with status=0
CascadeMinimizer.cc[219] : (in function: improveOnce) - Minimization success! status=0
AsymptoticLimits.cc[552] : (in function: findExpectedLimitFromCrossing) - At r = 604.000000:	delta(nll) = 0.73194

CascadeMinimizer.cc[188] : (in function: improveOnce) - Minimization configured with Type=Minuit2, Algo=Migrad, strategy=0, tolerance=0.1
CascadeMinimizer.cc[215] : (in function: improveOnce) - Minimization finished with status=0
CascadeMinimizer.cc[219] : (in function: improveOnce) - Minimization success! status=0
AsymptoticLimits.cc[552] : (in function: findExpectedLimitFromCrossing) - At r = 605.000000:	delta(nll) = 0.73403

CascadeMinimizer.cc[188] : (in function: improveOnce) - Minimization configured with Type=Minuit2, Algo=Migrad, strategy=0, tolerance=0.1
CascadeMinimizer.cc[215] : (in function: improveOnce) - Minimization finished with status=0
CascadeMinimizer.cc[219] : (in function: improveOnce) - Minimization success! status=0
AsymptoticLimits.cc[552] : (in function: findExpectedLimitFromCrossing) - At r = 606.000000:	delta(nll) = 0.73648

CascadeMinimizer.cc[188] : (in function: improveOnce) - Minimization configured with Type=Minuit2, Algo=Migrad, strategy=0, tolerance=0.1
CascadeMinimizer.cc[215] : (in function: improveOnce) - Minimization finished with status=0
CascadeMinimizer.cc[219] : (in function: improveOnce) - Minimization success! status=0
AsymptoticLimits.cc[552] : (in function: findExpectedLimitFromCrossing) - At r = 607.000000:	delta(nll) = 0.73900

CascadeMinimizer.cc[188] : (in function: improveOnce) - Minimization configured with Type=Minuit2, Algo=Migrad, strategy=0, tolerance=0.1
CascadeMinimizer.cc[215] : (in function: improveOnce) - Minimization finished with status=0
CascadeMinimizer.cc[219] : (in function: improveOnce) - Minimization success! status=0
AsymptoticLimits.cc[552] : (in function: findExpectedLimitFromCrossing) - At r = 608.000000:	delta(nll) = 0.74158

CascadeMinimizer.cc[188] : (in function: improveOnce) - Minimization configured with Type=Minuit2, Algo=Migrad, strategy=0, tolerance=0.1
CascadeMinimizer.cc[215] : (in function: improveOnce) - Minimization finished with status=0
CascadeMinimizer.cc[219] : (in function: improveOnce) - Minimization success! status=0
AsymptoticLimits.cc[552] : (in function: findExpectedLimitFromCrossing) - At r = 609.000000:	delta(nll) = 0.74419

CascadeMinimizer.cc[188] : (in function: improveOnce) - Minimization configured with Type=Minuit2, Algo=Migrad, strategy=0, tolerance=0.1
CascadeMinimizer.cc[215] : (in function: improveOnce) - Minimization finished with status=0
CascadeMinimizer.cc[219] : (in function: improveOnce) - Minimization success! status=0
AsymptoticLimits.cc[552] : (in function: findExpectedLimitFromCrossing) - At r = 610.000000:	delta(nll) = 0.74617

CascadeMinimizer.cc[188] : (in function: improveOnce) - Minimization configured with Type=Minuit2, Algo=Migrad, strategy=0, tolerance=0.1
CascadeMinimizer.cc[215] : (in function: improveOnce) - Minimization finished with status=0
CascadeMinimizer.cc[219] : (in function: improveOnce) - Minimization success! status=0
AsymptoticLimits.cc[552] : (in function: findExpectedLimitFromCrossing) - At r = 611.000000:	delta(nll) = 0.74863

CascadeMinimizer.cc[188] : (in function: improveOnce) - Minimization configured with Type=Minuit2, Algo=Migrad, strategy=0, tolerance=0.1
CascadeMinimizer.cc[215] : (in function: improveOnce) - Minimization finished with status=0
CascadeMinimizer.cc[219] : (in function: improveOnce) - Minimization success! status=0
AsymptoticLimits.cc[552] : (in function: findExpectedLimitFromCrossing) - At r = 612.000000:	delta(nll) = 0.75117

CascadeMinimizer.cc[188] : (in function: improveOnce) - Minimization configured with Type=Minuit2, Algo=Migrad, strategy=0, tolerance=0.1
CascadeMinimizer.cc[215] : (in function: improveOnce) - Minimization finished with status=0
CascadeMinimizer.cc[219] : (in function: improveOnce) - Minimization success! status=0
AsymptoticLimits.cc[552] : (in function: findExpectedLimitFromCrossing) - At r = 613.000000:	delta(nll) = 0.75377

CascadeMinimizer.cc[188] : (in function: improveOnce) - Minimization configured with Type=Minuit2, Algo=Migrad, strategy=0, tolerance=0.1
CascadeMinimizer.cc[215] : (in function: improveOnce) - Minimization finished with status=0
CascadeMinimizer.cc[219] : (in function: improveOnce) - Minimization success! status=0
AsymptoticLimits.cc[552] : (in function: findExpectedLimitFromCrossing) - At r = 614.000000:	delta(nll) = 0.75641

CascadeMinimizer.cc[188] : (in function: improveOnce) - Minimization configured with Type=Minuit2, Algo=Migrad, strategy=0, tolerance=0.1
CascadeMinimizer.cc[215] : (in function: improveOnce) - Minimization finished with status=0
CascadeMinimizer.cc[219] : (in function: improveOnce) - Minimization success! status=0
AsymptoticLimits.cc[552] : (in function: findExpectedLimitFromCrossing) - At r = 615.000000:	delta(nll) = 0.75842

CascadeMinimizer.cc[188] : (in function: improveOnce) - Minimization configured with Type=Minuit2, Algo=Migrad, strategy=0, tolerance=0.1
CascadeMinimizer.cc[215] : (in function: improveOnce) - Minimization finished with status=0
CascadeMinimizer.cc[219] : (in function: improveOnce) - Minimization success! status=0
AsymptoticLimits.cc[552] : (in function: findExpectedLimitFromCrossing) - At r = 616.000000:	delta(nll) = 0.76090

CascadeMinimizer.cc[188] : (in function: improveOnce) - Minimization configured with Type=Minuit2, Algo=Migrad, strategy=0, tolerance=0.1
CascadeMinimizer.cc[215] : (in function: improveOnce) - Minimization finished with status=0
CascadeMinimizer.cc[219] : (in function: improveOnce) - Minimization success! status=0
AsymptoticLimits.cc[552] : (in function: findExpectedLimitFromCrossing) - At r = 617.000000:	delta(nll) = 0.76347

CascadeMinimizer.cc[188] : (in function: improveOnce) - Minimization configured with Type=Minuit2, Algo=Migrad, strategy=0, tolerance=0.1
CascadeMinimizer.cc[215] : (in function: improveOnce) - Minimization finished with status=0
CascadeMinimizer.cc[219] : (in function: improveOnce) - Minimization success! status=0
AsymptoticLimits.cc[552] : (in function: findExpectedLimitFromCrossing) - At r = 618.000000:	delta(nll) = 0.76609

CascadeMinimizer.cc[188] : (in function: improveOnce) - Minimization configured with Type=Minuit2, Algo=Migrad, strategy=0, tolerance=0.1
CascadeMinimizer.cc[215] : (in function: improveOnce) - Minimization finished with status=0
CascadeMinimizer.cc[219] : (in function: improveOnce) - Minimization success! status=0
AsymptoticLimits.cc[552] : (in function: findExpectedLimitFromCrossing) - At r = 619.000000:	delta(nll) = 0.76874

CascadeMinimizer.cc[188] : (in function: improveOnce) - Minimization configured with Type=Minuit2, Algo=Migrad, strategy=0, tolerance=0.1
CascadeMinimizer.cc[215] : (in function: improveOnce) - Minimization finished with status=0
CascadeMinimizer.cc[219] : (in function: improveOnce) - Minimization success! status=0
AsymptoticLimits.cc[552] : (in function: findExpectedLimitFromCrossing) - At r = 620.000000:	delta(nll) = 0.77075

CascadeMinimizer.cc[188] : (in function: improveOnce) - Minimization configured with Type=Minuit2, Algo=Migrad, strategy=0, tolerance=0.1
CascadeMinimizer.cc[215] : (in function: improveOnce) - Minimization finished with status=0
CascadeMinimizer.cc[219] : (in function: improveOnce) - Minimization success! status=0
AsymptoticLimits.cc[552] : (in function: findExpectedLimitFromCrossing) - At r = 621.000000:	delta(nll) = 0.77326

CascadeMinimizer.cc[188] : (in function: improveOnce) - Minimization configured with Type=Minuit2, Algo=Migrad, strategy=0, tolerance=0.1
CascadeMinimizer.cc[215] : (in function: improveOnce) - Minimization finished with status=0
CascadeMinimizer.cc[219] : (in function: improveOnce) - Minimization success! status=0
AsymptoticLimits.cc[552] : (in function: findExpectedLimitFromCrossing) - At r = 622.000000:	delta(nll) = 0.77585

CascadeMinimizer.cc[188] : (in function: improveOnce) - Minimization configured with Type=Minuit2, Algo=Migrad, strategy=0, tolerance=0.1
CascadeMinimizer.cc[215] : (in function: improveOnce) - Minimization finished with status=0
CascadeMinimizer.cc[219] : (in function: improveOnce) - Minimization success! status=0
AsymptoticLimits.cc[552] : (in function: findExpectedLimitFromCrossing) - At r = 623.000000:	delta(nll) = 0.77848

CascadeMinimizer.cc[188] : (in function: improveOnce) - Minimization configured with Type=Minuit2, Algo=Migrad, strategy=0, tolerance=0.1
CascadeMinimizer.cc[215] : (in function: improveOnce) - Minimization finished with status=0
CascadeMinimizer.cc[219] : (in function: improveOnce) - Minimization success! status=0
AsymptoticLimits.cc[552] : (in function: findExpectedLimitFromCrossing) - At r = 624.000000:	delta(nll) = 0.78114

CascadeMinimizer.cc[188] : (in function: improveOnce) - Minimization configured with Type=Minuit2, Algo=Migrad, strategy=0, tolerance=0.1
CascadeMinimizer.cc[215] : (in function: improveOnce) - Minimization finished with status=0
CascadeMinimizer.cc[219] : (in function: improveOnce) - Minimization success! status=0
AsymptoticLimits.cc[552] : (in function: findExpectedLimitFromCrossing) - At r = 625.000000:	delta(nll) = 0.78320

CascadeMinimizer.cc[188] : (in function: improveOnce) - Minimization configured with Type=Minuit2, Algo=Migrad, strategy=0, tolerance=0.1
CascadeMinimizer.cc[215] : (in function: improveOnce) - Minimization finished with status=0
CascadeMinimizer.cc[219] : (in function: improveOnce) - Minimization success! status=0
AsymptoticLimits.cc[552] : (in function: findExpectedLimitFromCrossing) - At r = 626.000000:	delta(nll) = 0.78572

CascadeMinimizer.cc[188] : (in function: improveOnce) - Minimization configured with Type=Minuit2, Algo=Migrad, strategy=0, tolerance=0.1
CascadeMinimizer.cc[215] : (in function: improveOnce) - Minimization finished with status=0
CascadeMinimizer.cc[219] : (in function: improveOnce) - Minimization success! status=0
AsymptoticLimits.cc[552] : (in function: findExpectedLimitFromCrossing) - At r = 627.000000:	delta(nll) = 0.78832

CascadeMinimizer.cc[188] : (in function: improveOnce) - Minimization configured with Type=Minuit2, Algo=Migrad, strategy=0, tolerance=0.1
CascadeMinimizer.cc[215] : (in function: improveOnce) - Minimization finished with status=0
CascadeMinimizer.cc[219] : (in function: improveOnce) - Minimization success! status=0
AsymptoticLimits.cc[552] : (in function: findExpectedLimitFromCrossing) - At r = 628.000000:	delta(nll) = 0.79097

CascadeMinimizer.cc[188] : (in function: improveOnce) - Minimization configured with Type=Minuit2, Algo=Migrad, strategy=0, tolerance=0.1
CascadeMinimizer.cc[215] : (in function: improveOnce) - Minimization finished with status=0
CascadeMinimizer.cc[219] : (in function: improveOnce) - Minimization success! status=0
AsymptoticLimits.cc[552] : (in function: findExpectedLimitFromCrossing) - At r = 629.000000:	delta(nll) = 0.79367

CascadeMinimizer.cc[188] : (in function: improveOnce) - Minimization configured with Type=Minuit2, Algo=Migrad, strategy=0, tolerance=0.1
CascadeMinimizer.cc[215] : (in function: improveOnce) - Minimization finished with status=0
CascadeMinimizer.cc[219] : (in function: improveOnce) - Minimization success! status=0
AsymptoticLimits.cc[552] : (in function: findExpectedLimitFromCrossing) - At r = 630.000000:	delta(nll) = 0.79573

CascadeMinimizer.cc[188] : (in function: improveOnce) - Minimization configured with Type=Minuit2, Algo=Migrad, strategy=0, tolerance=0.1
CascadeMinimizer.cc[215] : (in function: improveOnce) - Minimization finished with status=0
CascadeMinimizer.cc[219] : (in function: improveOnce) - Minimization success! status=0
AsymptoticLimits.cc[552] : (in function: findExpectedLimitFromCrossing) - At r = 631.000000:	delta(nll) = 0.79827

CascadeMinimizer.cc[188] : (in function: improveOnce) - Minimization configured with Type=Minuit2, Algo=Migrad, strategy=0, tolerance=0.1
CascadeMinimizer.cc[215] : (in function: improveOnce) - Minimization finished with status=0
CascadeMinimizer.cc[219] : (in function: improveOnce) - Minimization success! status=0
AsymptoticLimits.cc[552] : (in function: findExpectedLimitFromCrossing) - At r = 632.000000:	delta(nll) = 0.80090

CascadeMinimizer.cc[188] : (in function: improveOnce) - Minimization configured with Type=Minuit2, Algo=Migrad, strategy=0, tolerance=0.1
CascadeMinimizer.cc[215] : (in function: improveOnce) - Minimization finished with status=0
CascadeMinimizer.cc[219] : (in function: improveOnce) - Minimization success! status=0
AsymptoticLimits.cc[552] : (in function: findExpectedLimitFromCrossing) - At r = 633.000000:	delta(nll) = 0.80357

CascadeMinimizer.cc[188] : (in function: improveOnce) - Minimization configured with Type=Minuit2, Algo=Migrad, strategy=0, tolerance=0.1
CascadeMinimizer.cc[215] : (in function: improveOnce) - Minimization finished with status=0
CascadeMinimizer.cc[219] : (in function: improveOnce) - Minimization success! status=0
AsymptoticLimits.cc[552] : (in function: findExpectedLimitFromCrossing) - At r = 634.000000:	delta(nll) = 0.80627

CascadeMinimizer.cc[188] : (in function: improveOnce) - Minimization configured with Type=Minuit2, Algo=Migrad, strategy=0, tolerance=0.1
CascadeMinimizer.cc[215] : (in function: improveOnce) - Minimization finished with status=0
CascadeMinimizer.cc[219] : (in function: improveOnce) - Minimization success! status=0
AsymptoticLimits.cc[552] : (in function: findExpectedLimitFromCrossing) - At r = 635.000000:	delta(nll) = 0.80836

CascadeMinimizer.cc[188] : (in function: improveOnce) - Minimization configured with Type=Minuit2, Algo=Migrad, strategy=0, tolerance=0.1
CascadeMinimizer.cc[215] : (in function: improveOnce) - Minimization finished with status=0
CascadeMinimizer.cc[219] : (in function: improveOnce) - Minimization success! status=0
AsymptoticLimits.cc[552] : (in function: findExpectedLimitFromCrossing) - At r = 636.000000:	delta(nll) = 0.81092

CascadeMinimizer.cc[188] : (in function: improveOnce) - Minimization configured with Type=Minuit2, Algo=Migrad, strategy=0, tolerance=0.1
CascadeMinimizer.cc[215] : (in function: improveOnce) - Minimization finished with status=0
CascadeMinimizer.cc[219] : (in function: improveOnce) - Minimization success! status=0
AsymptoticLimits.cc[552] : (in function: findExpectedLimitFromCrossing) - At r = 637.000000:	delta(nll) = 0.81356

CascadeMinimizer.cc[188] : (in function: improveOnce) - Minimization configured with Type=Minuit2, Algo=Migrad, strategy=0, tolerance=0.1
CascadeMinimizer.cc[215] : (in function: improveOnce) - Minimization finished with status=0
CascadeMinimizer.cc[219] : (in function: improveOnce) - Minimization success! status=0
AsymptoticLimits.cc[552] : (in function: findExpectedLimitFromCrossing) - At r = 638.000000:	delta(nll) = 0.81625

CascadeMinimizer.cc[188] : (in function: improveOnce) - Minimization configured with Type=Minuit2, Algo=Migrad, strategy=0, tolerance=0.1
CascadeMinimizer.cc[215] : (in function: improveOnce) - Minimization finished with status=0
CascadeMinimizer.cc[219] : (in function: improveOnce) - Minimization success! status=0
AsymptoticLimits.cc[552] : (in function: findExpectedLimitFromCrossing) - At r = 639.000000:	delta(nll) = 0.81898

CascadeMinimizer.cc[188] : (in function: improveOnce) - Minimization configured with Type=Minuit2, Algo=Migrad, strategy=0, tolerance=0.1
CascadeMinimizer.cc[215] : (in function: improveOnce) - Minimization finished with status=0
CascadeMinimizer.cc[219] : (in function: improveOnce) - Minimization success! status=0
AsymptoticLimits.cc[552] : (in function: findExpectedLimitFromCrossing) - At r = 640.000000:	delta(nll) = 0.82109

CascadeMinimizer.cc[188] : (in function: improveOnce) - Minimization configured with Type=Minuit2, Algo=Migrad, strategy=0, tolerance=0.1
CascadeMinimizer.cc[215] : (in function: improveOnce) - Minimization finished with status=0
CascadeMinimizer.cc[219] : (in function: improveOnce) - Minimization success! status=0
AsymptoticLimits.cc[552] : (in function: findExpectedLimitFromCrossing) - At r = 641.000000:	delta(nll) = 0.82367

CascadeMinimizer.cc[188] : (in function: improveOnce) - Minimization configured with Type=Minuit2, Algo=Migrad, strategy=0, tolerance=0.1
CascadeMinimizer.cc[215] : (in function: improveOnce) - Minimization finished with status=0
CascadeMinimizer.cc[219] : (in function: improveOnce) - Minimization success! status=0
AsymptoticLimits.cc[552] : (in function: findExpectedLimitFromCrossing) - At r = 642.000000:	delta(nll) = 0.82632

CascadeMinimizer.cc[188] : (in function: improveOnce) - Minimization configured with Type=Minuit2, Algo=Migrad, strategy=0, tolerance=0.1
CascadeMinimizer.cc[215] : (in function: improveOnce) - Minimization finished with status=0
CascadeMinimizer.cc[219] : (in function: improveOnce) - Minimization success! status=0
AsymptoticLimits.cc[552] : (in function: findExpectedLimitFromCrossing) - At r = 643.000000:	delta(nll) = 0.82903

CascadeMinimizer.cc[188] : (in function: improveOnce) - Minimization configured with Type=Minuit2, Algo=Migrad, strategy=0, tolerance=0.1
CascadeMinimizer.cc[215] : (in function: improveOnce) - Minimization finished with status=0
CascadeMinimizer.cc[219] : (in function: improveOnce) - Minimization success! status=0
AsymptoticLimits.cc[552] : (in function: findExpectedLimitFromCrossing) - At r = 644.000000:	delta(nll) = 0.83178

CascadeMinimizer.cc[188] : (in function: improveOnce) - Minimization configured with Type=Minuit2, Algo=Migrad, strategy=0, tolerance=0.1
CascadeMinimizer.cc[215] : (in function: improveOnce) - Minimization finished with status=0
CascadeMinimizer.cc[219] : (in function: improveOnce) - Minimization success! status=0
AsymptoticLimits.cc[552] : (in function: findExpectedLimitFromCrossing) - At r = 645.000000:	delta(nll) = 0.83391

CascadeMinimizer.cc[188] : (in function: improveOnce) - Minimization configured with Type=Minuit2, Algo=Migrad, strategy=0, tolerance=0.1
CascadeMinimizer.cc[215] : (in function: improveOnce) - Minimization finished with status=0
CascadeMinimizer.cc[219] : (in function: improveOnce) - Minimization success! status=0
AsymptoticLimits.cc[552] : (in function: findExpectedLimitFromCrossing) - At r = 646.000000:	delta(nll) = 0.83652

CascadeMinimizer.cc[188] : (in function: improveOnce) - Minimization configured with Type=Minuit2, Algo=Migrad, strategy=0, tolerance=0.1
CascadeMinimizer.cc[215] : (in function: improveOnce) - Minimization finished with status=0
CascadeMinimizer.cc[219] : (in function: improveOnce) - Minimization success! status=0
AsymptoticLimits.cc[552] : (in function: findExpectedLimitFromCrossing) - At r = 647.000000:	delta(nll) = 0.83920

CascadeMinimizer.cc[188] : (in function: improveOnce) - Minimization configured with Type=Minuit2, Algo=Migrad, strategy=0, tolerance=0.1
CascadeMinimizer.cc[215] : (in function: improveOnce) - Minimization finished with status=0
CascadeMinimizer.cc[219] : (in function: improveOnce) - Minimization success! status=0
AsymptoticLimits.cc[552] : (in function: findExpectedLimitFromCrossing) - At r = 648.000000:	delta(nll) = 0.84192

CascadeMinimizer.cc[188] : (in function: improveOnce) - Minimization configured with Type=Minuit2, Algo=Migrad, strategy=0, tolerance=0.1
CascadeMinimizer.cc[215] : (in function: improveOnce) - Minimization finished with status=0
CascadeMinimizer.cc[219] : (in function: improveOnce) - Minimization success! status=0
AsymptoticLimits.cc[552] : (in function: findExpectedLimitFromCrossing) - At r = 649.000000:	delta(nll) = 0.84468

CascadeMinimizer.cc[188] : (in function: improveOnce) - Minimization configured with Type=Minuit2, Algo=Migrad, strategy=0, tolerance=0.1
CascadeMinimizer.cc[215] : (in function: improveOnce) - Minimization finished with status=0
CascadeMinimizer.cc[219] : (in function: improveOnce) - Minimization success! status=0
AsymptoticLimits.cc[552] : (in function: findExpectedLimitFromCrossing) - At r = 650.000000:	delta(nll) = 0.84685

CascadeMinimizer.cc[188] : (in function: improveOnce) - Minimization configured with Type=Minuit2, Algo=Migrad, strategy=0, tolerance=0.1
CascadeMinimizer.cc[215] : (in function: improveOnce) - Minimization finished with status=0
CascadeMinimizer.cc[219] : (in function: improveOnce) - Minimization success! status=0
AsymptoticLimits.cc[552] : (in function: findExpectedLimitFromCrossing) - At r = 651.000000:	delta(nll) = 0.84947

CascadeMinimizer.cc[188] : (in function: improveOnce) - Minimization configured with Type=Minuit2, Algo=Migrad, strategy=0, tolerance=0.1
CascadeMinimizer.cc[215] : (in function: improveOnce) - Minimization finished with status=0
CascadeMinimizer.cc[219] : (in function: improveOnce) - Minimization success! status=0
AsymptoticLimits.cc[552] : (in function: findExpectedLimitFromCrossing) - At r = 652.000000:	delta(nll) = 0.85217

CascadeMinimizer.cc[188] : (in function: improveOnce) - Minimization configured with Type=Minuit2, Algo=Migrad, strategy=0, tolerance=0.1
CascadeMinimizer.cc[215] : (in function: improveOnce) - Minimization finished with status=0
CascadeMinimizer.cc[219] : (in function: improveOnce) - Minimization success! status=0
AsymptoticLimits.cc[552] : (in function: findExpectedLimitFromCrossing) - At r = 653.000000:	delta(nll) = 0.85492

CascadeMinimizer.cc[188] : (in function: improveOnce) - Minimization configured with Type=Minuit2, Algo=Migrad, strategy=0, tolerance=0.1
CascadeMinimizer.cc[215] : (in function: improveOnce) - Minimization finished with status=0
CascadeMinimizer.cc[219] : (in function: improveOnce) - Minimization success! status=0
AsymptoticLimits.cc[552] : (in function: findExpectedLimitFromCrossing) - At r = 654.000000:	delta(nll) = 0.85770

CascadeMinimizer.cc[188] : (in function: improveOnce) - Minimization configured with Type=Minuit2, Algo=Migrad, strategy=0, tolerance=0.1
CascadeMinimizer.cc[215] : (in function: improveOnce) - Minimization finished with status=0
CascadeMinimizer.cc[219] : (in function: improveOnce) - Minimization success! status=0
AsymptoticLimits.cc[552] : (in function: findExpectedLimitFromCrossing) - At r = 655.000000:	delta(nll) = 0.85986

CascadeMinimizer.cc[188] : (in function: improveOnce) - Minimization configured with Type=Minuit2, Algo=Migrad, strategy=0, tolerance=0.1
CascadeMinimizer.cc[215] : (in function: improveOnce) - Minimization finished with status=0
CascadeMinimizer.cc[219] : (in function: improveOnce) - Minimization success! status=0
AsymptoticLimits.cc[552] : (in function: findExpectedLimitFromCrossing) - At r = 656.000000:	delta(nll) = 0.86250

CascadeMinimizer.cc[188] : (in function: improveOnce) - Minimization configured with Type=Minuit2, Algo=Migrad, strategy=0, tolerance=0.1
CascadeMinimizer.cc[215] : (in function: improveOnce) - Minimization finished with status=0
CascadeMinimizer.cc[219] : (in function: improveOnce) - Minimization success! status=0
AsymptoticLimits.cc[552] : (in function: findExpectedLimitFromCrossing) - At r = 657.000000:	delta(nll) = 0.86521

CascadeMinimizer.cc[188] : (in function: improveOnce) - Minimization configured with Type=Minuit2, Algo=Migrad, strategy=0, tolerance=0.1
CascadeMinimizer.cc[215] : (in function: improveOnce) - Minimization finished with status=0
CascadeMinimizer.cc[219] : (in function: improveOnce) - Minimization success! status=0
AsymptoticLimits.cc[552] : (in function: findExpectedLimitFromCrossing) - At r = 658.000000:	delta(nll) = 0.86797

CascadeMinimizer.cc[188] : (in function: improveOnce) - Minimization configured with Type=Minuit2, Algo=Migrad, strategy=0, tolerance=0.1
CascadeMinimizer.cc[215] : (in function: improveOnce) - Minimization finished with status=0
CascadeMinimizer.cc[219] : (in function: improveOnce) - Minimization success! status=0
AsymptoticLimits.cc[552] : (in function: findExpectedLimitFromCrossing) - At r = 659.000000:	delta(nll) = 0.87077

CascadeMinimizer.cc[188] : (in function: improveOnce) - Minimization configured with Type=Minuit2, Algo=Migrad, strategy=0, tolerance=0.1
CascadeMinimizer.cc[215] : (in function: improveOnce) - Minimization finished with status=0
CascadeMinimizer.cc[219] : (in function: improveOnce) - Minimization success! status=0
AsymptoticLimits.cc[552] : (in function: findExpectedLimitFromCrossing) - At r = 660.000000:	delta(nll) = 0.87300

CascadeMinimizer.cc[188] : (in function: improveOnce) - Minimization configured with Type=Minuit2, Algo=Migrad, strategy=0, tolerance=0.1
CascadeMinimizer.cc[215] : (in function: improveOnce) - Minimization finished with status=0
CascadeMinimizer.cc[219] : (in function: improveOnce) - Minimization success! status=0
AsymptoticLimits.cc[552] : (in function: findExpectedLimitFromCrossing) - At r = 661.000000:	delta(nll) = 0.87566

CascadeMinimizer.cc[188] : (in function: improveOnce) - Minimization configured with Type=Minuit2, Algo=Migrad, strategy=0, tolerance=0.1
CascadeMinimizer.cc[215] : (in function: improveOnce) - Minimization finished with status=0
CascadeMinimizer.cc[219] : (in function: improveOnce) - Minimization success! status=0
AsymptoticLimits.cc[552] : (in function: findExpectedLimitFromCrossing) - At r = 662.000000:	delta(nll) = 0.87839

CascadeMinimizer.cc[188] : (in function: improveOnce) - Minimization configured with Type=Minuit2, Algo=Migrad, strategy=0, tolerance=0.1
CascadeMinimizer.cc[215] : (in function: improveOnce) - Minimization finished with status=0
CascadeMinimizer.cc[219] : (in function: improveOnce) - Minimization success! status=0
AsymptoticLimits.cc[552] : (in function: findExpectedLimitFromCrossing) - At r = 663.000000:	delta(nll) = 0.88118

CascadeMinimizer.cc[188] : (in function: improveOnce) - Minimization configured with Type=Minuit2, Algo=Migrad, strategy=0, tolerance=0.1
CascadeMinimizer.cc[215] : (in function: improveOnce) - Minimization finished with status=0
CascadeMinimizer.cc[219] : (in function: improveOnce) - Minimization success! status=0
AsymptoticLimits.cc[552] : (in function: findExpectedLimitFromCrossing) - At r = 664.000000:	delta(nll) = 0.88401

CascadeMinimizer.cc[188] : (in function: improveOnce) - Minimization configured with Type=Minuit2, Algo=Migrad, strategy=0, tolerance=0.1
CascadeMinimizer.cc[215] : (in function: improveOnce) - Minimization finished with status=0
CascadeMinimizer.cc[219] : (in function: improveOnce) - Minimization success! status=0
AsymptoticLimits.cc[552] : (in function: findExpectedLimitFromCrossing) - At r = 665.000000:	delta(nll) = 0.88621

CascadeMinimizer.cc[188] : (in function: improveOnce) - Minimization configured with Type=Minuit2, Algo=Migrad, strategy=0, tolerance=0.1
CascadeMinimizer.cc[215] : (in function: improveOnce) - Minimization finished with status=0
CascadeMinimizer.cc[219] : (in function: improveOnce) - Minimization success! status=0
AsymptoticLimits.cc[552] : (in function: findExpectedLimitFromCrossing) - At r = 666.000000:	delta(nll) = 0.88889

CascadeMinimizer.cc[188] : (in function: improveOnce) - Minimization configured with Type=Minuit2, Algo=Migrad, strategy=0, tolerance=0.1
CascadeMinimizer.cc[215] : (in function: improveOnce) - Minimization finished with status=0
CascadeMinimizer.cc[219] : (in function: improveOnce) - Minimization success! status=0
AsymptoticLimits.cc[552] : (in function: findExpectedLimitFromCrossing) - At r = 667.000000:	delta(nll) = 0.89164

CascadeMinimizer.cc[188] : (in function: improveOnce) - Minimization configured with Type=Minuit2, Algo=Migrad, strategy=0, tolerance=0.1
CascadeMinimizer.cc[215] : (in function: improveOnce) - Minimization finished with status=0
CascadeMinimizer.cc[219] : (in function: improveOnce) - Minimization success! status=0
AsymptoticLimits.cc[552] : (in function: findExpectedLimitFromCrossing) - At r = 668.000000:	delta(nll) = 0.89443

CascadeMinimizer.cc[188] : (in function: improveOnce) - Minimization configured with Type=Minuit2, Algo=Migrad, strategy=0, tolerance=0.1
CascadeMinimizer.cc[215] : (in function: improveOnce) - Minimization finished with status=0
CascadeMinimizer.cc[219] : (in function: improveOnce) - Minimization success! status=0
AsymptoticLimits.cc[552] : (in function: findExpectedLimitFromCrossing) - At r = 669.000000:	delta(nll) = 0.89727

CascadeMinimizer.cc[188] : (in function: improveOnce) - Minimization configured with Type=Minuit2, Algo=Migrad, strategy=0, tolerance=0.1
CascadeMinimizer.cc[215] : (in function: improveOnce) - Minimization finished with status=0
CascadeMinimizer.cc[219] : (in function: improveOnce) - Minimization success! status=0
AsymptoticLimits.cc[552] : (in function: findExpectedLimitFromCrossing) - At r = 670.000000:	delta(nll) = 0.89953

CascadeMinimizer.cc[188] : (in function: improveOnce) - Minimization configured with Type=Minuit2, Algo=Migrad, strategy=0, tolerance=0.1
CascadeMinimizer.cc[215] : (in function: improveOnce) - Minimization finished with status=0
CascadeMinimizer.cc[219] : (in function: improveOnce) - Minimization success! status=0
AsymptoticLimits.cc[552] : (in function: findExpectedLimitFromCrossing) - At r = 671.000000:	delta(nll) = 0.90223

CascadeMinimizer.cc[188] : (in function: improveOnce) - Minimization configured with Type=Minuit2, Algo=Migrad, strategy=0, tolerance=0.1
CascadeMinimizer.cc[215] : (in function: improveOnce) - Minimization finished with status=0
CascadeMinimizer.cc[219] : (in function: improveOnce) - Minimization success! status=0
AsymptoticLimits.cc[552] : (in function: findExpectedLimitFromCrossing) - At r = 672.000000:	delta(nll) = 0.90500

CascadeMinimizer.cc[188] : (in function: improveOnce) - Minimization configured with Type=Minuit2, Algo=Migrad, strategy=0, tolerance=0.1
CascadeMinimizer.cc[215] : (in function: improveOnce) - Minimization finished with status=0
CascadeMinimizer.cc[219] : (in function: improveOnce) - Minimization success! status=0
AsymptoticLimits.cc[552] : (in function: findExpectedLimitFromCrossing) - At r = 673.000000:	delta(nll) = 0.90782

CascadeMinimizer.cc[188] : (in function: improveOnce) - Minimization configured with Type=Minuit2, Algo=Migrad, strategy=0, tolerance=0.1
CascadeMinimizer.cc[215] : (in function: improveOnce) - Minimization finished with status=0
CascadeMinimizer.cc[219] : (in function: improveOnce) - Minimization success! status=0
AsymptoticLimits.cc[552] : (in function: findExpectedLimitFromCrossing) - At r = 674.000000:	delta(nll) = 0.91068

CascadeMinimizer.cc[188] : (in function: improveOnce) - Minimization configured with Type=Minuit2, Algo=Migrad, strategy=0, tolerance=0.1
CascadeMinimizer.cc[215] : (in function: improveOnce) - Minimization finished with status=0
CascadeMinimizer.cc[219] : (in function: improveOnce) - Minimization success! status=0
AsymptoticLimits.cc[552] : (in function: findExpectedLimitFromCrossing) - At r = 675.000000:	delta(nll) = 0.91295

CascadeMinimizer.cc[188] : (in function: improveOnce) - Minimization configured with Type=Minuit2, Algo=Migrad, strategy=0, tolerance=0.1
CascadeMinimizer.cc[215] : (in function: improveOnce) - Minimization finished with status=0
CascadeMinimizer.cc[219] : (in function: improveOnce) - Minimization success! status=0
AsymptoticLimits.cc[552] : (in function: findExpectedLimitFromCrossing) - At r = 676.000000:	delta(nll) = 0.91567

CascadeMinimizer.cc[188] : (in function: improveOnce) - Minimization configured with Type=Minuit2, Algo=Migrad, strategy=0, tolerance=0.1
CascadeMinimizer.cc[215] : (in function: improveOnce) - Minimization finished with status=0
CascadeMinimizer.cc[219] : (in function: improveOnce) - Minimization success! status=0
AsymptoticLimits.cc[552] : (in function: findExpectedLimitFromCrossing) - At r = 677.000000:	delta(nll) = 0.91846

CascadeMinimizer.cc[188] : (in function: improveOnce) - Minimization configured with Type=Minuit2, Algo=Migrad, strategy=0, tolerance=0.1
CascadeMinimizer.cc[215] : (in function: improveOnce) - Minimization finished with status=0
CascadeMinimizer.cc[219] : (in function: improveOnce) - Minimization success! status=0
AsymptoticLimits.cc[552] : (in function: findExpectedLimitFromCrossing) - At r = 678.000000:	delta(nll) = 0.92129

CascadeMinimizer.cc[188] : (in function: improveOnce) - Minimization configured with Type=Minuit2, Algo=Migrad, strategy=0, tolerance=0.1
CascadeMinimizer.cc[215] : (in function: improveOnce) - Minimization finished with status=0
CascadeMinimizer.cc[219] : (in function: improveOnce) - Minimization success! status=0
AsymptoticLimits.cc[552] : (in function: findExpectedLimitFromCrossing) - At r = 679.000000:	delta(nll) = 0.92416

CascadeMinimizer.cc[188] : (in function: improveOnce) - Minimization configured with Type=Minuit2, Algo=Migrad, strategy=0, tolerance=0.1
CascadeMinimizer.cc[215] : (in function: improveOnce) - Minimization finished with status=0
CascadeMinimizer.cc[219] : (in function: improveOnce) - Minimization success! status=0
AsymptoticLimits.cc[552] : (in function: findExpectedLimitFromCrossing) - At r = 680.000000:	delta(nll) = 0.92705

CascadeMinimizer.cc[188] : (in function: improveOnce) - Minimization configured with Type=Minuit2, Algo=Migrad, strategy=0, tolerance=0.1
CascadeMinimizer.cc[215] : (in function: improveOnce) - Minimization finished with status=0
CascadeMinimizer.cc[219] : (in function: improveOnce) - Minimization success! status=0
AsymptoticLimits.cc[552] : (in function: findExpectedLimitFromCrossing) - At r = 681.000000:	delta(nll) = 0.92917

CascadeMinimizer.cc[188] : (in function: improveOnce) - Minimization configured with Type=Minuit2, Algo=Migrad, strategy=0, tolerance=0.1
CascadeMinimizer.cc[215] : (in function: improveOnce) - Minimization finished with status=0
CascadeMinimizer.cc[219] : (in function: improveOnce) - Minimization success! status=0
AsymptoticLimits.cc[552] : (in function: findExpectedLimitFromCrossing) - At r = 682.000000:	delta(nll) = 0.93191

CascadeMinimizer.cc[188] : (in function: improveOnce) - Minimization configured with Type=Minuit2, Algo=Migrad, strategy=0, tolerance=0.1
CascadeMinimizer.cc[215] : (in function: improveOnce) - Minimization finished with status=0
CascadeMinimizer.cc[219] : (in function: improveOnce) - Minimization success! status=0
AsymptoticLimits.cc[552] : (in function: findExpectedLimitFromCrossing) - At r = 683.000000:	delta(nll) = 0.93472

CascadeMinimizer.cc[188] : (in function: improveOnce) - Minimization configured with Type=Minuit2, Algo=Migrad, strategy=0, tolerance=0.1
CascadeMinimizer.cc[215] : (in function: improveOnce) - Minimization finished with status=0
CascadeMinimizer.cc[219] : (in function: improveOnce) - Minimization success! status=0
AsymptoticLimits.cc[552] : (in function: findExpectedLimitFromCrossing) - At r = 684.000000:	delta(nll) = 0.93758

CascadeMinimizer.cc[188] : (in function: improveOnce) - Minimization configured with Type=Minuit2, Algo=Migrad, strategy=0, tolerance=0.1
CascadeMinimizer.cc[215] : (in function: improveOnce) - Minimization finished with status=0
CascadeMinimizer.cc[219] : (in function: improveOnce) - Minimization success! status=0
AsymptoticLimits.cc[552] : (in function: findExpectedLimitFromCrossing) - At r = 685.000000:	delta(nll) = 0.94047

CascadeMinimizer.cc[188] : (in function: improveOnce) - Minimization configured with Type=Minuit2, Algo=Migrad, strategy=0, tolerance=0.1
CascadeMinimizer.cc[215] : (in function: improveOnce) - Minimization finished with status=0
CascadeMinimizer.cc[219] : (in function: improveOnce) - Minimization success! status=0
AsymptoticLimits.cc[552] : (in function: findExpectedLimitFromCrossing) - At r = 686.000000:	delta(nll) = 0.94339

CascadeMinimizer.cc[188] : (in function: improveOnce) - Minimization configured with Type=Minuit2, Algo=Migrad, strategy=0, tolerance=0.1
CascadeMinimizer.cc[215] : (in function: improveOnce) - Minimization finished with status=0
CascadeMinimizer.cc[219] : (in function: improveOnce) - Minimization success! status=0
AsymptoticLimits.cc[552] : (in function: findExpectedLimitFromCrossing) - At r = 687.000000:	delta(nll) = 0.94555

CascadeMinimizer.cc[188] : (in function: improveOnce) - Minimization configured with Type=Minuit2, Algo=Migrad, strategy=0, tolerance=0.1
CascadeMinimizer.cc[215] : (in function: improveOnce) - Minimization finished with status=0
CascadeMinimizer.cc[219] : (in function: improveOnce) - Minimization success! status=0
AsymptoticLimits.cc[552] : (in function: findExpectedLimitFromCrossing) - At r = 688.000000:	delta(nll) = 0.94832

CascadeMinimizer.cc[188] : (in function: improveOnce) - Minimization configured with Type=Minuit2, Algo=Migrad, strategy=0, tolerance=0.1
CascadeMinimizer.cc[215] : (in function: improveOnce) - Minimization finished with status=0
CascadeMinimizer.cc[219] : (in function: improveOnce) - Minimization success! status=0
AsymptoticLimits.cc[552] : (in function: findExpectedLimitFromCrossing) - At r = 689.000000:	delta(nll) = 0.95115

CascadeMinimizer.cc[188] : (in function: improveOnce) - Minimization configured with Type=Minuit2, Algo=Migrad, strategy=0, tolerance=0.1
CascadeMinimizer.cc[215] : (in function: improveOnce) - Minimization finished with status=0
CascadeMinimizer.cc[219] : (in function: improveOnce) - Minimization success! status=0
AsymptoticLimits.cc[552] : (in function: findExpectedLimitFromCrossing) - At r = 690.000000:	delta(nll) = 0.95402

CascadeMinimizer.cc[188] : (in function: improveOnce) - Minimization configured with Type=Minuit2, Algo=Migrad, strategy=0, tolerance=0.1
CascadeMinimizer.cc[215] : (in function: improveOnce) - Minimization finished with status=0
CascadeMinimizer.cc[219] : (in function: improveOnce) - Minimization success! status=0
AsymptoticLimits.cc[552] : (in function: findExpectedLimitFromCrossing) - At r = 691.000000:	delta(nll) = 0.95694

CascadeMinimizer.cc[188] : (in function: improveOnce) - Minimization configured with Type=Minuit2, Algo=Migrad, strategy=0, tolerance=0.1
CascadeMinimizer.cc[215] : (in function: improveOnce) - Minimization finished with status=0
CascadeMinimizer.cc[219] : (in function: improveOnce) - Minimization success! status=0
AsymptoticLimits.cc[552] : (in function: findExpectedLimitFromCrossing) - At r = 692.000000:	delta(nll) = 0.95988

CascadeMinimizer.cc[188] : (in function: improveOnce) - Minimization configured with Type=Minuit2, Algo=Migrad, strategy=0, tolerance=0.1
CascadeMinimizer.cc[215] : (in function: improveOnce) - Minimization finished with status=0
CascadeMinimizer.cc[219] : (in function: improveOnce) - Minimization success! status=0
AsymptoticLimits.cc[552] : (in function: findExpectedLimitFromCrossing) - At r = 693.000000:	delta(nll) = 0.96205

CascadeMinimizer.cc[188] : (in function: improveOnce) - Minimization configured with Type=Minuit2, Algo=Migrad, strategy=0, tolerance=0.1
CascadeMinimizer.cc[215] : (in function: improveOnce) - Minimization finished with status=0
CascadeMinimizer.cc[219] : (in function: improveOnce) - Minimization success! status=0
AsymptoticLimits.cc[552] : (in function: findExpectedLimitFromCrossing) - At r = 694.000000:	delta(nll) = 0.96483

CascadeMinimizer.cc[188] : (in function: improveOnce) - Minimization configured with Type=Minuit2, Algo=Migrad, strategy=0, tolerance=0.1
CascadeMinimizer.cc[215] : (in function: improveOnce) - Minimization finished with status=0
CascadeMinimizer.cc[219] : (in function: improveOnce) - Minimization success! status=0
AsymptoticLimits.cc[552] : (in function: findExpectedLimitFromCrossing) - At r = 695.000000:	delta(nll) = 0.96768

CascadeMinimizer.cc[188] : (in function: improveOnce) - Minimization configured with Type=Minuit2, Algo=Migrad, strategy=0, tolerance=0.1
CascadeMinimizer.cc[215] : (in function: improveOnce) - Minimization finished with status=0
CascadeMinimizer.cc[219] : (in function: improveOnce) - Minimization success! status=0
AsymptoticLimits.cc[552] : (in function: findExpectedLimitFromCrossing) - At r = 696.000000:	delta(nll) = 0.97059

CascadeMinimizer.cc[188] : (in function: improveOnce) - Minimization configured with Type=Minuit2, Algo=Migrad, strategy=0, tolerance=0.1
CascadeMinimizer.cc[215] : (in function: improveOnce) - Minimization finished with status=0
CascadeMinimizer.cc[219] : (in function: improveOnce) - Minimization success! status=0
AsymptoticLimits.cc[552] : (in function: findExpectedLimitFromCrossing) - At r = 697.000000:	delta(nll) = 0.97353

CascadeMinimizer.cc[188] : (in function: improveOnce) - Minimization configured with Type=Minuit2, Algo=Migrad, strategy=0, tolerance=0.1
CascadeMinimizer.cc[215] : (in function: improveOnce) - Minimization finished with status=0
CascadeMinimizer.cc[219] : (in function: improveOnce) - Minimization success! status=0
AsymptoticLimits.cc[552] : (in function: findExpectedLimitFromCrossing) - At r = 698.000000:	delta(nll) = 0.97649

CascadeMinimizer.cc[188] : (in function: improveOnce) - Minimization configured with Type=Minuit2, Algo=Migrad, strategy=0, tolerance=0.1
CascadeMinimizer.cc[215] : (in function: improveOnce) - Minimization finished with status=0
CascadeMinimizer.cc[219] : (in function: improveOnce) - Minimization success! status=0
AsymptoticLimits.cc[552] : (in function: findExpectedLimitFromCrossing) - At r = 699.000000:	delta(nll) = 0.97870

CascadeMinimizer.cc[188] : (in function: improveOnce) - Minimization configured with Type=Minuit2, Algo=Migrad, strategy=0, tolerance=0.1
CascadeMinimizer.cc[215] : (in function: improveOnce) - Minimization finished with status=0
CascadeMinimizer.cc[219] : (in function: improveOnce) - Minimization success! status=0
AsymptoticLimits.cc[552] : (in function: findExpectedLimitFromCrossing) - At r = 700.000000:	delta(nll) = 0.98151

CascadeMinimizer.cc[188] : (in function: improveOnce) - Minimization configured with Type=Minuit2, Algo=Migrad, strategy=0, tolerance=0.1
CascadeMinimizer.cc[215] : (in function: improveOnce) - Minimization finished with status=0
CascadeMinimizer.cc[219] : (in function: improveOnce) - Minimization success! status=0
AsymptoticLimits.cc[552] : (in function: findExpectedLimitFromCrossing) - At r = 701.000000:	delta(nll) = 0.98438

CascadeMinimizer.cc[188] : (in function: improveOnce) - Minimization configured with Type=Minuit2, Algo=Migrad, strategy=0, tolerance=0.1
CascadeMinimizer.cc[215] : (in function: improveOnce) - Minimization finished with status=0
CascadeMinimizer.cc[219] : (in function: improveOnce) - Minimization success! status=0
AsymptoticLimits.cc[552] : (in function: findExpectedLimitFromCrossing) - At r = 702.000000:	delta(nll) = 0.98731

CascadeMinimizer.cc[188] : (in function: improveOnce) - Minimization configured with Type=Minuit2, Algo=Migrad, strategy=0, tolerance=0.1
CascadeMinimizer.cc[215] : (in function: improveOnce) - Minimization finished with status=0
CascadeMinimizer.cc[219] : (in function: improveOnce) - Minimization success! status=0
AsymptoticLimits.cc[552] : (in function: findExpectedLimitFromCrossing) - At r = 703.000000:	delta(nll) = 0.99026

CascadeMinimizer.cc[188] : (in function: improveOnce) - Minimization configured with Type=Minuit2, Algo=Migrad, strategy=0, tolerance=0.1
CascadeMinimizer.cc[215] : (in function: improveOnce) - Minimization finished with status=0
CascadeMinimizer.cc[219] : (in function: improveOnce) - Minimization success! status=0
AsymptoticLimits.cc[552] : (in function: findExpectedLimitFromCrossing) - At r = 704.000000:	delta(nll) = 0.99323

CascadeMinimizer.cc[188] : (in function: improveOnce) - Minimization configured with Type=Minuit2, Algo=Migrad, strategy=0, tolerance=0.1
CascadeMinimizer.cc[215] : (in function: improveOnce) - Minimization finished with status=0
CascadeMinimizer.cc[219] : (in function: improveOnce) - Minimization success! status=0
AsymptoticLimits.cc[552] : (in function: findExpectedLimitFromCrossing) - At r = 705.000000:	delta(nll) = 0.99548

CascadeMinimizer.cc[188] : (in function: improveOnce) - Minimization configured with Type=Minuit2, Algo=Migrad, strategy=0, tolerance=0.1
CascadeMinimizer.cc[215] : (in function: improveOnce) - Minimization finished with status=0
CascadeMinimizer.cc[219] : (in function: improveOnce) - Minimization success! status=0
AsymptoticLimits.cc[552] : (in function: findExpectedLimitFromCrossing) - At r = 706.000000:	delta(nll) = 0.99831

CascadeMinimizer.cc[188] : (in function: improveOnce) - Minimization configured with Type=Minuit2, Algo=Migrad, strategy=0, tolerance=0.1
CascadeMinimizer.cc[215] : (in function: improveOnce) - Minimization finished with status=0
CascadeMinimizer.cc[219] : (in function: improveOnce) - Minimization success! status=0
AsymptoticLimits.cc[552] : (in function: findExpectedLimitFromCrossing) - At r = 707.000000:	delta(nll) = 1.00121

CascadeMinimizer.cc[188] : (in function: improveOnce) - Minimization configured with Type=Minuit2, Algo=Migrad, strategy=0, tolerance=0.1
CascadeMinimizer.cc[215] : (in function: improveOnce) - Minimization finished with status=0
CascadeMinimizer.cc[219] : (in function: improveOnce) - Minimization success! status=0
AsymptoticLimits.cc[552] : (in function: findExpectedLimitFromCrossing) - At r = 708.000000:	delta(nll) = 1.00415

CascadeMinimizer.cc[188] : (in function: improveOnce) - Minimization configured with Type=Minuit2, Algo=Migrad, strategy=0, tolerance=0.1
CascadeMinimizer.cc[215] : (in function: improveOnce) - Minimization finished with status=0
CascadeMinimizer.cc[219] : (in function: improveOnce) - Minimization success! status=0
AsymptoticLimits.cc[552] : (in function: findExpectedLimitFromCrossing) - At r = 709.000000:	delta(nll) = 1.00713

CascadeMinimizer.cc[188] : (in function: improveOnce) - Minimization configured with Type=Minuit2, Algo=Migrad, strategy=0, tolerance=0.1
CascadeMinimizer.cc[215] : (in function: improveOnce) - Minimization finished with status=0
CascadeMinimizer.cc[219] : (in function: improveOnce) - Minimization success! status=0
AsymptoticLimits.cc[552] : (in function: findExpectedLimitFromCrossing) - At r = 710.000000:	delta(nll) = 1.01014

CascadeMinimizer.cc[188] : (in function: improveOnce) - Minimization configured with Type=Minuit2, Algo=Migrad, strategy=0, tolerance=0.1
CascadeMinimizer.cc[215] : (in function: improveOnce) - Minimization finished with status=0
CascadeMinimizer.cc[219] : (in function: improveOnce) - Minimization success! status=0
AsymptoticLimits.cc[552] : (in function: findExpectedLimitFromCrossing) - At r = 711.000000:	delta(nll) = 1.01241

CascadeMinimizer.cc[188] : (in function: improveOnce) - Minimization configured with Type=Minuit2, Algo=Migrad, strategy=0, tolerance=0.1
CascadeMinimizer.cc[215] : (in function: improveOnce) - Minimization finished with status=0
CascadeMinimizer.cc[219] : (in function: improveOnce) - Minimization success! status=0
AsymptoticLimits.cc[552] : (in function: findExpectedLimitFromCrossing) - At r = 712.000000:	delta(nll) = 1.01526

CascadeMinimizer.cc[188] : (in function: improveOnce) - Minimization configured with Type=Minuit2, Algo=Migrad, strategy=0, tolerance=0.1
CascadeMinimizer.cc[215] : (in function: improveOnce) - Minimization finished with status=0
CascadeMinimizer.cc[219] : (in function: improveOnce) - Minimization success! status=0
AsymptoticLimits.cc[552] : (in function: findExpectedLimitFromCrossing) - At r = 713.000000:	delta(nll) = 1.01818

CascadeMinimizer.cc[188] : (in function: improveOnce) - Minimization configured with Type=Minuit2, Algo=Migrad, strategy=0, tolerance=0.1
CascadeMinimizer.cc[215] : (in function: improveOnce) - Minimization finished with status=0
CascadeMinimizer.cc[219] : (in function: improveOnce) - Minimization success! status=0
AsymptoticLimits.cc[552] : (in function: findExpectedLimitFromCrossing) - At r = 714.000000:	delta(nll) = 1.02115

CascadeMinimizer.cc[188] : (in function: improveOnce) - Minimization configured with Type=Minuit2, Algo=Migrad, strategy=0, tolerance=0.1
CascadeMinimizer.cc[215] : (in function: improveOnce) - Minimization finished with status=0
CascadeMinimizer.cc[219] : (in function: improveOnce) - Minimization success! status=0
AsymptoticLimits.cc[552] : (in function: findExpectedLimitFromCrossing) - At r = 715.000000:	delta(nll) = 1.02415

CascadeMinimizer.cc[188] : (in function: improveOnce) - Minimization configured with Type=Minuit2, Algo=Migrad, strategy=0, tolerance=0.1
CascadeMinimizer.cc[215] : (in function: improveOnce) - Minimization finished with status=0
CascadeMinimizer.cc[219] : (in function: improveOnce) - Minimization success! status=0
AsymptoticLimits.cc[552] : (in function: findExpectedLimitFromCrossing) - At r = 716.000000:	delta(nll) = 1.02718

CascadeMinimizer.cc[188] : (in function: improveOnce) - Minimization configured with Type=Minuit2, Algo=Migrad, strategy=0, tolerance=0.1
CascadeMinimizer.cc[215] : (in function: improveOnce) - Minimization finished with status=0
CascadeMinimizer.cc[219] : (in function: improveOnce) - Minimization success! status=0
AsymptoticLimits.cc[552] : (in function: findExpectedLimitFromCrossing) - At r = 717.000000:	delta(nll) = 1.02948

CascadeMinimizer.cc[188] : (in function: improveOnce) - Minimization configured with Type=Minuit2, Algo=Migrad, strategy=0, tolerance=0.1
CascadeMinimizer.cc[215] : (in function: improveOnce) - Minimization finished with status=0
CascadeMinimizer.cc[219] : (in function: improveOnce) - Minimization success! status=0
AsymptoticLimits.cc[552] : (in function: findExpectedLimitFromCrossing) - At r = 718.000000:	delta(nll) = 1.03235

CascadeMinimizer.cc[188] : (in function: improveOnce) - Minimization configured with Type=Minuit2, Algo=Migrad, strategy=0, tolerance=0.1
CascadeMinimizer.cc[215] : (in function: improveOnce) - Minimization finished with status=0
CascadeMinimizer.cc[219] : (in function: improveOnce) - Minimization success! status=0
AsymptoticLimits.cc[552] : (in function: findExpectedLimitFromCrossing) - At r = 719.000000:	delta(nll) = 1.03530

CascadeMinimizer.cc[188] : (in function: improveOnce) - Minimization configured with Type=Minuit2, Algo=Migrad, strategy=0, tolerance=0.1
CascadeMinimizer.cc[215] : (in function: improveOnce) - Minimization finished with status=0
CascadeMinimizer.cc[219] : (in function: improveOnce) - Minimization success! status=0
AsymptoticLimits.cc[552] : (in function: findExpectedLimitFromCrossing) - At r = 720.000000:	delta(nll) = 1.03829

CascadeMinimizer.cc[188] : (in function: improveOnce) - Minimization configured with Type=Minuit2, Algo=Migrad, strategy=0, tolerance=0.1
CascadeMinimizer.cc[215] : (in function: improveOnce) - Minimization finished with status=0
CascadeMinimizer.cc[219] : (in function: improveOnce) - Minimization success! status=0
AsymptoticLimits.cc[552] : (in function: findExpectedLimitFromCrossing) - At r = 721.000000:	delta(nll) = 1.04132

CascadeMinimizer.cc[188] : (in function: improveOnce) - Minimization configured with Type=Minuit2, Algo=Migrad, strategy=0, tolerance=0.1
CascadeMinimizer.cc[215] : (in function: improveOnce) - Minimization finished with status=0
CascadeMinimizer.cc[219] : (in function: improveOnce) - Minimization success! status=0
AsymptoticLimits.cc[552] : (in function: findExpectedLimitFromCrossing) - At r = 722.000000:	delta(nll) = 1.04437

CascadeMinimizer.cc[188] : (in function: improveOnce) - Minimization configured with Type=Minuit2, Algo=Migrad, strategy=0, tolerance=0.1
CascadeMinimizer.cc[215] : (in function: improveOnce) - Minimization finished with status=0
CascadeMinimizer.cc[219] : (in function: improveOnce) - Minimization success! status=0
AsymptoticLimits.cc[552] : (in function: findExpectedLimitFromCrossing) - At r = 723.000000:	delta(nll) = 1.04668

CascadeMinimizer.cc[188] : (in function: improveOnce) - Minimization configured with Type=Minuit2, Algo=Migrad, strategy=0, tolerance=0.1
CascadeMinimizer.cc[215] : (in function: improveOnce) - Minimization finished with status=0
CascadeMinimizer.cc[219] : (in function: improveOnce) - Minimization success! status=0
AsymptoticLimits.cc[552] : (in function: findExpectedLimitFromCrossing) - At r = 724.000000:	delta(nll) = 1.04958

CascadeMinimizer.cc[188] : (in function: improveOnce) - Minimization configured with Type=Minuit2, Algo=Migrad, strategy=0, tolerance=0.1
CascadeMinimizer.cc[215] : (in function: improveOnce) - Minimization finished with status=0
CascadeMinimizer.cc[219] : (in function: improveOnce) - Minimization success! status=0
AsymptoticLimits.cc[552] : (in function: findExpectedLimitFromCrossing) - At r = 725.000000:	delta(nll) = 1.05254

CascadeMinimizer.cc[188] : (in function: improveOnce) - Minimization configured with Type=Minuit2, Algo=Migrad, strategy=0, tolerance=0.1
CascadeMinimizer.cc[215] : (in function: improveOnce) - Minimization finished with status=0
CascadeMinimizer.cc[219] : (in function: improveOnce) - Minimization success! status=0
AsymptoticLimits.cc[552] : (in function: findExpectedLimitFromCrossing) - At r = 726.000000:	delta(nll) = 1.05555

CascadeMinimizer.cc[188] : (in function: improveOnce) - Minimization configured with Type=Minuit2, Algo=Migrad, strategy=0, tolerance=0.1
CascadeMinimizer.cc[215] : (in function: improveOnce) - Minimization finished with status=0
CascadeMinimizer.cc[219] : (in function: improveOnce) - Minimization success! status=0
AsymptoticLimits.cc[552] : (in function: findExpectedLimitFromCrossing) - At r = 727.000000:	delta(nll) = 1.05860

CascadeMinimizer.cc[188] : (in function: improveOnce) - Minimization configured with Type=Minuit2, Algo=Migrad, strategy=0, tolerance=0.1
CascadeMinimizer.cc[215] : (in function: improveOnce) - Minimization finished with status=0
CascadeMinimizer.cc[219] : (in function: improveOnce) - Minimization success! status=0
AsymptoticLimits.cc[552] : (in function: findExpectedLimitFromCrossing) - At r = 728.000000:	delta(nll) = 1.06167

CascadeMinimizer.cc[188] : (in function: improveOnce) - Minimization configured with Type=Minuit2, Algo=Migrad, strategy=0, tolerance=0.1
CascadeMinimizer.cc[215] : (in function: improveOnce) - Minimization finished with status=0
CascadeMinimizer.cc[219] : (in function: improveOnce) - Minimization success! status=0
AsymptoticLimits.cc[552] : (in function: findExpectedLimitFromCrossing) - At r = 729.000000:	delta(nll) = 1.06402

CascadeMinimizer.cc[188] : (in function: improveOnce) - Minimization configured with Type=Minuit2, Algo=Migrad, strategy=0, tolerance=0.1
CascadeMinimizer.cc[215] : (in function: improveOnce) - Minimization finished with status=0
CascadeMinimizer.cc[219] : (in function: improveOnce) - Minimization success! status=0
AsymptoticLimits.cc[552] : (in function: findExpectedLimitFromCrossing) - At r = 730.000000:	delta(nll) = 1.06695

CascadeMinimizer.cc[188] : (in function: improveOnce) - Minimization configured with Type=Minuit2, Algo=Migrad, strategy=0, tolerance=0.1
CascadeMinimizer.cc[215] : (in function: improveOnce) - Minimization finished with status=0
CascadeMinimizer.cc[219] : (in function: improveOnce) - Minimization success! status=0
AsymptoticLimits.cc[552] : (in function: findExpectedLimitFromCrossing) - At r = 731.000000:	delta(nll) = 1.06994

CascadeMinimizer.cc[188] : (in function: improveOnce) - Minimization configured with Type=Minuit2, Algo=Migrad, strategy=0, tolerance=0.1
CascadeMinimizer.cc[215] : (in function: improveOnce) - Minimization finished with status=0
CascadeMinimizer.cc[219] : (in function: improveOnce) - Minimization success! status=0
AsymptoticLimits.cc[552] : (in function: findExpectedLimitFromCrossing) - At r = 732.000000:	delta(nll) = 1.07296

CascadeMinimizer.cc[188] : (in function: improveOnce) - Minimization configured with Type=Minuit2, Algo=Migrad, strategy=0, tolerance=0.1
CascadeMinimizer.cc[215] : (in function: improveOnce) - Minimization finished with status=0
CascadeMinimizer.cc[219] : (in function: improveOnce) - Minimization success! status=0
AsymptoticLimits.cc[552] : (in function: findExpectedLimitFromCrossing) - At r = 733.000000:	delta(nll) = 1.07603

CascadeMinimizer.cc[188] : (in function: improveOnce) - Minimization configured with Type=Minuit2, Algo=Migrad, strategy=0, tolerance=0.1
CascadeMinimizer.cc[215] : (in function: improveOnce) - Minimization finished with status=0
CascadeMinimizer.cc[219] : (in function: improveOnce) - Minimization success! status=0
AsymptoticLimits.cc[552] : (in function: findExpectedLimitFromCrossing) - At r = 734.000000:	delta(nll) = 1.07913

CascadeMinimizer.cc[188] : (in function: improveOnce) - Minimization configured with Type=Minuit2, Algo=Migrad, strategy=0, tolerance=0.1
CascadeMinimizer.cc[215] : (in function: improveOnce) - Minimization finished with status=0
CascadeMinimizer.cc[219] : (in function: improveOnce) - Minimization success! status=0
AsymptoticLimits.cc[552] : (in function: findExpectedLimitFromCrossing) - At r = 735.000000:	delta(nll) = 1.08151

CascadeMinimizer.cc[188] : (in function: improveOnce) - Minimization configured with Type=Minuit2, Algo=Migrad, strategy=0, tolerance=0.1
CascadeMinimizer.cc[215] : (in function: improveOnce) - Minimization finished with status=0
CascadeMinimizer.cc[219] : (in function: improveOnce) - Minimization success! status=0
AsymptoticLimits.cc[552] : (in function: findExpectedLimitFromCrossing) - At r = 736.000000:	delta(nll) = 1.08445

CascadeMinimizer.cc[188] : (in function: improveOnce) - Minimization configured with Type=Minuit2, Algo=Migrad, strategy=0, tolerance=0.1
CascadeMinimizer.cc[215] : (in function: improveOnce) - Minimization finished with status=0
CascadeMinimizer.cc[219] : (in function: improveOnce) - Minimization success! status=0
AsymptoticLimits.cc[552] : (in function: findExpectedLimitFromCrossing) - At r = 737.000000:	delta(nll) = 1.08747

CascadeMinimizer.cc[188] : (in function: improveOnce) - Minimization configured with Type=Minuit2, Algo=Migrad, strategy=0, tolerance=0.1
CascadeMinimizer.cc[215] : (in function: improveOnce) - Minimization finished with status=0
CascadeMinimizer.cc[219] : (in function: improveOnce) - Minimization success! status=0
AsymptoticLimits.cc[552] : (in function: findExpectedLimitFromCrossing) - At r = 738.000000:	delta(nll) = 1.09053

CascadeMinimizer.cc[188] : (in function: improveOnce) - Minimization configured with Type=Minuit2, Algo=Migrad, strategy=0, tolerance=0.1
CascadeMinimizer.cc[215] : (in function: improveOnce) - Minimization finished with status=0
CascadeMinimizer.cc[219] : (in function: improveOnce) - Minimization success! status=0
AsymptoticLimits.cc[552] : (in function: findExpectedLimitFromCrossing) - At r = 739.000000:	delta(nll) = 1.09362

CascadeMinimizer.cc[188] : (in function: improveOnce) - Minimization configured with Type=Minuit2, Algo=Migrad, strategy=0, tolerance=0.1
CascadeMinimizer.cc[215] : (in function: improveOnce) - Minimization finished with status=0
CascadeMinimizer.cc[219] : (in function: improveOnce) - Minimization success! status=0
AsymptoticLimits.cc[552] : (in function: findExpectedLimitFromCrossing) - At r = 740.000000:	delta(nll) = 1.09673

CascadeMinimizer.cc[188] : (in function: improveOnce) - Minimization configured with Type=Minuit2, Algo=Migrad, strategy=0, tolerance=0.1
CascadeMinimizer.cc[215] : (in function: improveOnce) - Minimization finished with status=0
CascadeMinimizer.cc[219] : (in function: improveOnce) - Minimization success! status=0
AsymptoticLimits.cc[552] : (in function: findExpectedLimitFromCrossing) - At r = 741.000000:	delta(nll) = 1.09913

CascadeMinimizer.cc[188] : (in function: improveOnce) - Minimization configured with Type=Minuit2, Algo=Migrad, strategy=0, tolerance=0.1
CascadeMinimizer.cc[215] : (in function: improveOnce) - Minimization finished with status=0
CascadeMinimizer.cc[219] : (in function: improveOnce) - Minimization success! status=0
AsymptoticLimits.cc[552] : (in function: findExpectedLimitFromCrossing) - At r = 742.000000:	delta(nll) = 1.10210

CascadeMinimizer.cc[188] : (in function: improveOnce) - Minimization configured with Type=Minuit2, Algo=Migrad, strategy=0, tolerance=0.1
CascadeMinimizer.cc[215] : (in function: improveOnce) - Minimization finished with status=0
CascadeMinimizer.cc[219] : (in function: improveOnce) - Minimization success! status=0
AsymptoticLimits.cc[552] : (in function: findExpectedLimitFromCrossing) - At r = 743.000000:	delta(nll) = 1.10514

CascadeMinimizer.cc[188] : (in function: improveOnce) - Minimization configured with Type=Minuit2, Algo=Migrad, strategy=0, tolerance=0.1
CascadeMinimizer.cc[215] : (in function: improveOnce) - Minimization finished with status=0
CascadeMinimizer.cc[219] : (in function: improveOnce) - Minimization success! status=0
AsymptoticLimits.cc[552] : (in function: findExpectedLimitFromCrossing) - At r = 744.000000:	delta(nll) = 1.10821

CascadeMinimizer.cc[188] : (in function: improveOnce) - Minimization configured with Type=Minuit2, Algo=Migrad, strategy=0, tolerance=0.1
CascadeMinimizer.cc[215] : (in function: improveOnce) - Minimization finished with status=0
CascadeMinimizer.cc[219] : (in function: improveOnce) - Minimization success! status=0
AsymptoticLimits.cc[552] : (in function: findExpectedLimitFromCrossing) - At r = 745.000000:	delta(nll) = 1.11133

CascadeMinimizer.cc[188] : (in function: improveOnce) - Minimization configured with Type=Minuit2, Algo=Migrad, strategy=0, tolerance=0.1
CascadeMinimizer.cc[215] : (in function: improveOnce) - Minimization finished with status=0
CascadeMinimizer.cc[219] : (in function: improveOnce) - Minimization success! status=0
AsymptoticLimits.cc[552] : (in function: findExpectedLimitFromCrossing) - At r = 746.000000:	delta(nll) = 1.11447

CascadeMinimizer.cc[188] : (in function: improveOnce) - Minimization configured with Type=Minuit2, Algo=Migrad, strategy=0, tolerance=0.1
CascadeMinimizer.cc[215] : (in function: improveOnce) - Minimization finished with status=0
CascadeMinimizer.cc[219] : (in function: improveOnce) - Minimization success! status=0
AsymptoticLimits.cc[552] : (in function: findExpectedLimitFromCrossing) - At r = 747.000000:	delta(nll) = 1.11689

CascadeMinimizer.cc[188] : (in function: improveOnce) - Minimization configured with Type=Minuit2, Algo=Migrad, strategy=0, tolerance=0.1
CascadeMinimizer.cc[215] : (in function: improveOnce) - Minimization finished with status=0
CascadeMinimizer.cc[219] : (in function: improveOnce) - Minimization success! status=0
AsymptoticLimits.cc[552] : (in function: findExpectedLimitFromCrossing) - At r = 748.000000:	delta(nll) = 1.11988

CascadeMinimizer.cc[188] : (in function: improveOnce) - Minimization configured with Type=Minuit2, Algo=Migrad, strategy=0, tolerance=0.1
CascadeMinimizer.cc[215] : (in function: improveOnce) - Minimization finished with status=0
CascadeMinimizer.cc[219] : (in function: improveOnce) - Minimization success! status=0
AsymptoticLimits.cc[552] : (in function: findExpectedLimitFromCrossing) - At r = 749.000000:	delta(nll) = 1.12294

CascadeMinimizer.cc[188] : (in function: improveOnce) - Minimization configured with Type=Minuit2, Algo=Migrad, strategy=0, tolerance=0.1
CascadeMinimizer.cc[215] : (in function: improveOnce) - Minimization finished with status=0
CascadeMinimizer.cc[219] : (in function: improveOnce) - Minimization success! status=0
AsymptoticLimits.cc[552] : (in function: findExpectedLimitFromCrossing) - At r = 750.000000:	delta(nll) = 1.12603

CascadeMinimizer.cc[188] : (in function: improveOnce) - Minimization configured with Type=Minuit2, Algo=Migrad, strategy=0, tolerance=0.1
CascadeMinimizer.cc[215] : (in function: improveOnce) - Minimization finished with status=0
CascadeMinimizer.cc[219] : (in function: improveOnce) - Minimization success! status=0
AsymptoticLimits.cc[552] : (in function: findExpectedLimitFromCrossing) - At r = 751.000000:	delta(nll) = 1.12916

CascadeMinimizer.cc[188] : (in function: improveOnce) - Minimization configured with Type=Minuit2, Algo=Migrad, strategy=0, tolerance=0.1
CascadeMinimizer.cc[215] : (in function: improveOnce) - Minimization finished with status=0
CascadeMinimizer.cc[219] : (in function: improveOnce) - Minimization success! status=0
AsymptoticLimits.cc[552] : (in function: findExpectedLimitFromCrossing) - At r = 752.000000:	delta(nll) = 1.13231

CascadeMinimizer.cc[188] : (in function: improveOnce) - Minimization configured with Type=Minuit2, Algo=Migrad, strategy=0, tolerance=0.1
CascadeMinimizer.cc[215] : (in function: improveOnce) - Minimization finished with status=0
CascadeMinimizer.cc[219] : (in function: improveOnce) - Minimization success! status=0
AsymptoticLimits.cc[552] : (in function: findExpectedLimitFromCrossing) - At r = 753.000000:	delta(nll) = 1.13480

CascadeMinimizer.cc[188] : (in function: improveOnce) - Minimization configured with Type=Minuit2, Algo=Migrad, strategy=0, tolerance=0.1
CascadeMinimizer.cc[215] : (in function: improveOnce) - Minimization finished with status=0
CascadeMinimizer.cc[219] : (in function: improveOnce) - Minimization success! status=0
AsymptoticLimits.cc[552] : (in function: findExpectedLimitFromCrossing) - At r = 754.000000:	delta(nll) = 1.13781

CascadeMinimizer.cc[188] : (in function: improveOnce) - Minimization configured with Type=Minuit2, Algo=Migrad, strategy=0, tolerance=0.1
CascadeMinimizer.cc[215] : (in function: improveOnce) - Minimization finished with status=0
CascadeMinimizer.cc[219] : (in function: improveOnce) - Minimization success! status=0
AsymptoticLimits.cc[552] : (in function: findExpectedLimitFromCrossing) - At r = 755.000000:	delta(nll) = 1.14089

CascadeMinimizer.cc[188] : (in function: improveOnce) - Minimization configured with Type=Minuit2, Algo=Migrad, strategy=0, tolerance=0.1
CascadeMinimizer.cc[215] : (in function: improveOnce) - Minimization finished with status=0
CascadeMinimizer.cc[219] : (in function: improveOnce) - Minimization success! status=0
AsymptoticLimits.cc[552] : (in function: findExpectedLimitFromCrossing) - At r = 756.000000:	delta(nll) = 1.14402

CascadeMinimizer.cc[188] : (in function: improveOnce) - Minimization configured with Type=Minuit2, Algo=Migrad, strategy=0, tolerance=0.1
CascadeMinimizer.cc[215] : (in function: improveOnce) - Minimization finished with status=0
CascadeMinimizer.cc[219] : (in function: improveOnce) - Minimization success! status=0
AsymptoticLimits.cc[552] : (in function: findExpectedLimitFromCrossing) - At r = 757.000000:	delta(nll) = 1.14717

CascadeMinimizer.cc[188] : (in function: improveOnce) - Minimization configured with Type=Minuit2, Algo=Migrad, strategy=0, tolerance=0.1
CascadeMinimizer.cc[215] : (in function: improveOnce) - Minimization finished with status=0
CascadeMinimizer.cc[219] : (in function: improveOnce) - Minimization success! status=0
AsymptoticLimits.cc[552] : (in function: findExpectedLimitFromCrossing) - At r = 758.000000:	delta(nll) = 1.15034

CascadeMinimizer.cc[188] : (in function: improveOnce) - Minimization configured with Type=Minuit2, Algo=Migrad, strategy=0, tolerance=0.1
CascadeMinimizer.cc[215] : (in function: improveOnce) - Minimization finished with status=0
CascadeMinimizer.cc[219] : (in function: improveOnce) - Minimization success! status=0
AsymptoticLimits.cc[552] : (in function: findExpectedLimitFromCrossing) - At r = 759.000000:	delta(nll) = 1.15283

CascadeMinimizer.cc[188] : (in function: improveOnce) - Minimization configured with Type=Minuit2, Algo=Migrad, strategy=0, tolerance=0.1
CascadeMinimizer.cc[215] : (in function: improveOnce) - Minimization finished with status=0
CascadeMinimizer.cc[219] : (in function: improveOnce) - Minimization success! status=0
AsymptoticLimits.cc[552] : (in function: findExpectedLimitFromCrossing) - At r = 760.000000:	delta(nll) = 1.15587

CascadeMinimizer.cc[188] : (in function: improveOnce) - Minimization configured with Type=Minuit2, Algo=Migrad, strategy=0, tolerance=0.1
CascadeMinimizer.cc[215] : (in function: improveOnce) - Minimization finished with status=0
CascadeMinimizer.cc[219] : (in function: improveOnce) - Minimization success! status=0
AsymptoticLimits.cc[552] : (in function: findExpectedLimitFromCrossing) - At r = 761.000000:	delta(nll) = 1.15897

CascadeMinimizer.cc[188] : (in function: improveOnce) - Minimization configured with Type=Minuit2, Algo=Migrad, strategy=0, tolerance=0.1
CascadeMinimizer.cc[215] : (in function: improveOnce) - Minimization finished with status=0
CascadeMinimizer.cc[219] : (in function: improveOnce) - Minimization success! status=0
AsymptoticLimits.cc[552] : (in function: findExpectedLimitFromCrossing) - At r = 762.000000:	delta(nll) = 1.16211

CascadeMinimizer.cc[188] : (in function: improveOnce) - Minimization configured with Type=Minuit2, Algo=Migrad, strategy=0, tolerance=0.1
CascadeMinimizer.cc[215] : (in function: improveOnce) - Minimization finished with status=0
CascadeMinimizer.cc[219] : (in function: improveOnce) - Minimization success! status=0
AsymptoticLimits.cc[552] : (in function: findExpectedLimitFromCrossing) - At r = 763.000000:	delta(nll) = 1.16528

CascadeMinimizer.cc[188] : (in function: improveOnce) - Minimization configured with Type=Minuit2, Algo=Migrad, strategy=0, tolerance=0.1
CascadeMinimizer.cc[215] : (in function: improveOnce) - Minimization finished with status=0
CascadeMinimizer.cc[219] : (in function: improveOnce) - Minimization success! status=0
AsymptoticLimits.cc[552] : (in function: findExpectedLimitFromCrossing) - At r = 764.000000:	delta(nll) = 1.16848

CascadeMinimizer.cc[188] : (in function: improveOnce) - Minimization configured with Type=Minuit2, Algo=Migrad, strategy=0, tolerance=0.1
CascadeMinimizer.cc[215] : (in function: improveOnce) - Minimization finished with status=0
CascadeMinimizer.cc[219] : (in function: improveOnce) - Minimization success! status=0
AsymptoticLimits.cc[552] : (in function: findExpectedLimitFromCrossing) - At r = 765.000000:	delta(nll) = 1.17102

CascadeMinimizer.cc[188] : (in function: improveOnce) - Minimization configured with Type=Minuit2, Algo=Migrad, strategy=0, tolerance=0.1
CascadeMinimizer.cc[215] : (in function: improveOnce) - Minimization finished with status=0
CascadeMinimizer.cc[219] : (in function: improveOnce) - Minimization success! status=0
AsymptoticLimits.cc[552] : (in function: findExpectedLimitFromCrossing) - At r = 766.000000:	delta(nll) = 1.17408

CascadeMinimizer.cc[188] : (in function: improveOnce) - Minimization configured with Type=Minuit2, Algo=Migrad, strategy=0, tolerance=0.1
CascadeMinimizer.cc[215] : (in function: improveOnce) - Minimization finished with status=0
CascadeMinimizer.cc[219] : (in function: improveOnce) - Minimization success! status=0
AsymptoticLimits.cc[552] : (in function: findExpectedLimitFromCrossing) - At r = 767.000000:	delta(nll) = 1.17720

CascadeMinimizer.cc[188] : (in function: improveOnce) - Minimization configured with Type=Minuit2, Algo=Migrad, strategy=0, tolerance=0.1
CascadeMinimizer.cc[215] : (in function: improveOnce) - Minimization finished with status=0
CascadeMinimizer.cc[219] : (in function: improveOnce) - Minimization success! status=0
AsymptoticLimits.cc[552] : (in function: findExpectedLimitFromCrossing) - At r = 768.000000:	delta(nll) = 1.18037

CascadeMinimizer.cc[188] : (in function: improveOnce) - Minimization configured with Type=Minuit2, Algo=Migrad, strategy=0, tolerance=0.1
CascadeMinimizer.cc[215] : (in function: improveOnce) - Minimization finished with status=0
CascadeMinimizer.cc[219] : (in function: improveOnce) - Minimization success! status=0
AsymptoticLimits.cc[552] : (in function: findExpectedLimitFromCrossing) - At r = 769.000000:	delta(nll) = 1.18357

CascadeMinimizer.cc[188] : (in function: improveOnce) - Minimization configured with Type=Minuit2, Algo=Migrad, strategy=0, tolerance=0.1
CascadeMinimizer.cc[215] : (in function: improveOnce) - Minimization finished with status=0
CascadeMinimizer.cc[219] : (in function: improveOnce) - Minimization success! status=0
AsymptoticLimits.cc[552] : (in function: findExpectedLimitFromCrossing) - At r = 770.000000:	delta(nll) = 1.18680

CascadeMinimizer.cc[188] : (in function: improveOnce) - Minimization configured with Type=Minuit2, Algo=Migrad, strategy=0, tolerance=0.1
CascadeMinimizer.cc[215] : (in function: improveOnce) - Minimization finished with status=0
CascadeMinimizer.cc[219] : (in function: improveOnce) - Minimization success! status=0
AsymptoticLimits.cc[552] : (in function: findExpectedLimitFromCrossing) - At r = 771.000000:	delta(nll) = 1.18933

CascadeMinimizer.cc[188] : (in function: improveOnce) - Minimization configured with Type=Minuit2, Algo=Migrad, strategy=0, tolerance=0.1
CascadeMinimizer.cc[215] : (in function: improveOnce) - Minimization finished with status=0
CascadeMinimizer.cc[219] : (in function: improveOnce) - Minimization success! status=0
AsymptoticLimits.cc[552] : (in function: findExpectedLimitFromCrossing) - At r = 772.000000:	delta(nll) = 1.19241

CascadeMinimizer.cc[188] : (in function: improveOnce) - Minimization configured with Type=Minuit2, Algo=Migrad, strategy=0, tolerance=0.1
CascadeMinimizer.cc[215] : (in function: improveOnce) - Minimization finished with status=0
CascadeMinimizer.cc[219] : (in function: improveOnce) - Minimization success! status=0
AsymptoticLimits.cc[552] : (in function: findExpectedLimitFromCrossing) - At r = 773.000000:	delta(nll) = 1.19555

CascadeMinimizer.cc[188] : (in function: improveOnce) - Minimization configured with Type=Minuit2, Algo=Migrad, strategy=0, tolerance=0.1
CascadeMinimizer.cc[215] : (in function: improveOnce) - Minimization finished with status=0
CascadeMinimizer.cc[219] : (in function: improveOnce) - Minimization success! status=0
AsymptoticLimits.cc[552] : (in function: findExpectedLimitFromCrossing) - At r = 774.000000:	delta(nll) = 1.19874

CascadeMinimizer.cc[188] : (in function: improveOnce) - Minimization configured with Type=Minuit2, Algo=Migrad, strategy=0, tolerance=0.1
CascadeMinimizer.cc[215] : (in function: improveOnce) - Minimization finished with status=0
CascadeMinimizer.cc[219] : (in function: improveOnce) - Minimization success! status=0
AsymptoticLimits.cc[552] : (in function: findExpectedLimitFromCrossing) - At r = 775.000000:	delta(nll) = 1.20196

CascadeMinimizer.cc[188] : (in function: improveOnce) - Minimization configured with Type=Minuit2, Algo=Migrad, strategy=0, tolerance=0.1
CascadeMinimizer.cc[215] : (in function: improveOnce) - Minimization finished with status=0
CascadeMinimizer.cc[219] : (in function: improveOnce) - Minimization success! status=0
AsymptoticLimits.cc[552] : (in function: findExpectedLimitFromCrossing) - At r = 776.000000:	delta(nll) = 1.20520

CascadeMinimizer.cc[188] : (in function: improveOnce) - Minimization configured with Type=Minuit2, Algo=Migrad, strategy=0, tolerance=0.1
CascadeMinimizer.cc[215] : (in function: improveOnce) - Minimization finished with status=0
CascadeMinimizer.cc[219] : (in function: improveOnce) - Minimization success! status=0
AsymptoticLimits.cc[552] : (in function: findExpectedLimitFromCrossing) - At r = 777.000000:	delta(nll) = 1.20846

CascadeMinimizer.cc[188] : (in function: improveOnce) - Minimization configured with Type=Minuit2, Algo=Migrad, strategy=0, tolerance=0.1
CascadeMinimizer.cc[215] : (in function: improveOnce) - Minimization finished with status=0
CascadeMinimizer.cc[219] : (in function: improveOnce) - Minimization success! status=0
AsymptoticLimits.cc[552] : (in function: findExpectedLimitFromCrossing) - At r = 778.000000:	delta(nll) = 1.21086

CascadeMinimizer.cc[188] : (in function: improveOnce) - Minimization configured with Type=Minuit2, Algo=Migrad, strategy=0, tolerance=0.1
CascadeMinimizer.cc[215] : (in function: improveOnce) - Minimization finished with status=0
CascadeMinimizer.cc[219] : (in function: improveOnce) - Minimization success! status=0
AsymptoticLimits.cc[552] : (in function: findExpectedLimitFromCrossing) - At r = 779.000000:	delta(nll) = 1.21398

CascadeMinimizer.cc[188] : (in function: improveOnce) - Minimization configured with Type=Minuit2, Algo=Migrad, strategy=0, tolerance=0.1
CascadeMinimizer.cc[215] : (in function: improveOnce) - Minimization finished with status=0
CascadeMinimizer.cc[219] : (in function: improveOnce) - Minimization success! status=0
AsymptoticLimits.cc[552] : (in function: findExpectedLimitFromCrossing) - At r = 780.000000:	delta(nll) = 1.21715

CascadeMinimizer.cc[188] : (in function: improveOnce) - Minimization configured with Type=Minuit2, Algo=Migrad, strategy=0, tolerance=0.1
CascadeMinimizer.cc[215] : (in function: improveOnce) - Minimization finished with status=0
CascadeMinimizer.cc[219] : (in function: improveOnce) - Minimization success! status=0
AsymptoticLimits.cc[552] : (in function: findExpectedLimitFromCrossing) - At r = 781.000000:	delta(nll) = 1.22036

CascadeMinimizer.cc[188] : (in function: improveOnce) - Minimization configured with Type=Minuit2, Algo=Migrad, strategy=0, tolerance=0.1
CascadeMinimizer.cc[215] : (in function: improveOnce) - Minimization finished with status=0
CascadeMinimizer.cc[219] : (in function: improveOnce) - Minimization success! status=0
AsymptoticLimits.cc[552] : (in function: findExpectedLimitFromCrossing) - At r = 782.000000:	delta(nll) = 1.05258

CascadeMinimizer.cc[188] : (in function: improveOnce) - Minimization configured with Type=Minuit2, Algo=Migrad, strategy=0, tolerance=0.1
CascadeMinimizer.cc[215] : (in function: improveOnce) - Minimization finished with status=0
CascadeMinimizer.cc[219] : (in function: improveOnce) - Minimization success! status=0
AsymptoticLimits.cc[552] : (in function: findExpectedLimitFromCrossing) - At r = 783.000000:	delta(nll) = 1.05301

CascadeMinimizer.cc[188] : (in function: improveOnce) - Minimization configured with Type=Minuit2, Algo=Migrad, strategy=0, tolerance=0.1
CascadeMinimizer.cc[215] : (in function: improveOnce) - Minimization finished with status=0
CascadeMinimizer.cc[219] : (in function: improveOnce) - Minimization success! status=0
AsymptoticLimits.cc[552] : (in function: findExpectedLimitFromCrossing) - At r = 784.000000:	delta(nll) = 1.05349

CascadeMinimizer.cc[188] : (in function: improveOnce) - Minimization configured with Type=Minuit2, Algo=Migrad, strategy=0, tolerance=0.1
CascadeMinimizer.cc[215] : (in function: improveOnce) - Minimization finished with status=0
CascadeMinimizer.cc[219] : (in function: improveOnce) - Minimization success! status=0
AsymptoticLimits.cc[552] : (in function: findExpectedLimitFromCrossing) - At r = 785.000000:	delta(nll) = 1.05400

CascadeMinimizer.cc[188] : (in function: improveOnce) - Minimization configured with Type=Minuit2, Algo=Migrad, strategy=0, tolerance=0.1
CascadeMinimizer.cc[215] : (in function: improveOnce) - Minimization finished with status=0
CascadeMinimizer.cc[219] : (in function: improveOnce) - Minimization success! status=0
AsymptoticLimits.cc[552] : (in function: findExpectedLimitFromCrossing) - At r = 786.000000:	delta(nll) = 1.05455

CascadeMinimizer.cc[188] : (in function: improveOnce) - Minimization configured with Type=Minuit2, Algo=Migrad, strategy=0, tolerance=0.1
CascadeMinimizer.cc[215] : (in function: improveOnce) - Minimization finished with status=0
CascadeMinimizer.cc[219] : (in function: improveOnce) - Minimization success! status=0
AsymptoticLimits.cc[552] : (in function: findExpectedLimitFromCrossing) - At r = 787.000000:	delta(nll) = 1.05514

CascadeMinimizer.cc[188] : (in function: improveOnce) - Minimization configured with Type=Minuit2, Algo=Migrad, strategy=0, tolerance=0.1
CascadeMinimizer.cc[215] : (in function: improveOnce) - Minimization finished with status=0
CascadeMinimizer.cc[219] : (in function: improveOnce) - Minimization success! status=0
AsymptoticLimits.cc[552] : (in function: findExpectedLimitFromCrossing) - At r = 788.000000:	delta(nll) = 1.05574

CascadeMinimizer.cc[188] : (in function: improveOnce) - Minimization configured with Type=Minuit2, Algo=Migrad, strategy=0, tolerance=0.1
CascadeMinimizer.cc[215] : (in function: improveOnce) - Minimization finished with status=0
CascadeMinimizer.cc[219] : (in function: improveOnce) - Minimization success! status=0
AsymptoticLimits.cc[552] : (in function: findExpectedLimitFromCrossing) - At r = 789.000000:	delta(nll) = 1.05569

CascadeMinimizer.cc[188] : (in function: improveOnce) - Minimization configured with Type=Minuit2, Algo=Migrad, strategy=0, tolerance=0.1
CascadeMinimizer.cc[215] : (in function: improveOnce) - Minimization finished with status=0
CascadeMinimizer.cc[219] : (in function: improveOnce) - Minimization success! status=0
AsymptoticLimits.cc[552] : (in function: findExpectedLimitFromCrossing) - At r = 790.000000:	delta(nll) = 1.05619

CascadeMinimizer.cc[188] : (in function: improveOnce) - Minimization configured with Type=Minuit2, Algo=Migrad, strategy=0, tolerance=0.1
CascadeMinimizer.cc[215] : (in function: improveOnce) - Minimization finished with status=0
CascadeMinimizer.cc[219] : (in function: improveOnce) - Minimization success! status=0
AsymptoticLimits.cc[552] : (in function: findExpectedLimitFromCrossing) - At r = 791.000000:	delta(nll) = 1.05674

CascadeMinimizer.cc[188] : (in function: improveOnce) - Minimization configured with Type=Minuit2, Algo=Migrad, strategy=0, tolerance=0.1
CascadeMinimizer.cc[215] : (in function: improveOnce) - Minimization finished with status=0
CascadeMinimizer.cc[219] : (in function: improveOnce) - Minimization success! status=0
AsymptoticLimits.cc[552] : (in function: findExpectedLimitFromCrossing) - At r = 792.000000:	delta(nll) = 1.05734

CascadeMinimizer.cc[188] : (in function: improveOnce) - Minimization configured with Type=Minuit2, Algo=Migrad, strategy=0, tolerance=0.1
CascadeMinimizer.cc[215] : (in function: improveOnce) - Minimization finished with status=0
CascadeMinimizer.cc[219] : (in function: improveOnce) - Minimization success! status=0
AsymptoticLimits.cc[552] : (in function: findExpectedLimitFromCrossing) - At r = 793.000000:	delta(nll) = 1.05796

CascadeMinimizer.cc[188] : (in function: improveOnce) - Minimization configured with Type=Minuit2, Algo=Migrad, strategy=0, tolerance=0.1
CascadeMinimizer.cc[215] : (in function: improveOnce) - Minimization finished with status=0
CascadeMinimizer.cc[219] : (in function: improveOnce) - Minimization success! status=0
AsymptoticLimits.cc[552] : (in function: findExpectedLimitFromCrossing) - At r = 794.000000:	delta(nll) = 1.05861

CascadeMinimizer.cc[188] : (in function: improveOnce) - Minimization configured with Type=Minuit2, Algo=Migrad, strategy=0, tolerance=0.1
CascadeMinimizer.cc[215] : (in function: improveOnce) - Minimization finished with status=0
CascadeMinimizer.cc[219] : (in function: improveOnce) - Minimization success! status=0
AsymptoticLimits.cc[552] : (in function: findExpectedLimitFromCrossing) - At r = 795.000000:	delta(nll) = 1.05928

CascadeMinimizer.cc[188] : (in function: improveOnce) - Minimization configured with Type=Minuit2, Algo=Migrad, strategy=0, tolerance=0.1
CascadeMinimizer.cc[215] : (in function: improveOnce) - Minimization finished with status=0
CascadeMinimizer.cc[219] : (in function: improveOnce) - Minimization success! status=0
AsymptoticLimits.cc[552] : (in function: findExpectedLimitFromCrossing) - At r = 796.000000:	delta(nll) = 1.05925

CascadeMinimizer.cc[188] : (in function: improveOnce) - Minimization configured with Type=Minuit2, Algo=Migrad, strategy=0, tolerance=0.1
CascadeMinimizer.cc[215] : (in function: improveOnce) - Minimization finished with status=0
CascadeMinimizer.cc[219] : (in function: improveOnce) - Minimization success! status=0
AsymptoticLimits.cc[552] : (in function: findExpectedLimitFromCrossing) - At r = 797.000000:	delta(nll) = 1.05980

CascadeMinimizer.cc[188] : (in function: improveOnce) - Minimization configured with Type=Minuit2, Algo=Migrad, strategy=0, tolerance=0.1
CascadeMinimizer.cc[215] : (in function: improveOnce) - Minimization finished with status=0
CascadeMinimizer.cc[219] : (in function: improveOnce) - Minimization success! status=0
AsymptoticLimits.cc[552] : (in function: findExpectedLimitFromCrossing) - At r = 798.000000:	delta(nll) = 1.06041

CascadeMinimizer.cc[188] : (in function: improveOnce) - Minimization configured with Type=Minuit2, Algo=Migrad, strategy=0, tolerance=0.1
CascadeMinimizer.cc[215] : (in function: improveOnce) - Minimization finished with status=0
CascadeMinimizer.cc[219] : (in function: improveOnce) - Minimization success! status=0
AsymptoticLimits.cc[552] : (in function: findExpectedLimitFromCrossing) - At r = 799.000000:	delta(nll) = 1.06107

CascadeMinimizer.cc[188] : (in function: improveOnce) - Minimization configured with Type=Minuit2, Algo=Migrad, strategy=0, tolerance=0.1
CascadeMinimizer.cc[215] : (in function: improveOnce) - Minimization finished with status=0
CascadeMinimizer.cc[219] : (in function: improveOnce) - Minimization success! status=0
AsymptoticLimits.cc[552] : (in function: findExpectedLimitFromCrossing) - At r = 800.000000:	delta(nll) = 1.06175

CascadeMinimizer.cc[188] : (in function: improveOnce) - Minimization configured with Type=Minuit2, Algo=Migrad, strategy=0, tolerance=0.1
CascadeMinimizer.cc[215] : (in function: improveOnce) - Minimization finished with status=0
CascadeMinimizer.cc[219] : (in function: improveOnce) - Minimization success! status=0
AsymptoticLimits.cc[552] : (in function: findExpectedLimitFromCrossing) - At r = 801.000000:	delta(nll) = 1.06247

CascadeMinimizer.cc[188] : (in function: improveOnce) - Minimization configured with Type=Minuit2, Algo=Migrad, strategy=0, tolerance=0.1
CascadeMinimizer.cc[215] : (in function: improveOnce) - Minimization finished with status=0
CascadeMinimizer.cc[219] : (in function: improveOnce) - Minimization success! status=0
AsymptoticLimits.cc[552] : (in function: findExpectedLimitFromCrossing) - At r = 802.000000:	delta(nll) = 1.06321

CascadeMinimizer.cc[188] : (in function: improveOnce) - Minimization configured with Type=Minuit2, Algo=Migrad, strategy=0, tolerance=0.1
CascadeMinimizer.cc[215] : (in function: improveOnce) - Minimization finished with status=0
CascadeMinimizer.cc[219] : (in function: improveOnce) - Minimization success! status=0
AsymptoticLimits.cc[552] : (in function: findExpectedLimitFromCrossing) - At r = 803.000000:	delta(nll) = 1.06325

CascadeMinimizer.cc[188] : (in function: improveOnce) - Minimization configured with Type=Minuit2, Algo=Migrad, strategy=0, tolerance=0.1
CascadeMinimizer.cc[215] : (in function: improveOnce) - Minimization finished with status=0
CascadeMinimizer.cc[219] : (in function: improveOnce) - Minimization success! status=0
AsymptoticLimits.cc[552] : (in function: findExpectedLimitFromCrossing) - At r = 804.000000:	delta(nll) = 1.06387

CascadeMinimizer.cc[188] : (in function: improveOnce) - Minimization configured with Type=Minuit2, Algo=Migrad, strategy=0, tolerance=0.1
CascadeMinimizer.cc[215] : (in function: improveOnce) - Minimization finished with status=0
CascadeMinimizer.cc[219] : (in function: improveOnce) - Minimization success! status=0
AsymptoticLimits.cc[552] : (in function: findExpectedLimitFromCrossing) - At r = 805.000000:	delta(nll) = 1.06455

CascadeMinimizer.cc[188] : (in function: improveOnce) - Minimization configured with Type=Minuit2, Algo=Migrad, strategy=0, tolerance=0.1
CascadeMinimizer.cc[215] : (in function: improveOnce) - Minimization finished with status=0
CascadeMinimizer.cc[219] : (in function: improveOnce) - Minimization success! status=0
AsymptoticLimits.cc[552] : (in function: findExpectedLimitFromCrossing) - At r = 806.000000:	delta(nll) = 1.06526

CascadeMinimizer.cc[188] : (in function: improveOnce) - Minimization configured with Type=Minuit2, Algo=Migrad, strategy=0, tolerance=0.1
CascadeMinimizer.cc[215] : (in function: improveOnce) - Minimization finished with status=0
CascadeMinimizer.cc[219] : (in function: improveOnce) - Minimization success! status=0
AsymptoticLimits.cc[552] : (in function: findExpectedLimitFromCrossing) - At r = 807.000000:	delta(nll) = 1.06601

CascadeMinimizer.cc[188] : (in function: improveOnce) - Minimization configured with Type=Minuit2, Algo=Migrad, strategy=0, tolerance=0.1
CascadeMinimizer.cc[215] : (in function: improveOnce) - Minimization finished with status=0
CascadeMinimizer.cc[219] : (in function: improveOnce) - Minimization success! status=0
AsymptoticLimits.cc[552] : (in function: findExpectedLimitFromCrossing) - At r = 808.000000:	delta(nll) = 1.06679

CascadeMinimizer.cc[188] : (in function: improveOnce) - Minimization configured with Type=Minuit2, Algo=Migrad, strategy=0, tolerance=0.1
CascadeMinimizer.cc[215] : (in function: improveOnce) - Minimization finished with status=0
CascadeMinimizer.cc[219] : (in function: improveOnce) - Minimization success! status=0
AsymptoticLimits.cc[552] : (in function: findExpectedLimitFromCrossing) - At r = 809.000000:	delta(nll) = 1.06757

CascadeMinimizer.cc[188] : (in function: improveOnce) - Minimization configured with Type=Minuit2, Algo=Migrad, strategy=0, tolerance=0.1
CascadeMinimizer.cc[215] : (in function: improveOnce) - Minimization finished with status=0
CascadeMinimizer.cc[219] : (in function: improveOnce) - Minimization success! status=0
AsymptoticLimits.cc[552] : (in function: findExpectedLimitFromCrossing) - At r = 810.000000:	delta(nll) = 1.06770

CascadeMinimizer.cc[188] : (in function: improveOnce) - Minimization configured with Type=Minuit2, Algo=Migrad, strategy=0, tolerance=0.1
CascadeMinimizer.cc[215] : (in function: improveOnce) - Minimization finished with status=0
CascadeMinimizer.cc[219] : (in function: improveOnce) - Minimization success! status=0
AsymptoticLimits.cc[552] : (in function: findExpectedLimitFromCrossing) - At r = 811.000000:	delta(nll) = 1.06839

CascadeMinimizer.cc[188] : (in function: improveOnce) - Minimization configured with Type=Minuit2, Algo=Migrad, strategy=0, tolerance=0.1
CascadeMinimizer.cc[215] : (in function: improveOnce) - Minimization finished with status=0
CascadeMinimizer.cc[219] : (in function: improveOnce) - Minimization success! status=0
AsymptoticLimits.cc[552] : (in function: findExpectedLimitFromCrossing) - At r = 812.000000:	delta(nll) = 1.06913

CascadeMinimizer.cc[188] : (in function: improveOnce) - Minimization configured with Type=Minuit2, Algo=Migrad, strategy=0, tolerance=0.1
CascadeMinimizer.cc[215] : (in function: improveOnce) - Minimization finished with status=0
CascadeMinimizer.cc[219] : (in function: improveOnce) - Minimization success! status=0
AsymptoticLimits.cc[552] : (in function: findExpectedLimitFromCrossing) - At r = 813.000000:	delta(nll) = 1.06990

CascadeMinimizer.cc[188] : (in function: improveOnce) - Minimization configured with Type=Minuit2, Algo=Migrad, strategy=0, tolerance=0.1
CascadeMinimizer.cc[215] : (in function: improveOnce) - Minimization finished with status=0
CascadeMinimizer.cc[219] : (in function: improveOnce) - Minimization success! status=0
AsymptoticLimits.cc[552] : (in function: findExpectedLimitFromCrossing) - At r = 814.000000:	delta(nll) = 1.07071

CascadeMinimizer.cc[188] : (in function: improveOnce) - Minimization configured with Type=Minuit2, Algo=Migrad, strategy=0, tolerance=0.1
CascadeMinimizer.cc[215] : (in function: improveOnce) - Minimization finished with status=0
CascadeMinimizer.cc[219] : (in function: improveOnce) - Minimization success! status=0
AsymptoticLimits.cc[552] : (in function: findExpectedLimitFromCrossing) - At r = 815.000000:	delta(nll) = 1.07155

CascadeMinimizer.cc[188] : (in function: improveOnce) - Minimization configured with Type=Minuit2, Algo=Migrad, strategy=0, tolerance=0.1
CascadeMinimizer.cc[215] : (in function: improveOnce) - Minimization finished with status=0
CascadeMinimizer.cc[219] : (in function: improveOnce) - Minimization success! status=0
AsymptoticLimits.cc[552] : (in function: findExpectedLimitFromCrossing) - At r = 816.000000:	delta(nll) = 1.07241

CascadeMinimizer.cc[188] : (in function: improveOnce) - Minimization configured with Type=Minuit2, Algo=Migrad, strategy=0, tolerance=0.1
CascadeMinimizer.cc[215] : (in function: improveOnce) - Minimization finished with status=0
CascadeMinimizer.cc[219] : (in function: improveOnce) - Minimization success! status=0
AsymptoticLimits.cc[552] : (in function: findExpectedLimitFromCrossing) - At r = 817.000000:	delta(nll) = 1.07260

CascadeMinimizer.cc[188] : (in function: improveOnce) - Minimization configured with Type=Minuit2, Algo=Migrad, strategy=0, tolerance=0.1
CascadeMinimizer.cc[215] : (in function: improveOnce) - Minimization finished with status=0
CascadeMinimizer.cc[219] : (in function: improveOnce) - Minimization success! status=0
AsymptoticLimits.cc[552] : (in function: findExpectedLimitFromCrossing) - At r = 818.000000:	delta(nll) = 1.07334

CascadeMinimizer.cc[188] : (in function: improveOnce) - Minimization configured with Type=Minuit2, Algo=Migrad, strategy=0, tolerance=0.1
CascadeMinimizer.cc[215] : (in function: improveOnce) - Minimization finished with status=0
CascadeMinimizer.cc[219] : (in function: improveOnce) - Minimization success! status=0
AsymptoticLimits.cc[552] : (in function: findExpectedLimitFromCrossing) - At r = 819.000000:	delta(nll) = 1.07414

CascadeMinimizer.cc[188] : (in function: improveOnce) - Minimization configured with Type=Minuit2, Algo=Migrad, strategy=0, tolerance=0.1
CascadeMinimizer.cc[215] : (in function: improveOnce) - Minimization finished with status=0
CascadeMinimizer.cc[219] : (in function: improveOnce) - Minimization success! status=0
AsymptoticLimits.cc[552] : (in function: findExpectedLimitFromCrossing) - At r = 820.000000:	delta(nll) = 1.07497

CascadeMinimizer.cc[188] : (in function: improveOnce) - Minimization configured with Type=Minuit2, Algo=Migrad, strategy=0, tolerance=0.1
CascadeMinimizer.cc[215] : (in function: improveOnce) - Minimization finished with status=0
CascadeMinimizer.cc[219] : (in function: improveOnce) - Minimization success! status=0
AsymptoticLimits.cc[552] : (in function: findExpectedLimitFromCrossing) - At r = 821.000000:	delta(nll) = 1.07584

CascadeMinimizer.cc[188] : (in function: improveOnce) - Minimization configured with Type=Minuit2, Algo=Migrad, strategy=0, tolerance=0.1
CascadeMinimizer.cc[215] : (in function: improveOnce) - Minimization finished with status=0
CascadeMinimizer.cc[219] : (in function: improveOnce) - Minimization success! status=0
AsymptoticLimits.cc[552] : (in function: findExpectedLimitFromCrossing) - At r = 822.000000:	delta(nll) = 1.07675

CascadeMinimizer.cc[188] : (in function: improveOnce) - Minimization configured with Type=Minuit2, Algo=Migrad, strategy=0, tolerance=0.1
CascadeMinimizer.cc[215] : (in function: improveOnce) - Minimization finished with status=0
CascadeMinimizer.cc[219] : (in function: improveOnce) - Minimization success! status=0
AsymptoticLimits.cc[552] : (in function: findExpectedLimitFromCrossing) - At r = 823.000000:	delta(nll) = 1.07766

CascadeMinimizer.cc[188] : (in function: improveOnce) - Minimization configured with Type=Minuit2, Algo=Migrad, strategy=0, tolerance=0.1
CascadeMinimizer.cc[215] : (in function: improveOnce) - Minimization finished with status=0
CascadeMinimizer.cc[219] : (in function: improveOnce) - Minimization success! status=0
AsymptoticLimits.cc[552] : (in function: findExpectedLimitFromCrossing) - At r = 824.000000:	delta(nll) = 1.07858

CascadeMinimizer.cc[188] : (in function: improveOnce) - Minimization configured with Type=Minuit2, Algo=Migrad, strategy=0, tolerance=0.1
CascadeMinimizer.cc[215] : (in function: improveOnce) - Minimization finished with status=0
CascadeMinimizer.cc[219] : (in function: improveOnce) - Minimization success! status=0
AsymptoticLimits.cc[552] : (in function: findExpectedLimitFromCrossing) - At r = 825.000000:	delta(nll) = 1.07873

CascadeMinimizer.cc[188] : (in function: improveOnce) - Minimization configured with Type=Minuit2, Algo=Migrad, strategy=0, tolerance=0.1
CascadeMinimizer.cc[215] : (in function: improveOnce) - Minimization finished with status=0
CascadeMinimizer.cc[219] : (in function: improveOnce) - Minimization success! status=0
AsymptoticLimits.cc[552] : (in function: findExpectedLimitFromCrossing) - At r = 826.000000:	delta(nll) = 1.07954

CascadeMinimizer.cc[188] : (in function: improveOnce) - Minimization configured with Type=Minuit2, Algo=Migrad, strategy=0, tolerance=0.1
CascadeMinimizer.cc[215] : (in function: improveOnce) - Minimization finished with status=0
CascadeMinimizer.cc[219] : (in function: improveOnce) - Minimization success! status=0
AsymptoticLimits.cc[552] : (in function: findExpectedLimitFromCrossing) - At r = 827.000000:	delta(nll) = 1.08041

CascadeMinimizer.cc[188] : (in function: improveOnce) - Minimization configured with Type=Minuit2, Algo=Migrad, strategy=0, tolerance=0.1
CascadeMinimizer.cc[215] : (in function: improveOnce) - Minimization finished with status=0
CascadeMinimizer.cc[219] : (in function: improveOnce) - Minimization success! status=0
AsymptoticLimits.cc[552] : (in function: findExpectedLimitFromCrossing) - At r = 828.000000:	delta(nll) = 0.48472

CascadeMinimizer.cc[188] : (in function: improveOnce) - Minimization configured with Type=Minuit2, Algo=Migrad, strategy=0, tolerance=0.1
CascadeMinimizer.cc[215] : (in function: improveOnce) - Minimization finished with status=0
CascadeMinimizer.cc[219] : (in function: improveOnce) - Minimization success! status=0
AsymptoticLimits.cc[552] : (in function: findExpectedLimitFromCrossing) - At r = 829.000000:	delta(nll) = 0.47969

CascadeMinimizer.cc[188] : (in function: improveOnce) - Minimization configured with Type=Minuit2, Algo=Migrad, strategy=0, tolerance=0.1
CascadeMinimizer.cc[215] : (in function: improveOnce) - Minimization finished with status=0
CascadeMinimizer.cc[219] : (in function: improveOnce) - Minimization success! status=0
AsymptoticLimits.cc[552] : (in function: findExpectedLimitFromCrossing) - At r = 830.000000:	delta(nll) = 0.47473

CascadeMinimizer.cc[188] : (in function: improveOnce) - Minimization configured with Type=Minuit2, Algo=Migrad, strategy=0, tolerance=0.1
CascadeMinimizer.cc[215] : (in function: improveOnce) - Minimization finished with status=0
CascadeMinimizer.cc[219] : (in function: improveOnce) - Minimization success! status=0
AsymptoticLimits.cc[552] : (in function: findExpectedLimitFromCrossing) - At r = 831.000000:	delta(nll) = 0.46982

CascadeMinimizer.cc[188] : (in function: improveOnce) - Minimization configured with Type=Minuit2, Algo=Migrad, strategy=0, tolerance=0.1
CascadeMinimizer.cc[215] : (in function: improveOnce) - Minimization finished with status=0
CascadeMinimizer.cc[219] : (in function: improveOnce) - Minimization success! status=0
AsymptoticLimits.cc[552] : (in function: findExpectedLimitFromCrossing) - At r = 832.000000:	delta(nll) = 0.46496

CascadeMinimizer.cc[188] : (in function: improveOnce) - Minimization configured with Type=Minuit2, Algo=Migrad, strategy=0, tolerance=0.1
CascadeMinimizer.cc[215] : (in function: improveOnce) - Minimization finished with status=0
CascadeMinimizer.cc[219] : (in function: improveOnce) - Minimization success! status=0
AsymptoticLimits.cc[552] : (in function: findExpectedLimitFromCrossing) - At r = 833.000000:	delta(nll) = 0.46016

CascadeMinimizer.cc[188] : (in function: improveOnce) - Minimization configured with Type=Minuit2, Algo=Migrad, strategy=0, tolerance=0.1
CascadeMinimizer.cc[215] : (in function: improveOnce) - Minimization finished with status=0
CascadeMinimizer.cc[219] : (in function: improveOnce) - Minimization success! status=0
AsymptoticLimits.cc[552] : (in function: findExpectedLimitFromCrossing) - At r = 834.000000:	delta(nll) = 0.45539

CascadeMinimizer.cc[188] : (in function: improveOnce) - Minimization configured with Type=Minuit2, Algo=Migrad, strategy=0, tolerance=0.1
CascadeMinimizer.cc[215] : (in function: improveOnce) - Minimization finished with status=0
CascadeMinimizer.cc[219] : (in function: improveOnce) - Minimization success! status=0
AsymptoticLimits.cc[552] : (in function: findExpectedLimitFromCrossing) - At r = 835.000000:	delta(nll) = 0.45066

CascadeMinimizer.cc[188] : (in function: improveOnce) - Minimization configured with Type=Minuit2, Algo=Migrad, strategy=0, tolerance=0.1
CascadeMinimizer.cc[215] : (in function: improveOnce) - Minimization finished with status=0
CascadeMinimizer.cc[219] : (in function: improveOnce) - Minimization success! status=0
AsymptoticLimits.cc[552] : (in function: findExpectedLimitFromCrossing) - At r = 836.000000:	delta(nll) = 0.44596

CascadeMinimizer.cc[188] : (in function: improveOnce) - Minimization configured with Type=Minuit2, Algo=Migrad, strategy=0, tolerance=0.1
CascadeMinimizer.cc[215] : (in function: improveOnce) - Minimization finished with status=0
CascadeMinimizer.cc[219] : (in function: improveOnce) - Minimization success! status=0
AsymptoticLimits.cc[552] : (in function: findExpectedLimitFromCrossing) - At r = 837.000000:	delta(nll) = 0.44058

CascadeMinimizer.cc[188] : (in function: improveOnce) - Minimization configured with Type=Minuit2, Algo=Migrad, strategy=0, tolerance=0.1
CascadeMinimizer.cc[215] : (in function: improveOnce) - Minimization finished with status=0
CascadeMinimizer.cc[219] : (in function: improveOnce) - Minimization success! status=0
AsymptoticLimits.cc[552] : (in function: findExpectedLimitFromCrossing) - At r = 838.000000:	delta(nll) = 0.43584

CascadeMinimizer.cc[188] : (in function: improveOnce) - Minimization configured with Type=Minuit2, Algo=Migrad, strategy=0, tolerance=0.1
CascadeMinimizer.cc[215] : (in function: improveOnce) - Minimization finished with status=0
CascadeMinimizer.cc[219] : (in function: improveOnce) - Minimization success! status=0
AsymptoticLimits.cc[552] : (in function: findExpectedLimitFromCrossing) - At r = 839.000000:	delta(nll) = 0.43116

CascadeMinimizer.cc[188] : (in function: improveOnce) - Minimization configured with Type=Minuit2, Algo=Migrad, strategy=0, tolerance=0.1
CascadeMinimizer.cc[215] : (in function: improveOnce) - Minimization finished with status=0
CascadeMinimizer.cc[219] : (in function: improveOnce) - Minimization success! status=0
AsymptoticLimits.cc[552] : (in function: findExpectedLimitFromCrossing) - At r = 840.000000:	delta(nll) = 0.42654

CascadeMinimizer.cc[188] : (in function: improveOnce) - Minimization configured with Type=Minuit2, Algo=Migrad, strategy=0, tolerance=0.1
CascadeMinimizer.cc[215] : (in function: improveOnce) - Minimization finished with status=0
CascadeMinimizer.cc[219] : (in function: improveOnce) - Minimization success! status=0
AsymptoticLimits.cc[552] : (in function: findExpectedLimitFromCrossing) - At r = 841.000000:	delta(nll) = 0.42197

CascadeMinimizer.cc[188] : (in function: improveOnce) - Minimization configured with Type=Minuit2, Algo=Migrad, strategy=0, tolerance=0.1
CascadeMinimizer.cc[215] : (in function: improveOnce) - Minimization finished with status=0
CascadeMinimizer.cc[219] : (in function: improveOnce) - Minimization success! status=0
AsymptoticLimits.cc[552] : (in function: findExpectedLimitFromCrossing) - At r = 842.000000:	delta(nll) = 0.41744

CascadeMinimizer.cc[188] : (in function: improveOnce) - Minimization configured with Type=Minuit2, Algo=Migrad, strategy=0, tolerance=0.1
CascadeMinimizer.cc[215] : (in function: improveOnce) - Minimization finished with status=0
CascadeMinimizer.cc[219] : (in function: improveOnce) - Minimization success! status=0
AsymptoticLimits.cc[552] : (in function: findExpectedLimitFromCrossing) - At r = 843.000000:	delta(nll) = 0.41295

CascadeMinimizer.cc[188] : (in function: improveOnce) - Minimization configured with Type=Minuit2, Algo=Migrad, strategy=0, tolerance=0.1
CascadeMinimizer.cc[215] : (in function: improveOnce) - Minimization finished with status=0
CascadeMinimizer.cc[219] : (in function: improveOnce) - Minimization success! status=0
AsymptoticLimits.cc[552] : (in function: findExpectedLimitFromCrossing) - At r = 844.000000:	delta(nll) = 0.40851

CascadeMinimizer.cc[188] : (in function: improveOnce) - Minimization configured with Type=Minuit2, Algo=Migrad, strategy=0, tolerance=0.1
CascadeMinimizer.cc[215] : (in function: improveOnce) - Minimization finished with status=0
CascadeMinimizer.cc[219] : (in function: improveOnce) - Minimization success! status=0
AsymptoticLimits.cc[552] : (in function: findExpectedLimitFromCrossing) - At r = 845.000000:	delta(nll) = 0.40410

CascadeMinimizer.cc[188] : (in function: improveOnce) - Minimization configured with Type=Minuit2, Algo=Migrad, strategy=0, tolerance=0.1
CascadeMinimizer.cc[215] : (in function: improveOnce) - Minimization finished with status=0
CascadeMinimizer.cc[219] : (in function: improveOnce) - Minimization success! status=0
AsymptoticLimits.cc[552] : (in function: findExpectedLimitFromCrossing) - At r = 846.000000:	delta(nll) = 0.39894

CascadeMinimizer.cc[188] : (in function: improveOnce) - Minimization configured with Type=Minuit2, Algo=Migrad, strategy=0, tolerance=0.1
CascadeMinimizer.cc[215] : (in function: improveOnce) - Minimization finished with status=0
CascadeMinimizer.cc[219] : (in function: improveOnce) - Minimization success! status=0
AsymptoticLimits.cc[552] : (in function: findExpectedLimitFromCrossing) - At r = 847.000000:	delta(nll) = 0.39447

CascadeMinimizer.cc[188] : (in function: improveOnce) - Minimization configured with Type=Minuit2, Algo=Migrad, strategy=0, tolerance=0.1
CascadeMinimizer.cc[215] : (in function: improveOnce) - Minimization finished with status=0
CascadeMinimizer.cc[219] : (in function: improveOnce) - Minimization success! status=0
AsymptoticLimits.cc[552] : (in function: findExpectedLimitFromCrossing) - At r = 848.000000:	delta(nll) = 0.39007

CascadeMinimizer.cc[188] : (in function: improveOnce) - Minimization configured with Type=Minuit2, Algo=Migrad, strategy=0, tolerance=0.1
CascadeMinimizer.cc[215] : (in function: improveOnce) - Minimization finished with status=0
CascadeMinimizer.cc[219] : (in function: improveOnce) - Minimization success! status=0
AsymptoticLimits.cc[552] : (in function: findExpectedLimitFromCrossing) - At r = 849.000000:	delta(nll) = 0.38572

CascadeMinimizer.cc[188] : (in function: improveOnce) - Minimization configured with Type=Minuit2, Algo=Migrad, strategy=0, tolerance=0.1
CascadeMinimizer.cc[215] : (in function: improveOnce) - Minimization finished with status=0
CascadeMinimizer.cc[219] : (in function: improveOnce) - Minimization success! status=0
AsymptoticLimits.cc[552] : (in function: findExpectedLimitFromCrossing) - At r = 850.000000:	delta(nll) = 0.38142

CascadeMinimizer.cc[188] : (in function: improveOnce) - Minimization configured with Type=Minuit2, Algo=Migrad, strategy=0, tolerance=0.1
CascadeMinimizer.cc[215] : (in function: improveOnce) - Minimization finished with status=0
CascadeMinimizer.cc[219] : (in function: improveOnce) - Minimization success! status=0
AsymptoticLimits.cc[552] : (in function: findExpectedLimitFromCrossing) - At r = 851.000000:	delta(nll) = 0.37717

CascadeMinimizer.cc[188] : (in function: improveOnce) - Minimization configured with Type=Minuit2, Algo=Migrad, strategy=0, tolerance=0.1
CascadeMinimizer.cc[215] : (in function: improveOnce) - Minimization finished with status=0
CascadeMinimizer.cc[219] : (in function: improveOnce) - Minimization success! status=0
AsymptoticLimits.cc[552] : (in function: findExpectedLimitFromCrossing) - At r = 852.000000:	delta(nll) = 0.37297

CascadeMinimizer.cc[188] : (in function: improveOnce) - Minimization configured with Type=Minuit2, Algo=Migrad, strategy=0, tolerance=0.1
CascadeMinimizer.cc[215] : (in function: improveOnce) - Minimization finished with status=0
CascadeMinimizer.cc[219] : (in function: improveOnce) - Minimization success! status=0
AsymptoticLimits.cc[552] : (in function: findExpectedLimitFromCrossing) - At r = 853.000000:	delta(nll) = 0.36879

CascadeMinimizer.cc[188] : (in function: improveOnce) - Minimization configured with Type=Minuit2, Algo=Migrad, strategy=0, tolerance=0.1
CascadeMinimizer.cc[215] : (in function: improveOnce) - Minimization finished with status=0
CascadeMinimizer.cc[219] : (in function: improveOnce) - Minimization success! status=0
AsymptoticLimits.cc[552] : (in function: findExpectedLimitFromCrossing) - At r = 854.000000:	delta(nll) = 0.36464

CascadeMinimizer.cc[188] : (in function: improveOnce) - Minimization configured with Type=Minuit2, Algo=Migrad, strategy=0, tolerance=0.1
CascadeMinimizer.cc[215] : (in function: improveOnce) - Minimization finished with status=0
CascadeMinimizer.cc[219] : (in function: improveOnce) - Minimization success! status=0
AsymptoticLimits.cc[552] : (in function: findExpectedLimitFromCrossing) - At r = 855.000000:	delta(nll) = 0.35975

CascadeMinimizer.cc[188] : (in function: improveOnce) - Minimization configured with Type=Minuit2, Algo=Migrad, strategy=0, tolerance=0.1
CascadeMinimizer.cc[215] : (in function: improveOnce) - Minimization finished with status=0
CascadeMinimizer.cc[219] : (in function: improveOnce) - Minimization success! status=0
AsymptoticLimits.cc[552] : (in function: findExpectedLimitFromCrossing) - At r = 856.000000:	delta(nll) = 0.35555

CascadeMinimizer.cc[188] : (in function: improveOnce) - Minimization configured with Type=Minuit2, Algo=Migrad, strategy=0, tolerance=0.1
CascadeMinimizer.cc[215] : (in function: improveOnce) - Minimization finished with status=0
CascadeMinimizer.cc[219] : (in function: improveOnce) - Minimization success! status=0
AsymptoticLimits.cc[552] : (in function: findExpectedLimitFromCrossing) - At r = 857.000000:	delta(nll) = 0.35141

CascadeMinimizer.cc[188] : (in function: improveOnce) - Minimization configured with Type=Minuit2, Algo=Migrad, strategy=0, tolerance=0.1
CascadeMinimizer.cc[215] : (in function: improveOnce) - Minimization finished with status=0
CascadeMinimizer.cc[219] : (in function: improveOnce) - Minimization success! status=0
AsymptoticLimits.cc[552] : (in function: findExpectedLimitFromCrossing) - At r = 858.000000:	delta(nll) = 0.34733

CascadeMinimizer.cc[188] : (in function: improveOnce) - Minimization configured with Type=Minuit2, Algo=Migrad, strategy=0, tolerance=0.1
CascadeMinimizer.cc[215] : (in function: improveOnce) - Minimization finished with status=0
CascadeMinimizer.cc[219] : (in function: improveOnce) - Minimization success! status=0
AsymptoticLimits.cc[552] : (in function: findExpectedLimitFromCrossing) - At r = 859.000000:	delta(nll) = 0.34330

CascadeMinimizer.cc[188] : (in function: improveOnce) - Minimization configured with Type=Minuit2, Algo=Migrad, strategy=0, tolerance=0.1
CascadeMinimizer.cc[215] : (in function: improveOnce) - Minimization finished with status=0
CascadeMinimizer.cc[219] : (in function: improveOnce) - Minimization success! status=0
AsymptoticLimits.cc[552] : (in function: findExpectedLimitFromCrossing) - At r = 860.000000:	delta(nll) = 0.33931

CascadeMinimizer.cc[188] : (in function: improveOnce) - Minimization configured with Type=Minuit2, Algo=Migrad, strategy=0, tolerance=0.1
CascadeMinimizer.cc[215] : (in function: improveOnce) - Minimization finished with status=0
CascadeMinimizer.cc[219] : (in function: improveOnce) - Minimization success! status=0
AsymptoticLimits.cc[552] : (in function: findExpectedLimitFromCrossing) - At r = 861.000000:	delta(nll) = 0.33537

CascadeMinimizer.cc[188] : (in function: improveOnce) - Minimization configured with Type=Minuit2, Algo=Migrad, strategy=0, tolerance=0.1
CascadeMinimizer.cc[215] : (in function: improveOnce) - Minimization finished with status=0
CascadeMinimizer.cc[219] : (in function: improveOnce) - Minimization success! status=0
AsymptoticLimits.cc[552] : (in function: findExpectedLimitFromCrossing) - At r = 862.000000:	delta(nll) = 0.33145

CascadeMinimizer.cc[188] : (in function: improveOnce) - Minimization configured with Type=Minuit2, Algo=Migrad, strategy=0, tolerance=0.1
CascadeMinimizer.cc[215] : (in function: improveOnce) - Minimization finished with status=0
CascadeMinimizer.cc[219] : (in function: improveOnce) - Minimization success! status=0
AsymptoticLimits.cc[552] : (in function: findExpectedLimitFromCrossing) - At r = 863.000000:	delta(nll) = 0.32757

CascadeMinimizer.cc[188] : (in function: improveOnce) - Minimization configured with Type=Minuit2, Algo=Migrad, strategy=0, tolerance=0.1
CascadeMinimizer.cc[215] : (in function: improveOnce) - Minimization finished with status=0
CascadeMinimizer.cc[219] : (in function: improveOnce) - Minimization success! status=0
AsymptoticLimits.cc[552] : (in function: findExpectedLimitFromCrossing) - At r = 864.000000:	delta(nll) = 0.32295

CascadeMinimizer.cc[188] : (in function: improveOnce) - Minimization configured with Type=Minuit2, Algo=Migrad, strategy=0, tolerance=0.1
CascadeMinimizer.cc[215] : (in function: improveOnce) - Minimization finished with status=0
CascadeMinimizer.cc[219] : (in function: improveOnce) - Minimization success! status=0
AsymptoticLimits.cc[552] : (in function: findExpectedLimitFromCrossing) - At r = 865.000000:	delta(nll) = 0.31902

CascadeMinimizer.cc[188] : (in function: improveOnce) - Minimization configured with Type=Minuit2, Algo=Migrad, strategy=0, tolerance=0.1
CascadeMinimizer.cc[215] : (in function: improveOnce) - Minimization finished with status=0
CascadeMinimizer.cc[219] : (in function: improveOnce) - Minimization success! status=0
AsymptoticLimits.cc[552] : (in function: findExpectedLimitFromCrossing) - At r = 866.000000:	delta(nll) = 0.31514

CascadeMinimizer.cc[188] : (in function: improveOnce) - Minimization configured with Type=Minuit2, Algo=Migrad, strategy=0, tolerance=0.1
CascadeMinimizer.cc[215] : (in function: improveOnce) - Minimization finished with status=0
CascadeMinimizer.cc[219] : (in function: improveOnce) - Minimization success! status=0
AsymptoticLimits.cc[552] : (in function: findExpectedLimitFromCrossing) - At r = 867.000000:	delta(nll) = 0.31132

CascadeMinimizer.cc[188] : (in function: improveOnce) - Minimization configured with Type=Minuit2, Algo=Migrad, strategy=0, tolerance=0.1
CascadeMinimizer.cc[215] : (in function: improveOnce) - Minimization finished with status=0
CascadeMinimizer.cc[219] : (in function: improveOnce) - Minimization success! status=0
AsymptoticLimits.cc[552] : (in function: findExpectedLimitFromCrossing) - At r = 868.000000:	delta(nll) = 0.30755

CascadeMinimizer.cc[188] : (in function: improveOnce) - Minimization configured with Type=Minuit2, Algo=Migrad, strategy=0, tolerance=0.1
CascadeMinimizer.cc[215] : (in function: improveOnce) - Minimization finished with status=0
CascadeMinimizer.cc[219] : (in function: improveOnce) - Minimization success! status=0
AsymptoticLimits.cc[552] : (in function: findExpectedLimitFromCrossing) - At r = 869.000000:	delta(nll) = 0.30382

CascadeMinimizer.cc[188] : (in function: improveOnce) - Minimization configured with Type=Minuit2, Algo=Migrad, strategy=0, tolerance=0.1
CascadeMinimizer.cc[215] : (in function: improveOnce) - Minimization finished with status=0
CascadeMinimizer.cc[219] : (in function: improveOnce) - Minimization success! status=0
AsymptoticLimits.cc[552] : (in function: findExpectedLimitFromCrossing) - At r = 870.000000:	delta(nll) = 0.30013

CascadeMinimizer.cc[188] : (in function: improveOnce) - Minimization configured with Type=Minuit2, Algo=Migrad, strategy=0, tolerance=0.1
CascadeMinimizer.cc[215] : (in function: improveOnce) - Minimization finished with status=0
CascadeMinimizer.cc[219] : (in function: improveOnce) - Minimization success! status=0
AsymptoticLimits.cc[552] : (in function: findExpectedLimitFromCrossing) - At r = 871.000000:	delta(nll) = 0.29649

CascadeMinimizer.cc[188] : (in function: improveOnce) - Minimization configured with Type=Minuit2, Algo=Migrad, strategy=0, tolerance=0.1
CascadeMinimizer.cc[215] : (in function: improveOnce) - Minimization finished with status=0
CascadeMinimizer.cc[219] : (in function: improveOnce) - Minimization success! status=0
AsymptoticLimits.cc[552] : (in function: findExpectedLimitFromCrossing) - At r = 872.000000:	delta(nll) = 0.29287

CascadeMinimizer.cc[188] : (in function: improveOnce) - Minimization configured with Type=Minuit2, Algo=Migrad, strategy=0, tolerance=0.1
CascadeMinimizer.cc[215] : (in function: improveOnce) - Minimization finished with status=0
CascadeMinimizer.cc[219] : (in function: improveOnce) - Minimization success! status=0
AsymptoticLimits.cc[552] : (in function: findExpectedLimitFromCrossing) - At r = 873.000000:	delta(nll) = 0.28852

CascadeMinimizer.cc[188] : (in function: improveOnce) - Minimization configured with Type=Minuit2, Algo=Migrad, strategy=0, tolerance=0.1
CascadeMinimizer.cc[215] : (in function: improveOnce) - Minimization finished with status=0
CascadeMinimizer.cc[219] : (in function: improveOnce) - Minimization success! status=0
AsymptoticLimits.cc[552] : (in function: findExpectedLimitFromCrossing) - At r = 874.000000:	delta(nll) = 0.28483

CascadeMinimizer.cc[188] : (in function: improveOnce) - Minimization configured with Type=Minuit2, Algo=Migrad, strategy=0, tolerance=0.1
CascadeMinimizer.cc[215] : (in function: improveOnce) - Minimization finished with status=0
CascadeMinimizer.cc[219] : (in function: improveOnce) - Minimization success! status=0
AsymptoticLimits.cc[552] : (in function: findExpectedLimitFromCrossing) - At r = 875.000000:	delta(nll) = 0.28122

CascadeMinimizer.cc[188] : (in function: improveOnce) - Minimization configured with Type=Minuit2, Algo=Migrad, strategy=0, tolerance=0.1
CascadeMinimizer.cc[215] : (in function: improveOnce) - Minimization finished with status=0
CascadeMinimizer.cc[219] : (in function: improveOnce) - Minimization success! status=0
AsymptoticLimits.cc[552] : (in function: findExpectedLimitFromCrossing) - At r = 876.000000:	delta(nll) = 0.27765

CascadeMinimizer.cc[188] : (in function: improveOnce) - Minimization configured with Type=Minuit2, Algo=Migrad, strategy=0, tolerance=0.1
CascadeMinimizer.cc[215] : (in function: improveOnce) - Minimization finished with status=0
CascadeMinimizer.cc[219] : (in function: improveOnce) - Minimization success! status=0
AsymptoticLimits.cc[552] : (in function: findExpectedLimitFromCrossing) - At r = 877.000000:	delta(nll) = 0.27414

CascadeMinimizer.cc[188] : (in function: improveOnce) - Minimization configured with Type=Minuit2, Algo=Migrad, strategy=0, tolerance=0.1
CascadeMinimizer.cc[215] : (in function: improveOnce) - Minimization finished with status=0
CascadeMinimizer.cc[219] : (in function: improveOnce) - Minimization success! status=0
AsymptoticLimits.cc[552] : (in function: findExpectedLimitFromCrossing) - At r = 878.000000:	delta(nll) = 0.27066

CascadeMinimizer.cc[188] : (in function: improveOnce) - Minimization configured with Type=Minuit2, Algo=Migrad, strategy=0, tolerance=0.1
CascadeMinimizer.cc[215] : (in function: improveOnce) - Minimization finished with status=0
CascadeMinimizer.cc[219] : (in function: improveOnce) - Minimization success! status=0
AsymptoticLimits.cc[552] : (in function: findExpectedLimitFromCrossing) - At r = 879.000000:	delta(nll) = 0.26723

CascadeMinimizer.cc[188] : (in function: improveOnce) - Minimization configured with Type=Minuit2, Algo=Migrad, strategy=0, tolerance=0.1
CascadeMinimizer.cc[215] : (in function: improveOnce) - Minimization finished with status=0
CascadeMinimizer.cc[219] : (in function: improveOnce) - Minimization success! status=0
AsymptoticLimits.cc[552] : (in function: findExpectedLimitFromCrossing) - At r = 880.000000:	delta(nll) = 0.26385

CascadeMinimizer.cc[188] : (in function: improveOnce) - Minimization configured with Type=Minuit2, Algo=Migrad, strategy=0, tolerance=0.1
CascadeMinimizer.cc[215] : (in function: improveOnce) - Minimization finished with status=0
CascadeMinimizer.cc[219] : (in function: improveOnce) - Minimization success! status=0
AsymptoticLimits.cc[552] : (in function: findExpectedLimitFromCrossing) - At r = 881.000000:	delta(nll) = 0.26049

CascadeMinimizer.cc[188] : (in function: improveOnce) - Minimization configured with Type=Minuit2, Algo=Migrad, strategy=0, tolerance=0.1
CascadeMinimizer.cc[215] : (in function: improveOnce) - Minimization finished with status=0
CascadeMinimizer.cc[219] : (in function: improveOnce) - Minimization success! status=0
AsymptoticLimits.cc[552] : (in function: findExpectedLimitFromCrossing) - At r = 882.000000:	delta(nll) = 0.25637

CascadeMinimizer.cc[188] : (in function: improveOnce) - Minimization configured with Type=Minuit2, Algo=Migrad, strategy=0, tolerance=0.1
CascadeMinimizer.cc[215] : (in function: improveOnce) - Minimization finished with status=0
CascadeMinimizer.cc[219] : (in function: improveOnce) - Minimization success! status=0
AsymptoticLimits.cc[552] : (in function: findExpectedLimitFromCrossing) - At r = 883.000000:	delta(nll) = 0.25295

CascadeMinimizer.cc[188] : (in function: improveOnce) - Minimization configured with Type=Minuit2, Algo=Migrad, strategy=0, tolerance=0.1
CascadeMinimizer.cc[215] : (in function: improveOnce) - Minimization finished with status=0
CascadeMinimizer.cc[219] : (in function: improveOnce) - Minimization success! status=0
AsymptoticLimits.cc[552] : (in function: findExpectedLimitFromCrossing) - At r = 884.000000:	delta(nll) = 0.24958

CascadeMinimizer.cc[188] : (in function: improveOnce) - Minimization configured with Type=Minuit2, Algo=Migrad, strategy=0, tolerance=0.1
CascadeMinimizer.cc[215] : (in function: improveOnce) - Minimization finished with status=0
CascadeMinimizer.cc[219] : (in function: improveOnce) - Minimization success! status=0
AsymptoticLimits.cc[552] : (in function: findExpectedLimitFromCrossing) - At r = 885.000000:	delta(nll) = 0.24627

CascadeMinimizer.cc[188] : (in function: improveOnce) - Minimization configured with Type=Minuit2, Algo=Migrad, strategy=0, tolerance=0.1
CascadeMinimizer.cc[215] : (in function: improveOnce) - Minimization finished with status=0
CascadeMinimizer.cc[219] : (in function: improveOnce) - Minimization success! status=0
AsymptoticLimits.cc[552] : (in function: findExpectedLimitFromCrossing) - At r = 886.000000:	delta(nll) = 0.24311

CascadeMinimizer.cc[188] : (in function: improveOnce) - Minimization configured with Type=Minuit2, Algo=Migrad, strategy=0, tolerance=0.1
CascadeMinimizer.cc[215] : (in function: improveOnce) - Minimization finished with status=0
CascadeMinimizer.cc[219] : (in function: improveOnce) - Minimization success! status=0
AsymptoticLimits.cc[552] : (in function: findExpectedLimitFromCrossing) - At r = 887.000000:	delta(nll) = 0.24010

CascadeMinimizer.cc[188] : (in function: improveOnce) - Minimization configured with Type=Minuit2, Algo=Migrad, strategy=0, tolerance=0.1
CascadeMinimizer.cc[215] : (in function: improveOnce) - Minimization finished with status=0
CascadeMinimizer.cc[219] : (in function: improveOnce) - Minimization success! status=0
AsymptoticLimits.cc[552] : (in function: findExpectedLimitFromCrossing) - At r = 888.000000:	delta(nll) = 0.23722

CascadeMinimizer.cc[188] : (in function: improveOnce) - Minimization configured with Type=Minuit2, Algo=Migrad, strategy=0, tolerance=0.1
CascadeMinimizer.cc[215] : (in function: improveOnce) - Minimization finished with status=0
CascadeMinimizer.cc[219] : (in function: improveOnce) - Minimization success! status=0
AsymptoticLimits.cc[552] : (in function: findExpectedLimitFromCrossing) - At r = 889.000000:	delta(nll) = 0.23445

CascadeMinimizer.cc[188] : (in function: improveOnce) - Minimization configured with Type=Minuit2, Algo=Migrad, strategy=0, tolerance=0.1
CascadeMinimizer.cc[215] : (in function: improveOnce) - Minimization finished with status=0
CascadeMinimizer.cc[219] : (in function: improveOnce) - Minimization success! status=0
AsymptoticLimits.cc[552] : (in function: findExpectedLimitFromCrossing) - At r = 890.000000:	delta(nll) = 0.23179

CascadeMinimizer.cc[188] : (in function: improveOnce) - Minimization configured with Type=Minuit2, Algo=Migrad, strategy=0, tolerance=0.1
CascadeMinimizer.cc[215] : (in function: improveOnce) - Minimization finished with status=0
CascadeMinimizer.cc[219] : (in function: improveOnce) - Minimization success! status=0
AsymptoticLimits.cc[552] : (in function: findExpectedLimitFromCrossing) - At r = 891.000000:	delta(nll) = 0.22926

CascadeMinimizer.cc[188] : (in function: improveOnce) - Minimization configured with Type=Minuit2, Algo=Migrad, strategy=0, tolerance=0.1
CascadeMinimizer.cc[215] : (in function: improveOnce) - Minimization finished with status=0
CascadeMinimizer.cc[219] : (in function: improveOnce) - Minimization success! status=0
AsymptoticLimits.cc[552] : (in function: findExpectedLimitFromCrossing) - At r = 892.000000:	delta(nll) = 0.22684

CascadeMinimizer.cc[188] : (in function: improveOnce) - Minimization configured with Type=Minuit2, Algo=Migrad, strategy=0, tolerance=0.1
CascadeMinimizer.cc[215] : (in function: improveOnce) - Minimization finished with status=0
CascadeMinimizer.cc[219] : (in function: improveOnce) - Minimization success! status=0
AsymptoticLimits.cc[552] : (in function: findExpectedLimitFromCrossing) - At r = 893.000000:	delta(nll) = 0.22455

CascadeMinimizer.cc[188] : (in function: improveOnce) - Minimization configured with Type=Minuit2, Algo=Migrad, strategy=0, tolerance=0.1
CascadeMinimizer.cc[215] : (in function: improveOnce) - Minimization finished with status=0
CascadeMinimizer.cc[219] : (in function: improveOnce) - Minimization success! status=0
AsymptoticLimits.cc[552] : (in function: findExpectedLimitFromCrossing) - At r = 894.000000:	delta(nll) = 0.22237

CascadeMinimizer.cc[188] : (in function: improveOnce) - Minimization configured with Type=Minuit2, Algo=Migrad, strategy=0, tolerance=0.1
CascadeMinimizer.cc[215] : (in function: improveOnce) - Minimization finished with status=0
CascadeMinimizer.cc[219] : (in function: improveOnce) - Minimization success! status=0
AsymptoticLimits.cc[552] : (in function: findExpectedLimitFromCrossing) - At r = 895.000000:	delta(nll) = 0.22031

CascadeMinimizer.cc[188] : (in function: improveOnce) - Minimization configured with Type=Minuit2, Algo=Migrad, strategy=0, tolerance=0.1
CascadeMinimizer.cc[215] : (in function: improveOnce) - Minimization finished with status=0
CascadeMinimizer.cc[219] : (in function: improveOnce) - Minimization success! status=0
AsymptoticLimits.cc[552] : (in function: findExpectedLimitFromCrossing) - At r = 896.000000:	delta(nll) = 0.21838

CascadeMinimizer.cc[188] : (in function: improveOnce) - Minimization configured with Type=Minuit2, Algo=Migrad, strategy=0, tolerance=0.1
CascadeMinimizer.cc[215] : (in function: improveOnce) - Minimization finished with status=0
CascadeMinimizer.cc[219] : (in function: improveOnce) - Minimization success! status=0
AsymptoticLimits.cc[552] : (in function: findExpectedLimitFromCrossing) - At r = 897.000000:	delta(nll) = 0.21655

CascadeMinimizer.cc[188] : (in function: improveOnce) - Minimization configured with Type=Minuit2, Algo=Migrad, strategy=0, tolerance=0.1
CascadeMinimizer.cc[215] : (in function: improveOnce) - Minimization finished with status=0
CascadeMinimizer.cc[219] : (in function: improveOnce) - Minimization success! status=0
AsymptoticLimits.cc[552] : (in function: findExpectedLimitFromCrossing) - At r = 898.000000:	delta(nll) = 0.21485

CascadeMinimizer.cc[188] : (in function: improveOnce) - Minimization configured with Type=Minuit2, Algo=Migrad, strategy=0, tolerance=0.1
CascadeMinimizer.cc[215] : (in function: improveOnce) - Minimization finished with status=0
CascadeMinimizer.cc[219] : (in function: improveOnce) - Minimization success! status=0
AsymptoticLimits.cc[552] : (in function: findExpectedLimitFromCrossing) - At r = 899.000000:	delta(nll) = 0.21326

CascadeMinimizer.cc[188] : (in function: improveOnce) - Minimization configured with Type=Minuit2, Algo=Migrad, strategy=0, tolerance=0.1
CascadeMinimizer.cc[215] : (in function: improveOnce) - Minimization finished with status=0
CascadeMinimizer.cc[219] : (in function: improveOnce) - Minimization success! status=0
AsymptoticLimits.cc[552] : (in function: findExpectedLimitFromCrossing) - At r = 900.000000:	delta(nll) = 0.21179

CascadeMinimizer.cc[188] : (in function: improveOnce) - Minimization configured with Type=Minuit2, Algo=Migrad, strategy=0, tolerance=0.1
CascadeMinimizer.cc[215] : (in function: improveOnce) - Minimization finished with status=0
CascadeMinimizer.cc[219] : (in function: improveOnce) - Minimization success! status=0
AsymptoticLimits.cc[552] : (in function: findExpectedLimitFromCrossing) - At r = 901.000000:	delta(nll) = 0.21044

CascadeMinimizer.cc[188] : (in function: improveOnce) - Minimization configured with Type=Minuit2, Algo=Migrad, strategy=0, tolerance=0.1
CascadeMinimizer.cc[215] : (in function: improveOnce) - Minimization finished with status=0
CascadeMinimizer.cc[219] : (in function: improveOnce) - Minimization success! status=0
AsymptoticLimits.cc[552] : (in function: findExpectedLimitFromCrossing) - At r = 902.000000:	delta(nll) = 0.20920

CascadeMinimizer.cc[188] : (in function: improveOnce) - Minimization configured with Type=Minuit2, Algo=Migrad, strategy=0, tolerance=0.1
CascadeMinimizer.cc[215] : (in function: improveOnce) - Minimization finished with status=0
CascadeMinimizer.cc[219] : (in function: improveOnce) - Minimization success! status=0
AsymptoticLimits.cc[552] : (in function: findExpectedLimitFromCrossing) - At r = 903.000000:	delta(nll) = 0.20808

CascadeMinimizer.cc[188] : (in function: improveOnce) - Minimization configured with Type=Minuit2, Algo=Migrad, strategy=0, tolerance=0.1
CascadeMinimizer.cc[215] : (in function: improveOnce) - Minimization finished with status=0
CascadeMinimizer.cc[219] : (in function: improveOnce) - Minimization success! status=0
AsymptoticLimits.cc[552] : (in function: findExpectedLimitFromCrossing) - At r = 904.000000:	delta(nll) = 0.20707

CascadeMinimizer.cc[188] : (in function: improveOnce) - Minimization configured with Type=Minuit2, Algo=Migrad, strategy=0, tolerance=0.1
CascadeMinimizer.cc[215] : (in function: improveOnce) - Minimization finished with status=0
CascadeMinimizer.cc[219] : (in function: improveOnce) - Minimization success! status=0
AsymptoticLimits.cc[552] : (in function: findExpectedLimitFromCrossing) - At r = 905.000000:	delta(nll) = 0.20618

CascadeMinimizer.cc[188] : (in function: improveOnce) - Minimization configured with Type=Minuit2, Algo=Migrad, strategy=0, tolerance=0.1
CascadeMinimizer.cc[215] : (in function: improveOnce) - Minimization finished with status=0
CascadeMinimizer.cc[219] : (in function: improveOnce) - Minimization success! status=0
AsymptoticLimits.cc[552] : (in function: findExpectedLimitFromCrossing) - At r = 906.000000:	delta(nll) = 0.20540

CascadeMinimizer.cc[188] : (in function: improveOnce) - Minimization configured with Type=Minuit2, Algo=Migrad, strategy=0, tolerance=0.1
CascadeMinimizer.cc[215] : (in function: improveOnce) - Minimization finished with status=0
CascadeMinimizer.cc[219] : (in function: improveOnce) - Minimization success! status=0
AsymptoticLimits.cc[552] : (in function: findExpectedLimitFromCrossing) - At r = 907.000000:	delta(nll) = 0.20474

CascadeMinimizer.cc[188] : (in function: improveOnce) - Minimization configured with Type=Minuit2, Algo=Migrad, strategy=0, tolerance=0.1
CascadeMinimizer.cc[215] : (in function: improveOnce) - Minimization finished with status=0
CascadeMinimizer.cc[219] : (in function: improveOnce) - Minimization success! status=0
AsymptoticLimits.cc[552] : (in function: findExpectedLimitFromCrossing) - At r = 908.000000:	delta(nll) = 0.20419

CascadeMinimizer.cc[188] : (in function: improveOnce) - Minimization configured with Type=Minuit2, Algo=Migrad, strategy=0, tolerance=0.1
CascadeMinimizer.cc[215] : (in function: improveOnce) - Minimization finished with status=0
CascadeMinimizer.cc[219] : (in function: improveOnce) - Minimization success! status=0
AsymptoticLimits.cc[552] : (in function: findExpectedLimitFromCrossing) - At r = 909.000000:	delta(nll) = 0.20376

CascadeMinimizer.cc[188] : (in function: improveOnce) - Minimization configured with Type=Minuit2, Algo=Migrad, strategy=0, tolerance=0.1
CascadeMinimizer.cc[215] : (in function: improveOnce) - Minimization finished with status=0
CascadeMinimizer.cc[219] : (in function: improveOnce) - Minimization success! status=0
AsymptoticLimits.cc[552] : (in function: findExpectedLimitFromCrossing) - At r = 910.000000:	delta(nll) = 0.20343

CascadeMinimizer.cc[188] : (in function: improveOnce) - Minimization configured with Type=Minuit2, Algo=Migrad, strategy=0, tolerance=0.1
CascadeMinimizer.cc[215] : (in function: improveOnce) - Minimization finished with status=0
CascadeMinimizer.cc[219] : (in function: improveOnce) - Minimization success! status=0
AsymptoticLimits.cc[552] : (in function: findExpectedLimitFromCrossing) - At r = 911.000000:	delta(nll) = 0.20321

CascadeMinimizer.cc[188] : (in function: improveOnce) - Minimization configured with Type=Minuit2, Algo=Migrad, strategy=0, tolerance=0.1
CascadeMinimizer.cc[215] : (in function: improveOnce) - Minimization finished with status=0
CascadeMinimizer.cc[219] : (in function: improveOnce) - Minimization success! status=0
AsymptoticLimits.cc[552] : (in function: findExpectedLimitFromCrossing) - At r = 912.000000:	delta(nll) = 0.20312

CascadeMinimizer.cc[188] : (in function: improveOnce) - Minimization configured with Type=Minuit2, Algo=Migrad, strategy=0, tolerance=0.1
CascadeMinimizer.cc[215] : (in function: improveOnce) - Minimization finished with status=0
CascadeMinimizer.cc[219] : (in function: improveOnce) - Minimization success! status=0
AsymptoticLimits.cc[552] : (in function: findExpectedLimitFromCrossing) - At r = 913.000000:	delta(nll) = 0.20314

CascadeMinimizer.cc[188] : (in function: improveOnce) - Minimization configured with Type=Minuit2, Algo=Migrad, strategy=0, tolerance=0.1
CascadeMinimizer.cc[215] : (in function: improveOnce) - Minimization finished with status=0
CascadeMinimizer.cc[219] : (in function: improveOnce) - Minimization success! status=0
AsymptoticLimits.cc[552] : (in function: findExpectedLimitFromCrossing) - At r = 914.000000:	delta(nll) = 0.20326

CascadeMinimizer.cc[188] : (in function: improveOnce) - Minimization configured with Type=Minuit2, Algo=Migrad, strategy=0, tolerance=0.1
CascadeMinimizer.cc[215] : (in function: improveOnce) - Minimization finished with status=0
CascadeMinimizer.cc[219] : (in function: improveOnce) - Minimization success! status=0
AsymptoticLimits.cc[552] : (in function: findExpectedLimitFromCrossing) - At r = 915.000000:	delta(nll) = 0.20349

CascadeMinimizer.cc[188] : (in function: improveOnce) - Minimization configured with Type=Minuit2, Algo=Migrad, strategy=0, tolerance=0.1
CascadeMinimizer.cc[215] : (in function: improveOnce) - Minimization finished with status=0
CascadeMinimizer.cc[219] : (in function: improveOnce) - Minimization success! status=0
AsymptoticLimits.cc[552] : (in function: findExpectedLimitFromCrossing) - At r = 916.000000:	delta(nll) = 0.20385

CascadeMinimizer.cc[188] : (in function: improveOnce) - Minimization configured with Type=Minuit2, Algo=Migrad, strategy=0, tolerance=0.1
CascadeMinimizer.cc[215] : (in function: improveOnce) - Minimization finished with status=0
CascadeMinimizer.cc[219] : (in function: improveOnce) - Minimization success! status=0
AsymptoticLimits.cc[552] : (in function: findExpectedLimitFromCrossing) - At r = 917.000000:	delta(nll) = 0.20431

CascadeMinimizer.cc[188] : (in function: improveOnce) - Minimization configured with Type=Minuit2, Algo=Migrad, strategy=0, tolerance=0.1
CascadeMinimizer.cc[215] : (in function: improveOnce) - Minimization finished with status=0
CascadeMinimizer.cc[219] : (in function: improveOnce) - Minimization success! status=0
AsymptoticLimits.cc[552] : (in function: findExpectedLimitFromCrossing) - At r = 918.000000:	delta(nll) = 0.20488

CascadeMinimizer.cc[188] : (in function: improveOnce) - Minimization configured with Type=Minuit2, Algo=Migrad, strategy=0, tolerance=0.1
CascadeMinimizer.cc[215] : (in function: improveOnce) - Minimization finished with status=0
CascadeMinimizer.cc[219] : (in function: improveOnce) - Minimization success! status=0
AsymptoticLimits.cc[552] : (in function: findExpectedLimitFromCrossing) - At r = 919.000000:	delta(nll) = 0.20556

CascadeMinimizer.cc[188] : (in function: improveOnce) - Minimization configured with Type=Minuit2, Algo=Migrad, strategy=0, tolerance=0.1
CascadeMinimizer.cc[215] : (in function: improveOnce) - Minimization finished with status=0
CascadeMinimizer.cc[219] : (in function: improveOnce) - Minimization success! status=0
AsymptoticLimits.cc[552] : (in function: findExpectedLimitFromCrossing) - At r = 920.000000:	delta(nll) = 0.20635

CascadeMinimizer.cc[188] : (in function: improveOnce) - Minimization configured with Type=Minuit2, Algo=Migrad, strategy=0, tolerance=0.1
CascadeMinimizer.cc[215] : (in function: improveOnce) - Minimization finished with status=0
CascadeMinimizer.cc[219] : (in function: improveOnce) - Minimization success! status=0
AsymptoticLimits.cc[552] : (in function: findExpectedLimitFromCrossing) - At r = 921.000000:	delta(nll) = 0.20726

CascadeMinimizer.cc[188] : (in function: improveOnce) - Minimization configured with Type=Minuit2, Algo=Migrad, strategy=0, tolerance=0.1
CascadeMinimizer.cc[215] : (in function: improveOnce) - Minimization finished with status=0
CascadeMinimizer.cc[219] : (in function: improveOnce) - Minimization success! status=0
AsymptoticLimits.cc[552] : (in function: findExpectedLimitFromCrossing) - At r = 922.000000:	delta(nll) = 0.20828

CascadeMinimizer.cc[188] : (in function: improveOnce) - Minimization configured with Type=Minuit2, Algo=Migrad, strategy=0, tolerance=0.1
CascadeMinimizer.cc[215] : (in function: improveOnce) - Minimization finished with status=0
CascadeMinimizer.cc[219] : (in function: improveOnce) - Minimization success! status=0
AsymptoticLimits.cc[552] : (in function: findExpectedLimitFromCrossing) - At r = 923.000000:	delta(nll) = 0.20940

CascadeMinimizer.cc[188] : (in function: improveOnce) - Minimization configured with Type=Minuit2, Algo=Migrad, strategy=0, tolerance=0.1
CascadeMinimizer.cc[215] : (in function: improveOnce) - Minimization finished with status=0
CascadeMinimizer.cc[219] : (in function: improveOnce) - Minimization success! status=0
AsymptoticLimits.cc[552] : (in function: findExpectedLimitFromCrossing) - At r = 924.000000:	delta(nll) = 0.21064

CascadeMinimizer.cc[188] : (in function: improveOnce) - Minimization configured with Type=Minuit2, Algo=Migrad, strategy=0, tolerance=0.1
CascadeMinimizer.cc[215] : (in function: improveOnce) - Minimization finished with status=0
CascadeMinimizer.cc[219] : (in function: improveOnce) - Minimization success! status=0
AsymptoticLimits.cc[552] : (in function: findExpectedLimitFromCrossing) - At r = 925.000000:	delta(nll) = 0.21198

CascadeMinimizer.cc[188] : (in function: improveOnce) - Minimization configured with Type=Minuit2, Algo=Migrad, strategy=0, tolerance=0.1
CascadeMinimizer.cc[215] : (in function: improveOnce) - Minimization finished with status=0
CascadeMinimizer.cc[219] : (in function: improveOnce) - Minimization success! status=0
AsymptoticLimits.cc[552] : (in function: findExpectedLimitFromCrossing) - At r = 926.000000:	delta(nll) = 0.21342

CascadeMinimizer.cc[188] : (in function: improveOnce) - Minimization configured with Type=Minuit2, Algo=Migrad, strategy=0, tolerance=0.1
CascadeMinimizer.cc[215] : (in function: improveOnce) - Minimization finished with status=0
CascadeMinimizer.cc[219] : (in function: improveOnce) - Minimization success! status=0
AsymptoticLimits.cc[552] : (in function: findExpectedLimitFromCrossing) - At r = 927.000000:	delta(nll) = 0.21498

CascadeMinimizer.cc[188] : (in function: improveOnce) - Minimization configured with Type=Minuit2, Algo=Migrad, strategy=0, tolerance=0.1
CascadeMinimizer.cc[215] : (in function: improveOnce) - Minimization finished with status=0
CascadeMinimizer.cc[219] : (in function: improveOnce) - Minimization success! status=0
AsymptoticLimits.cc[552] : (in function: findExpectedLimitFromCrossing) - At r = 928.000000:	delta(nll) = 0.21665

CascadeMinimizer.cc[188] : (in function: improveOnce) - Minimization configured with Type=Minuit2, Algo=Migrad, strategy=0, tolerance=0.1
CascadeMinimizer.cc[215] : (in function: improveOnce) - Minimization finished with status=0
CascadeMinimizer.cc[219] : (in function: improveOnce) - Minimization success! status=0
AsymptoticLimits.cc[552] : (in function: findExpectedLimitFromCrossing) - At r = 929.000000:	delta(nll) = 0.21843

CascadeMinimizer.cc[188] : (in function: improveOnce) - Minimization configured with Type=Minuit2, Algo=Migrad, strategy=0, tolerance=0.1
CascadeMinimizer.cc[215] : (in function: improveOnce) - Minimization finished with status=0
CascadeMinimizer.cc[219] : (in function: improveOnce) - Minimization success! status=0
AsymptoticLimits.cc[552] : (in function: findExpectedLimitFromCrossing) - At r = 930.000000:	delta(nll) = 0.22032

CascadeMinimizer.cc[188] : (in function: improveOnce) - Minimization configured with Type=Minuit2, Algo=Migrad, strategy=0, tolerance=0.1
CascadeMinimizer.cc[215] : (in function: improveOnce) - Minimization finished with status=0
CascadeMinimizer.cc[219] : (in function: improveOnce) - Minimization success! status=0
AsymptoticLimits.cc[552] : (in function: findExpectedLimitFromCrossing) - At r = 931.000000:	delta(nll) = 0.22230

CascadeMinimizer.cc[188] : (in function: improveOnce) - Minimization configured with Type=Minuit2, Algo=Migrad, strategy=0, tolerance=0.1
CascadeMinimizer.cc[215] : (in function: improveOnce) - Minimization finished with status=0
CascadeMinimizer.cc[219] : (in function: improveOnce) - Minimization success! status=0
AsymptoticLimits.cc[552] : (in function: findExpectedLimitFromCrossing) - At r = 932.000000:	delta(nll) = 0.22441

CascadeMinimizer.cc[188] : (in function: improveOnce) - Minimization configured with Type=Minuit2, Algo=Migrad, strategy=0, tolerance=0.1
CascadeMinimizer.cc[215] : (in function: improveOnce) - Minimization finished with status=0
CascadeMinimizer.cc[219] : (in function: improveOnce) - Minimization success! status=0
AsymptoticLimits.cc[552] : (in function: findExpectedLimitFromCrossing) - At r = 933.000000:	delta(nll) = 0.22662

CascadeMinimizer.cc[188] : (in function: improveOnce) - Minimization configured with Type=Minuit2, Algo=Migrad, strategy=0, tolerance=0.1
CascadeMinimizer.cc[215] : (in function: improveOnce) - Minimization finished with status=0
CascadeMinimizer.cc[219] : (in function: improveOnce) - Minimization success! status=0
AsymptoticLimits.cc[552] : (in function: findExpectedLimitFromCrossing) - At r = 934.000000:	delta(nll) = 0.22893

CascadeMinimizer.cc[188] : (in function: improveOnce) - Minimization configured with Type=Minuit2, Algo=Migrad, strategy=0, tolerance=0.1
CascadeMinimizer.cc[215] : (in function: improveOnce) - Minimization finished with status=0
CascadeMinimizer.cc[219] : (in function: improveOnce) - Minimization success! status=0
AsymptoticLimits.cc[552] : (in function: findExpectedLimitFromCrossing) - At r = 935.000000:	delta(nll) = 0.23134

CascadeMinimizer.cc[188] : (in function: improveOnce) - Minimization configured with Type=Minuit2, Algo=Migrad, strategy=0, tolerance=0.1
CascadeMinimizer.cc[215] : (in function: improveOnce) - Minimization finished with status=0
CascadeMinimizer.cc[219] : (in function: improveOnce) - Minimization success! status=0
AsymptoticLimits.cc[552] : (in function: findExpectedLimitFromCrossing) - At r = 936.000000:	delta(nll) = 0.23387

CascadeMinimizer.cc[188] : (in function: improveOnce) - Minimization configured with Type=Minuit2, Algo=Migrad, strategy=0, tolerance=0.1
CascadeMinimizer.cc[215] : (in function: improveOnce) - Minimization finished with status=0
CascadeMinimizer.cc[219] : (in function: improveOnce) - Minimization success! status=0
AsymptoticLimits.cc[552] : (in function: findExpectedLimitFromCrossing) - At r = 937.000000:	delta(nll) = 0.23649

CascadeMinimizer.cc[188] : (in function: improveOnce) - Minimization configured with Type=Minuit2, Algo=Migrad, strategy=0, tolerance=0.1
CascadeMinimizer.cc[215] : (in function: improveOnce) - Minimization finished with status=0
CascadeMinimizer.cc[219] : (in function: improveOnce) - Minimization success! status=0
AsymptoticLimits.cc[552] : (in function: findExpectedLimitFromCrossing) - At r = 938.000000:	delta(nll) = 0.23924

CascadeMinimizer.cc[188] : (in function: improveOnce) - Minimization configured with Type=Minuit2, Algo=Migrad, strategy=0, tolerance=0.1
CascadeMinimizer.cc[215] : (in function: improveOnce) - Minimization finished with status=0
CascadeMinimizer.cc[219] : (in function: improveOnce) - Minimization success! status=0
AsymptoticLimits.cc[552] : (in function: findExpectedLimitFromCrossing) - At r = 939.000000:	delta(nll) = 0.24208

CascadeMinimizer.cc[188] : (in function: improveOnce) - Minimization configured with Type=Minuit2, Algo=Migrad, strategy=0, tolerance=0.1
CascadeMinimizer.cc[215] : (in function: improveOnce) - Minimization finished with status=0
CascadeMinimizer.cc[219] : (in function: improveOnce) - Minimization success! status=0
AsymptoticLimits.cc[552] : (in function: findExpectedLimitFromCrossing) - At r = 940.000000:	delta(nll) = 0.24502

CascadeMinimizer.cc[188] : (in function: improveOnce) - Minimization configured with Type=Minuit2, Algo=Migrad, strategy=0, tolerance=0.1
CascadeMinimizer.cc[215] : (in function: improveOnce) - Minimization finished with status=0
CascadeMinimizer.cc[219] : (in function: improveOnce) - Minimization success! status=0
AsymptoticLimits.cc[552] : (in function: findExpectedLimitFromCrossing) - At r = 941.000000:	delta(nll) = 0.24807

CascadeMinimizer.cc[188] : (in function: improveOnce) - Minimization configured with Type=Minuit2, Algo=Migrad, strategy=0, tolerance=0.1
CascadeMinimizer.cc[215] : (in function: improveOnce) - Minimization finished with status=0
CascadeMinimizer.cc[219] : (in function: improveOnce) - Minimization success! status=0
AsymptoticLimits.cc[552] : (in function: findExpectedLimitFromCrossing) - At r = 942.000000:	delta(nll) = 0.25124

CascadeMinimizer.cc[188] : (in function: improveOnce) - Minimization configured with Type=Minuit2, Algo=Migrad, strategy=0, tolerance=0.1
CascadeMinimizer.cc[215] : (in function: improveOnce) - Minimization finished with status=0
CascadeMinimizer.cc[219] : (in function: improveOnce) - Minimization success! status=0
AsymptoticLimits.cc[552] : (in function: findExpectedLimitFromCrossing) - At r = 943.000000:	delta(nll) = 0.25450

CascadeMinimizer.cc[188] : (in function: improveOnce) - Minimization configured with Type=Minuit2, Algo=Migrad, strategy=0, tolerance=0.1
CascadeMinimizer.cc[215] : (in function: improveOnce) - Minimization finished with status=0
CascadeMinimizer.cc[219] : (in function: improveOnce) - Minimization success! status=0
AsymptoticLimits.cc[552] : (in function: findExpectedLimitFromCrossing) - At r = 944.000000:	delta(nll) = 0.25786

CascadeMinimizer.cc[188] : (in function: improveOnce) - Minimization configured with Type=Minuit2, Algo=Migrad, strategy=0, tolerance=0.1
CascadeMinimizer.cc[215] : (in function: improveOnce) - Minimization finished with status=0
CascadeMinimizer.cc[219] : (in function: improveOnce) - Minimization success! status=0
AsymptoticLimits.cc[552] : (in function: findExpectedLimitFromCrossing) - At r = 945.000000:	delta(nll) = 0.26133

CascadeMinimizer.cc[188] : (in function: improveOnce) - Minimization configured with Type=Minuit2, Algo=Migrad, strategy=0, tolerance=0.1
CascadeMinimizer.cc[215] : (in function: improveOnce) - Minimization finished with status=0
CascadeMinimizer.cc[219] : (in function: improveOnce) - Minimization success! status=0
AsymptoticLimits.cc[552] : (in function: findExpectedLimitFromCrossing) - At r = 946.000000:	delta(nll) = 0.26490

CascadeMinimizer.cc[188] : (in function: improveOnce) - Minimization configured with Type=Minuit2, Algo=Migrad, strategy=0, tolerance=0.1
CascadeMinimizer.cc[215] : (in function: improveOnce) - Minimization finished with status=0
CascadeMinimizer.cc[219] : (in function: improveOnce) - Minimization success! status=0
AsymptoticLimits.cc[552] : (in function: findExpectedLimitFromCrossing) - At r = 947.000000:	delta(nll) = 0.26858

CascadeMinimizer.cc[188] : (in function: improveOnce) - Minimization configured with Type=Minuit2, Algo=Migrad, strategy=0, tolerance=0.1
CascadeMinimizer.cc[215] : (in function: improveOnce) - Minimization finished with status=0
CascadeMinimizer.cc[219] : (in function: improveOnce) - Minimization success! status=0
AsymptoticLimits.cc[552] : (in function: findExpectedLimitFromCrossing) - At r = 948.000000:	delta(nll) = 0.27236

CascadeMinimizer.cc[188] : (in function: improveOnce) - Minimization configured with Type=Minuit2, Algo=Migrad, strategy=0, tolerance=0.1
CascadeMinimizer.cc[215] : (in function: improveOnce) - Minimization finished with status=0
CascadeMinimizer.cc[219] : (in function: improveOnce) - Minimization success! status=0
AsymptoticLimits.cc[552] : (in function: findExpectedLimitFromCrossing) - At r = 949.000000:	delta(nll) = 0.27624

CascadeMinimizer.cc[188] : (in function: improveOnce) - Minimization configured with Type=Minuit2, Algo=Migrad, strategy=0, tolerance=0.1
CascadeMinimizer.cc[215] : (in function: improveOnce) - Minimization finished with status=0
CascadeMinimizer.cc[219] : (in function: improveOnce) - Minimization success! status=0
AsymptoticLimits.cc[552] : (in function: findExpectedLimitFromCrossing) - At r = 950.000000:	delta(nll) = 0.28022

CascadeMinimizer.cc[188] : (in function: improveOnce) - Minimization configured with Type=Minuit2, Algo=Migrad, strategy=0, tolerance=0.1
CascadeMinimizer.cc[215] : (in function: improveOnce) - Minimization finished with status=0
CascadeMinimizer.cc[219] : (in function: improveOnce) - Minimization success! status=0
AsymptoticLimits.cc[552] : (in function: findExpectedLimitFromCrossing) - At r = 951.000000:	delta(nll) = 0.28430

CascadeMinimizer.cc[188] : (in function: improveOnce) - Minimization configured with Type=Minuit2, Algo=Migrad, strategy=0, tolerance=0.1
CascadeMinimizer.cc[215] : (in function: improveOnce) - Minimization finished with status=0
CascadeMinimizer.cc[219] : (in function: improveOnce) - Minimization success! status=0
AsymptoticLimits.cc[552] : (in function: findExpectedLimitFromCrossing) - At r = 952.000000:	delta(nll) = 0.28850

CascadeMinimizer.cc[188] : (in function: improveOnce) - Minimization configured with Type=Minuit2, Algo=Migrad, strategy=0, tolerance=0.1
CascadeMinimizer.cc[215] : (in function: improveOnce) - Minimization finished with status=0
CascadeMinimizer.cc[219] : (in function: improveOnce) - Minimization success! status=0
AsymptoticLimits.cc[552] : (in function: findExpectedLimitFromCrossing) - At r = 953.000000:	delta(nll) = 0.29278

CascadeMinimizer.cc[188] : (in function: improveOnce) - Minimization configured with Type=Minuit2, Algo=Migrad, strategy=0, tolerance=0.1
CascadeMinimizer.cc[215] : (in function: improveOnce) - Minimization finished with status=0
CascadeMinimizer.cc[219] : (in function: improveOnce) - Minimization success! status=0
AsymptoticLimits.cc[552] : (in function: findExpectedLimitFromCrossing) - At r = 954.000000:	delta(nll) = 0.29717

CascadeMinimizer.cc[188] : (in function: improveOnce) - Minimization configured with Type=Minuit2, Algo=Migrad, strategy=0, tolerance=0.1
CascadeMinimizer.cc[215] : (in function: improveOnce) - Minimization finished with status=0
CascadeMinimizer.cc[219] : (in function: improveOnce) - Minimization success! status=0
AsymptoticLimits.cc[552] : (in function: findExpectedLimitFromCrossing) - At r = 955.000000:	delta(nll) = 0.30167

CascadeMinimizer.cc[188] : (in function: improveOnce) - Minimization configured with Type=Minuit2, Algo=Migrad, strategy=0, tolerance=0.1
CascadeMinimizer.cc[215] : (in function: improveOnce) - Minimization finished with status=0
CascadeMinimizer.cc[219] : (in function: improveOnce) - Minimization success! status=0
AsymptoticLimits.cc[552] : (in function: findExpectedLimitFromCrossing) - At r = 956.000000:	delta(nll) = 0.30627

CascadeMinimizer.cc[188] : (in function: improveOnce) - Minimization configured with Type=Minuit2, Algo=Migrad, strategy=0, tolerance=0.1
CascadeMinimizer.cc[215] : (in function: improveOnce) - Minimization finished with status=0
CascadeMinimizer.cc[219] : (in function: improveOnce) - Minimization success! status=0
AsymptoticLimits.cc[552] : (in function: findExpectedLimitFromCrossing) - At r = 957.000000:	delta(nll) = 0.31096

CascadeMinimizer.cc[188] : (in function: improveOnce) - Minimization configured with Type=Minuit2, Algo=Migrad, strategy=0, tolerance=0.1
CascadeMinimizer.cc[215] : (in function: improveOnce) - Minimization finished with status=0
CascadeMinimizer.cc[219] : (in function: improveOnce) - Minimization success! status=0
AsymptoticLimits.cc[552] : (in function: findExpectedLimitFromCrossing) - At r = 958.000000:	delta(nll) = 0.31575

CascadeMinimizer.cc[188] : (in function: improveOnce) - Minimization configured with Type=Minuit2, Algo=Migrad, strategy=0, tolerance=0.1
CascadeMinimizer.cc[215] : (in function: improveOnce) - Minimization finished with status=0
CascadeMinimizer.cc[219] : (in function: improveOnce) - Minimization success! status=0
AsymptoticLimits.cc[552] : (in function: findExpectedLimitFromCrossing) - At r = 959.000000:	delta(nll) = 0.32063

CascadeMinimizer.cc[188] : (in function: improveOnce) - Minimization configured with Type=Minuit2, Algo=Migrad, strategy=0, tolerance=0.1
CascadeMinimizer.cc[215] : (in function: improveOnce) - Minimization finished with status=0
CascadeMinimizer.cc[219] : (in function: improveOnce) - Minimization success! status=0
AsymptoticLimits.cc[552] : (in function: findExpectedLimitFromCrossing) - At r = 960.000000:	delta(nll) = 0.32562

CascadeMinimizer.cc[188] : (in function: improveOnce) - Minimization configured with Type=Minuit2, Algo=Migrad, strategy=0, tolerance=0.1
CascadeMinimizer.cc[215] : (in function: improveOnce) - Minimization finished with status=0
CascadeMinimizer.cc[219] : (in function: improveOnce) - Minimization success! status=0
AsymptoticLimits.cc[552] : (in function: findExpectedLimitFromCrossing) - At r = 961.000000:	delta(nll) = 0.33071

CascadeMinimizer.cc[188] : (in function: improveOnce) - Minimization configured with Type=Minuit2, Algo=Migrad, strategy=0, tolerance=0.1
CascadeMinimizer.cc[215] : (in function: improveOnce) - Minimization finished with status=0
CascadeMinimizer.cc[219] : (in function: improveOnce) - Minimization success! status=0
AsymptoticLimits.cc[552] : (in function: findExpectedLimitFromCrossing) - At r = 962.000000:	delta(nll) = 0.33591

CascadeMinimizer.cc[188] : (in function: improveOnce) - Minimization configured with Type=Minuit2, Algo=Migrad, strategy=0, tolerance=0.1
CascadeMinimizer.cc[215] : (in function: improveOnce) - Minimization finished with status=0
CascadeMinimizer.cc[219] : (in function: improveOnce) - Minimization success! status=0
AsymptoticLimits.cc[552] : (in function: findExpectedLimitFromCrossing) - At r = 963.000000:	delta(nll) = 0.34120

CascadeMinimizer.cc[188] : (in function: improveOnce) - Minimization configured with Type=Minuit2, Algo=Migrad, strategy=0, tolerance=0.1
CascadeMinimizer.cc[215] : (in function: improveOnce) - Minimization finished with status=0
CascadeMinimizer.cc[219] : (in function: improveOnce) - Minimization success! status=0
AsymptoticLimits.cc[552] : (in function: findExpectedLimitFromCrossing) - At r = 964.000000:	delta(nll) = 0.34659

CascadeMinimizer.cc[188] : (in function: improveOnce) - Minimization configured with Type=Minuit2, Algo=Migrad, strategy=0, tolerance=0.1
CascadeMinimizer.cc[215] : (in function: improveOnce) - Minimization finished with status=0
CascadeMinimizer.cc[219] : (in function: improveOnce) - Minimization success! status=0
AsymptoticLimits.cc[552] : (in function: findExpectedLimitFromCrossing) - At r = 965.000000:	delta(nll) = 0.35207

CascadeMinimizer.cc[188] : (in function: improveOnce) - Minimization configured with Type=Minuit2, Algo=Migrad, strategy=0, tolerance=0.1
CascadeMinimizer.cc[215] : (in function: improveOnce) - Minimization finished with status=0
CascadeMinimizer.cc[219] : (in function: improveOnce) - Minimization success! status=0
AsymptoticLimits.cc[552] : (in function: findExpectedLimitFromCrossing) - At r = 966.000000:	delta(nll) = 0.35766

CascadeMinimizer.cc[188] : (in function: improveOnce) - Minimization configured with Type=Minuit2, Algo=Migrad, strategy=0, tolerance=0.1
CascadeMinimizer.cc[215] : (in function: improveOnce) - Minimization finished with status=0
CascadeMinimizer.cc[219] : (in function: improveOnce) - Minimization success! status=0
AsymptoticLimits.cc[552] : (in function: findExpectedLimitFromCrossing) - At r = 967.000000:	delta(nll) = 0.36335

CascadeMinimizer.cc[188] : (in function: improveOnce) - Minimization configured with Type=Minuit2, Algo=Migrad, strategy=0, tolerance=0.1
CascadeMinimizer.cc[215] : (in function: improveOnce) - Minimization finished with status=0
CascadeMinimizer.cc[219] : (in function: improveOnce) - Minimization success! status=0
AsymptoticLimits.cc[552] : (in function: findExpectedLimitFromCrossing) - At r = 968.000000:	delta(nll) = 0.36913

CascadeMinimizer.cc[188] : (in function: improveOnce) - Minimization configured with Type=Minuit2, Algo=Migrad, strategy=0, tolerance=0.1
CascadeMinimizer.cc[215] : (in function: improveOnce) - Minimization finished with status=0
CascadeMinimizer.cc[219] : (in function: improveOnce) - Minimization success! status=0
AsymptoticLimits.cc[552] : (in function: findExpectedLimitFromCrossing) - At r = 969.000000:	delta(nll) = 0.37500

CascadeMinimizer.cc[188] : (in function: improveOnce) - Minimization configured with Type=Minuit2, Algo=Migrad, strategy=0, tolerance=0.1
CascadeMinimizer.cc[215] : (in function: improveOnce) - Minimization finished with status=0
CascadeMinimizer.cc[219] : (in function: improveOnce) - Minimization success! status=0
AsymptoticLimits.cc[552] : (in function: findExpectedLimitFromCrossing) - At r = 970.000000:	delta(nll) = 0.38097

CascadeMinimizer.cc[188] : (in function: improveOnce) - Minimization configured with Type=Minuit2, Algo=Migrad, strategy=0, tolerance=0.1
CascadeMinimizer.cc[215] : (in function: improveOnce) - Minimization finished with status=0
CascadeMinimizer.cc[219] : (in function: improveOnce) - Minimization success! status=0
AsymptoticLimits.cc[552] : (in function: findExpectedLimitFromCrossing) - At r = 971.000000:	delta(nll) = 0.38705

CascadeMinimizer.cc[188] : (in function: improveOnce) - Minimization configured with Type=Minuit2, Algo=Migrad, strategy=0, tolerance=0.1
CascadeMinimizer.cc[215] : (in function: improveOnce) - Minimization finished with status=0
CascadeMinimizer.cc[219] : (in function: improveOnce) - Minimization success! status=0
AsymptoticLimits.cc[552] : (in function: findExpectedLimitFromCrossing) - At r = 972.000000:	delta(nll) = 0.39321

CascadeMinimizer.cc[188] : (in function: improveOnce) - Minimization configured with Type=Minuit2, Algo=Migrad, strategy=0, tolerance=0.1
CascadeMinimizer.cc[215] : (in function: improveOnce) - Minimization finished with status=0
CascadeMinimizer.cc[219] : (in function: improveOnce) - Minimization success! status=0
AsymptoticLimits.cc[552] : (in function: findExpectedLimitFromCrossing) - At r = 973.000000:	delta(nll) = 0.39948

CascadeMinimizer.cc[188] : (in function: improveOnce) - Minimization configured with Type=Minuit2, Algo=Migrad, strategy=0, tolerance=0.1
CascadeMinimizer.cc[215] : (in function: improveOnce) - Minimization finished with status=0
CascadeMinimizer.cc[219] : (in function: improveOnce) - Minimization success! status=0
AsymptoticLimits.cc[552] : (in function: findExpectedLimitFromCrossing) - At r = 974.000000:	delta(nll) = 0.40584

CascadeMinimizer.cc[188] : (in function: improveOnce) - Minimization configured with Type=Minuit2, Algo=Migrad, strategy=0, tolerance=0.1
CascadeMinimizer.cc[215] : (in function: improveOnce) - Minimization finished with status=0
CascadeMinimizer.cc[219] : (in function: improveOnce) - Minimization success! status=0
AsymptoticLimits.cc[552] : (in function: findExpectedLimitFromCrossing) - At r = 975.000000:	delta(nll) = 0.41230

CascadeMinimizer.cc[188] : (in function: improveOnce) - Minimization configured with Type=Minuit2, Algo=Migrad, strategy=0, tolerance=0.1
CascadeMinimizer.cc[215] : (in function: improveOnce) - Minimization finished with status=0
CascadeMinimizer.cc[219] : (in function: improveOnce) - Minimization success! status=0
AsymptoticLimits.cc[552] : (in function: findExpectedLimitFromCrossing) - At r = 976.000000:	delta(nll) = 0.41885

CascadeMinimizer.cc[188] : (in function: improveOnce) - Minimization configured with Type=Minuit2, Algo=Migrad, strategy=0, tolerance=0.1
CascadeMinimizer.cc[215] : (in function: improveOnce) - Minimization finished with status=0
CascadeMinimizer.cc[219] : (in function: improveOnce) - Minimization success! status=0
AsymptoticLimits.cc[552] : (in function: findExpectedLimitFromCrossing) - At r = 977.000000:	delta(nll) = 0.42550

CascadeMinimizer.cc[188] : (in function: improveOnce) - Minimization configured with Type=Minuit2, Algo=Migrad, strategy=0, tolerance=0.1
CascadeMinimizer.cc[215] : (in function: improveOnce) - Minimization finished with status=0
CascadeMinimizer.cc[219] : (in function: improveOnce) - Minimization success! status=0
AsymptoticLimits.cc[552] : (in function: findExpectedLimitFromCrossing) - At r = 978.000000:	delta(nll) = 0.43225

CascadeMinimizer.cc[188] : (in function: improveOnce) - Minimization configured with Type=Minuit2, Algo=Migrad, strategy=0, tolerance=0.1
CascadeMinimizer.cc[215] : (in function: improveOnce) - Minimization finished with status=0
CascadeMinimizer.cc[219] : (in function: improveOnce) - Minimization success! status=0
AsymptoticLimits.cc[552] : (in function: findExpectedLimitFromCrossing) - At r = 979.000000:	delta(nll) = 0.43910

CascadeMinimizer.cc[188] : (in function: improveOnce) - Minimization configured with Type=Minuit2, Algo=Migrad, strategy=0, tolerance=0.1
CascadeMinimizer.cc[215] : (in function: improveOnce) - Minimization finished with status=0
CascadeMinimizer.cc[219] : (in function: improveOnce) - Minimization success! status=0
AsymptoticLimits.cc[552] : (in function: findExpectedLimitFromCrossing) - At r = 980.000000:	delta(nll) = 0.44603

CascadeMinimizer.cc[188] : (in function: improveOnce) - Minimization configured with Type=Minuit2, Algo=Migrad, strategy=0, tolerance=0.1
CascadeMinimizer.cc[215] : (in function: improveOnce) - Minimization finished with status=0
CascadeMinimizer.cc[219] : (in function: improveOnce) - Minimization success! status=0
AsymptoticLimits.cc[552] : (in function: findExpectedLimitFromCrossing) - At r = 981.000000:	delta(nll) = 0.45306

CascadeMinimizer.cc[188] : (in function: improveOnce) - Minimization configured with Type=Minuit2, Algo=Migrad, strategy=0, tolerance=0.1
CascadeMinimizer.cc[215] : (in function: improveOnce) - Minimization finished with status=0
CascadeMinimizer.cc[219] : (in function: improveOnce) - Minimization success! status=0
AsymptoticLimits.cc[552] : (in function: findExpectedLimitFromCrossing) - At r = 982.000000:	delta(nll) = 0.46019

CascadeMinimizer.cc[188] : (in function: improveOnce) - Minimization configured with Type=Minuit2, Algo=Migrad, strategy=0, tolerance=0.1
CascadeMinimizer.cc[215] : (in function: improveOnce) - Minimization finished with status=0
CascadeMinimizer.cc[219] : (in function: improveOnce) - Minimization success! status=0
AsymptoticLimits.cc[552] : (in function: findExpectedLimitFromCrossing) - At r = 983.000000:	delta(nll) = 0.46742

CascadeMinimizer.cc[188] : (in function: improveOnce) - Minimization configured with Type=Minuit2, Algo=Migrad, strategy=0, tolerance=0.1
CascadeMinimizer.cc[215] : (in function: improveOnce) - Minimization finished with status=0
CascadeMinimizer.cc[219] : (in function: improveOnce) - Minimization success! status=0
AsymptoticLimits.cc[552] : (in function: findExpectedLimitFromCrossing) - At r = 984.000000:	delta(nll) = 0.47473

CascadeMinimizer.cc[188] : (in function: improveOnce) - Minimization configured with Type=Minuit2, Algo=Migrad, strategy=0, tolerance=0.1
CascadeMinimizer.cc[215] : (in function: improveOnce) - Minimization finished with status=0
CascadeMinimizer.cc[219] : (in function: improveOnce) - Minimization success! status=0
AsymptoticLimits.cc[552] : (in function: findExpectedLimitFromCrossing) - At r = 985.000000:	delta(nll) = 0.48214

CascadeMinimizer.cc[188] : (in function: improveOnce) - Minimization configured with Type=Minuit2, Algo=Migrad, strategy=0, tolerance=0.1
CascadeMinimizer.cc[215] : (in function: improveOnce) - Minimization finished with status=0
CascadeMinimizer.cc[219] : (in function: improveOnce) - Minimization success! status=0
AsymptoticLimits.cc[552] : (in function: findExpectedLimitFromCrossing) - At r = 986.000000:	delta(nll) = 0.48965

CascadeMinimizer.cc[188] : (in function: improveOnce) - Minimization configured with Type=Minuit2, Algo=Migrad, strategy=0, tolerance=0.1
CascadeMinimizer.cc[215] : (in function: improveOnce) - Minimization finished with status=0
CascadeMinimizer.cc[219] : (in function: improveOnce) - Minimization success! status=0
AsymptoticLimits.cc[552] : (in function: findExpectedLimitFromCrossing) - At r = 987.000000:	delta(nll) = 0.49724

CascadeMinimizer.cc[188] : (in function: improveOnce) - Minimization configured with Type=Minuit2, Algo=Migrad, strategy=0, tolerance=0.1
CascadeMinimizer.cc[215] : (in function: improveOnce) - Minimization finished with status=0
CascadeMinimizer.cc[219] : (in function: improveOnce) - Minimization success! status=0
AsymptoticLimits.cc[552] : (in function: findExpectedLimitFromCrossing) - At r = 988.000000:	delta(nll) = 0.50493

CascadeMinimizer.cc[188] : (in function: improveOnce) - Minimization configured with Type=Minuit2, Algo=Migrad, strategy=0, tolerance=0.1
CascadeMinimizer.cc[215] : (in function: improveOnce) - Minimization finished with status=0
CascadeMinimizer.cc[219] : (in function: improveOnce) - Minimization success! status=0
AsymptoticLimits.cc[552] : (in function: findExpectedLimitFromCrossing) - At r = 989.000000:	delta(nll) = 0.51270

CascadeMinimizer.cc[188] : (in function: improveOnce) - Minimization configured with Type=Minuit2, Algo=Migrad, strategy=0, tolerance=0.1
CascadeMinimizer.cc[215] : (in function: improveOnce) - Minimization finished with status=0
CascadeMinimizer.cc[219] : (in function: improveOnce) - Minimization success! status=0
AsymptoticLimits.cc[552] : (in function: findExpectedLimitFromCrossing) - At r = 990.000000:	delta(nll) = 0.52058

CascadeMinimizer.cc[188] : (in function: improveOnce) - Minimization configured with Type=Minuit2, Algo=Migrad, strategy=0, tolerance=0.1
CascadeMinimizer.cc[215] : (in function: improveOnce) - Minimization finished with status=0
CascadeMinimizer.cc[219] : (in function: improveOnce) - Minimization success! status=0
AsymptoticLimits.cc[552] : (in function: findExpectedLimitFromCrossing) - At r = 991.000000:	delta(nll) = 0.52854

CascadeMinimizer.cc[188] : (in function: improveOnce) - Minimization configured with Type=Minuit2, Algo=Migrad, strategy=0, tolerance=0.1
CascadeMinimizer.cc[215] : (in function: improveOnce) - Minimization finished with status=0
CascadeMinimizer.cc[219] : (in function: improveOnce) - Minimization success! status=0
AsymptoticLimits.cc[552] : (in function: findExpectedLimitFromCrossing) - At r = 992.000000:	delta(nll) = 0.53660

CascadeMinimizer.cc[188] : (in function: improveOnce) - Minimization configured with Type=Minuit2, Algo=Migrad, strategy=0, tolerance=0.1
CascadeMinimizer.cc[215] : (in function: improveOnce) - Minimization finished with status=0
CascadeMinimizer.cc[219] : (in function: improveOnce) - Minimization success! status=0
AsymptoticLimits.cc[552] : (in function: findExpectedLimitFromCrossing) - At r = 993.000000:	delta(nll) = 0.54475

CascadeMinimizer.cc[188] : (in function: improveOnce) - Minimization configured with Type=Minuit2, Algo=Migrad, strategy=0, tolerance=0.1
CascadeMinimizer.cc[215] : (in function: improveOnce) - Minimization finished with status=0
CascadeMinimizer.cc[219] : (in function: improveOnce) - Minimization success! status=0
AsymptoticLimits.cc[552] : (in function: findExpectedLimitFromCrossing) - At r = 994.000000:	delta(nll) = 0.55300

CascadeMinimizer.cc[188] : (in function: improveOnce) - Minimization configured with Type=Minuit2, Algo=Migrad, strategy=0, tolerance=0.1
CascadeMinimizer.cc[215] : (in function: improveOnce) - Minimization finished with status=0
CascadeMinimizer.cc[219] : (in function: improveOnce) - Minimization success! status=0
AsymptoticLimits.cc[552] : (in function: findExpectedLimitFromCrossing) - At r = 995.000000:	delta(nll) = 0.56132

CascadeMinimizer.cc[188] : (in function: improveOnce) - Minimization configured with Type=Minuit2, Algo=Migrad, strategy=0, tolerance=0.1
CascadeMinimizer.cc[215] : (in function: improveOnce) - Minimization finished with status=0
CascadeMinimizer.cc[219] : (in function: improveOnce) - Minimization success! status=0
AsymptoticLimits.cc[552] : (in function: findExpectedLimitFromCrossing) - At r = 996.000000:	delta(nll) = 0.56975

CascadeMinimizer.cc[188] : (in function: improveOnce) - Minimization configured with Type=Minuit2, Algo=Migrad, strategy=0, tolerance=0.1
CascadeMinimizer.cc[215] : (in function: improveOnce) - Minimization finished with status=0
CascadeMinimizer.cc[219] : (in function: improveOnce) - Minimization success! status=0
AsymptoticLimits.cc[552] : (in function: findExpectedLimitFromCrossing) - At r = 997.000000:	delta(nll) = 0.57827

CascadeMinimizer.cc[188] : (in function: improveOnce) - Minimization configured with Type=Minuit2, Algo=Migrad, strategy=0, tolerance=0.1
CascadeMinimizer.cc[215] : (in function: improveOnce) - Minimization finished with status=0
CascadeMinimizer.cc[219] : (in function: improveOnce) - Minimization success! status=0
AsymptoticLimits.cc[552] : (in function: findExpectedLimitFromCrossing) - At r = 998.000000:	delta(nll) = 0.58688

CascadeMinimizer.cc[188] : (in function: improveOnce) - Minimization configured with Type=Minuit2, Algo=Migrad, strategy=0, tolerance=0.1
CascadeMinimizer.cc[215] : (in function: improveOnce) - Minimization finished with status=0
CascadeMinimizer.cc[219] : (in function: improveOnce) - Minimization success! status=0
AsymptoticLimits.cc[552] : (in function: findExpectedLimitFromCrossing) - At r = 999.000000:	delta(nll) = 0.59557

CascadeMinimizer.cc[188] : (in function: improveOnce) - Minimization configured with Type=Minuit2, Algo=Migrad, strategy=0, tolerance=0.1
CascadeMinimizer.cc[215] : (in function: improveOnce) - Minimization finished with status=0
CascadeMinimizer.cc[219] : (in function: improveOnce) - Minimization success! status=0
AsymptoticLimits.cc[552] : (in function: findExpectedLimitFromCrossing) - At r = 1000.000000:	delta(nll) = 0.60436

CascadeMinimizer.cc[188] : (in function: improveOnce) - Minimization configured with Type=Minuit2, Algo=Migrad, strategy=0, tolerance=0.1
CascadeMinimizer.cc[215] : (in function: improveOnce) - Minimization finished with status=0
CascadeMinimizer.cc[219] : (in function: improveOnce) - Minimization success! status=0
AsymptoticLimits.cc[552] : (in function: findExpectedLimitFromCrossing) - At r = 1001.000000:	delta(nll) = 0.61324

CascadeMinimizer.cc[188] : (in function: improveOnce) - Minimization configured with Type=Minuit2, Algo=Migrad, strategy=0, tolerance=0.1
CascadeMinimizer.cc[215] : (in function: improveOnce) - Minimization finished with status=0
CascadeMinimizer.cc[219] : (in function: improveOnce) - Minimization success! status=0
AsymptoticLimits.cc[552] : (in function: findExpectedLimitFromCrossing) - At r = 1002.000000:	delta(nll) = 0.62221

CascadeMinimizer.cc[188] : (in function: improveOnce) - Minimization configured with Type=Minuit2, Algo=Migrad, strategy=0, tolerance=0.1
CascadeMinimizer.cc[215] : (in function: improveOnce) - Minimization finished with status=0
CascadeMinimizer.cc[219] : (in function: improveOnce) - Minimization success! status=0
AsymptoticLimits.cc[552] : (in function: findExpectedLimitFromCrossing) - At r = 1003.000000:	delta(nll) = 0.63128

CascadeMinimizer.cc[188] : (in function: improveOnce) - Minimization configured with Type=Minuit2, Algo=Migrad, strategy=0, tolerance=0.1
CascadeMinimizer.cc[215] : (in function: improveOnce) - Minimization finished with status=0
CascadeMinimizer.cc[219] : (in function: improveOnce) - Minimization success! status=0
AsymptoticLimits.cc[552] : (in function: findExpectedLimitFromCrossing) - At r = 1004.000000:	delta(nll) = 0.64042

CascadeMinimizer.cc[188] : (in function: improveOnce) - Minimization configured with Type=Minuit2, Algo=Migrad, strategy=0, tolerance=0.1
CascadeMinimizer.cc[215] : (in function: improveOnce) - Minimization finished with status=0
CascadeMinimizer.cc[219] : (in function: improveOnce) - Minimization success! status=0
AsymptoticLimits.cc[552] : (in function: findExpectedLimitFromCrossing) - At r = 1005.000000:	delta(nll) = 0.64966

CascadeMinimizer.cc[188] : (in function: improveOnce) - Minimization configured with Type=Minuit2, Algo=Migrad, strategy=0, tolerance=0.1
CascadeMinimizer.cc[215] : (in function: improveOnce) - Minimization finished with status=0
CascadeMinimizer.cc[219] : (in function: improveOnce) - Minimization success! status=0
AsymptoticLimits.cc[552] : (in function: findExpectedLimitFromCrossing) - At r = 1006.000000:	delta(nll) = 0.65899

CascadeMinimizer.cc[188] : (in function: improveOnce) - Minimization configured with Type=Minuit2, Algo=Migrad, strategy=0, tolerance=0.1
CascadeMinimizer.cc[215] : (in function: improveOnce) - Minimization finished with status=0
CascadeMinimizer.cc[219] : (in function: improveOnce) - Minimization success! status=0
AsymptoticLimits.cc[552] : (in function: findExpectedLimitFromCrossing) - At r = 1007.000000:	delta(nll) = 0.66840

CascadeMinimizer.cc[188] : (in function: improveOnce) - Minimization configured with Type=Minuit2, Algo=Migrad, strategy=0, tolerance=0.1
CascadeMinimizer.cc[215] : (in function: improveOnce) - Minimization finished with status=0
CascadeMinimizer.cc[219] : (in function: improveOnce) - Minimization success! status=0
AsymptoticLimits.cc[552] : (in function: findExpectedLimitFromCrossing) - At r = 1008.000000:	delta(nll) = 0.67790

CascadeMinimizer.cc[188] : (in function: improveOnce) - Minimization configured with Type=Minuit2, Algo=Migrad, strategy=0, tolerance=0.1
CascadeMinimizer.cc[215] : (in function: improveOnce) - Minimization finished with status=0
CascadeMinimizer.cc[219] : (in function: improveOnce) - Minimization success! status=0
AsymptoticLimits.cc[552] : (in function: findExpectedLimitFromCrossing) - At r = 1009.000000:	delta(nll) = 0.68750

CascadeMinimizer.cc[188] : (in function: improveOnce) - Minimization configured with Type=Minuit2, Algo=Migrad, strategy=0, tolerance=0.1
CascadeMinimizer.cc[215] : (in function: improveOnce) - Minimization finished with status=0
CascadeMinimizer.cc[219] : (in function: improveOnce) - Minimization success! status=0
AsymptoticLimits.cc[552] : (in function: findExpectedLimitFromCrossing) - At r = 1010.000000:	delta(nll) = 0.69718

CascadeMinimizer.cc[188] : (in function: improveOnce) - Minimization configured with Type=Minuit2, Algo=Migrad, strategy=0, tolerance=0.1
CascadeMinimizer.cc[215] : (in function: improveOnce) - Minimization finished with status=0
CascadeMinimizer.cc[219] : (in function: improveOnce) - Minimization success! status=0
AsymptoticLimits.cc[552] : (in function: findExpectedLimitFromCrossing) - At r = 1011.000000:	delta(nll) = 0.70694

CascadeMinimizer.cc[188] : (in function: improveOnce) - Minimization configured with Type=Minuit2, Algo=Migrad, strategy=0, tolerance=0.1
CascadeMinimizer.cc[215] : (in function: improveOnce) - Minimization finished with status=0
CascadeMinimizer.cc[219] : (in function: improveOnce) - Minimization success! status=0
AsymptoticLimits.cc[552] : (in function: findExpectedLimitFromCrossing) - At r = 1012.000000:	delta(nll) = 0.71680

CascadeMinimizer.cc[188] : (in function: improveOnce) - Minimization configured with Type=Minuit2, Algo=Migrad, strategy=0, tolerance=0.1
CascadeMinimizer.cc[215] : (in function: improveOnce) - Minimization finished with status=0
CascadeMinimizer.cc[219] : (in function: improveOnce) - Minimization success! status=0
AsymptoticLimits.cc[552] : (in function: findExpectedLimitFromCrossing) - At r = 1013.000000:	delta(nll) = 0.72675

CascadeMinimizer.cc[188] : (in function: improveOnce) - Minimization configured with Type=Minuit2, Algo=Migrad, strategy=0, tolerance=0.1
CascadeMinimizer.cc[215] : (in function: improveOnce) - Minimization finished with status=0
CascadeMinimizer.cc[219] : (in function: improveOnce) - Minimization success! status=0
AsymptoticLimits.cc[552] : (in function: findExpectedLimitFromCrossing) - At r = 1014.000000:	delta(nll) = 0.73678

CascadeMinimizer.cc[188] : (in function: improveOnce) - Minimization configured with Type=Minuit2, Algo=Migrad, strategy=0, tolerance=0.1
CascadeMinimizer.cc[215] : (in function: improveOnce) - Minimization finished with status=0
CascadeMinimizer.cc[219] : (in function: improveOnce) - Minimization success! status=0
AsymptoticLimits.cc[552] : (in function: findExpectedLimitFromCrossing) - At r = 1015.000000:	delta(nll) = 0.74689

CascadeMinimizer.cc[188] : (in function: improveOnce) - Minimization configured with Type=Minuit2, Algo=Migrad, strategy=0, tolerance=0.1
CascadeMinimizer.cc[215] : (in function: improveOnce) - Minimization finished with status=0
CascadeMinimizer.cc[219] : (in function: improveOnce) - Minimization success! status=0
AsymptoticLimits.cc[552] : (in function: findExpectedLimitFromCrossing) - At r = 1016.000000:	delta(nll) = 0.75710

CascadeMinimizer.cc[188] : (in function: improveOnce) - Minimization configured with Type=Minuit2, Algo=Migrad, strategy=0, tolerance=0.1
CascadeMinimizer.cc[215] : (in function: improveOnce) - Minimization finished with status=0
CascadeMinimizer.cc[219] : (in function: improveOnce) - Minimization success! status=0
AsymptoticLimits.cc[552] : (in function: findExpectedLimitFromCrossing) - At r = 1017.000000:	delta(nll) = 0.76740

CascadeMinimizer.cc[188] : (in function: improveOnce) - Minimization configured with Type=Minuit2, Algo=Migrad, strategy=0, tolerance=0.1
CascadeMinimizer.cc[215] : (in function: improveOnce) - Minimization finished with status=0
CascadeMinimizer.cc[219] : (in function: improveOnce) - Minimization success! status=0
AsymptoticLimits.cc[552] : (in function: findExpectedLimitFromCrossing) - At r = 1018.000000:	delta(nll) = 0.77777

CascadeMinimizer.cc[188] : (in function: improveOnce) - Minimization configured with Type=Minuit2, Algo=Migrad, strategy=0, tolerance=0.1
CascadeMinimizer.cc[215] : (in function: improveOnce) - Minimization finished with status=0
CascadeMinimizer.cc[219] : (in function: improveOnce) - Minimization success! status=0
AsymptoticLimits.cc[552] : (in function: findExpectedLimitFromCrossing) - At r = 1019.000000:	delta(nll) = 0.78823

CascadeMinimizer.cc[188] : (in function: improveOnce) - Minimization configured with Type=Minuit2, Algo=Migrad, strategy=0, tolerance=0.1
CascadeMinimizer.cc[215] : (in function: improveOnce) - Minimization finished with status=0
CascadeMinimizer.cc[219] : (in function: improveOnce) - Minimization success! status=0
AsymptoticLimits.cc[552] : (in function: findExpectedLimitFromCrossing) - At r = 1020.000000:	delta(nll) = 0.79878

CascadeMinimizer.cc[188] : (in function: improveOnce) - Minimization configured with Type=Minuit2, Algo=Migrad, strategy=0, tolerance=0.1
CascadeMinimizer.cc[215] : (in function: improveOnce) - Minimization finished with status=0
CascadeMinimizer.cc[219] : (in function: improveOnce) - Minimization success! status=0
AsymptoticLimits.cc[552] : (in function: findExpectedLimitFromCrossing) - At r = 1021.000000:	delta(nll) = 0.80942

CascadeMinimizer.cc[188] : (in function: improveOnce) - Minimization configured with Type=Minuit2, Algo=Migrad, strategy=0, tolerance=0.1
CascadeMinimizer.cc[215] : (in function: improveOnce) - Minimization finished with status=0
CascadeMinimizer.cc[219] : (in function: improveOnce) - Minimization success! status=0
AsymptoticLimits.cc[552] : (in function: findExpectedLimitFromCrossing) - At r = 1022.000000:	delta(nll) = 0.82014

CascadeMinimizer.cc[188] : (in function: improveOnce) - Minimization configured with Type=Minuit2, Algo=Migrad, strategy=0, tolerance=0.1
CascadeMinimizer.cc[215] : (in function: improveOnce) - Minimization finished with status=0
CascadeMinimizer.cc[219] : (in function: improveOnce) - Minimization success! status=0
AsymptoticLimits.cc[552] : (in function: findExpectedLimitFromCrossing) - At r = 1023.000000:	delta(nll) = 0.83094

CascadeMinimizer.cc[188] : (in function: improveOnce) - Minimization configured with Type=Minuit2, Algo=Migrad, strategy=0, tolerance=0.1
CascadeMinimizer.cc[215] : (in function: improveOnce) - Minimization finished with status=0
CascadeMinimizer.cc[219] : (in function: improveOnce) - Minimization success! status=0
AsymptoticLimits.cc[552] : (in function: findExpectedLimitFromCrossing) - At r = 1024.000000:	delta(nll) = 0.84183

CascadeMinimizer.cc[188] : (in function: improveOnce) - Minimization configured with Type=Minuit2, Algo=Migrad, strategy=0, tolerance=0.1
CascadeMinimizer.cc[215] : (in function: improveOnce) - Minimization finished with status=0
CascadeMinimizer.cc[219] : (in function: improveOnce) - Minimization success! status=0
AsymptoticLimits.cc[552] : (in function: findExpectedLimitFromCrossing) - At r = 1025.000000:	delta(nll) = 0.85281

CascadeMinimizer.cc[188] : (in function: improveOnce) - Minimization configured with Type=Minuit2, Algo=Migrad, strategy=0, tolerance=0.1
CascadeMinimizer.cc[215] : (in function: improveOnce) - Minimization finished with status=0
CascadeMinimizer.cc[219] : (in function: improveOnce) - Minimization success! status=0
AsymptoticLimits.cc[552] : (in function: findExpectedLimitFromCrossing) - At r = 1026.000000:	delta(nll) = 0.86387

CascadeMinimizer.cc[188] : (in function: improveOnce) - Minimization configured with Type=Minuit2, Algo=Migrad, strategy=0, tolerance=0.1
CascadeMinimizer.cc[215] : (in function: improveOnce) - Minimization finished with status=0
CascadeMinimizer.cc[219] : (in function: improveOnce) - Minimization success! status=0
AsymptoticLimits.cc[552] : (in function: findExpectedLimitFromCrossing) - At r = 1027.000000:	delta(nll) = 0.87502

CascadeMinimizer.cc[188] : (in function: improveOnce) - Minimization configured with Type=Minuit2, Algo=Migrad, strategy=0, tolerance=0.1
CascadeMinimizer.cc[215] : (in function: improveOnce) - Minimization finished with status=0
CascadeMinimizer.cc[219] : (in function: improveOnce) - Minimization success! status=0
AsymptoticLimits.cc[552] : (in function: findExpectedLimitFromCrossing) - At r = 1028.000000:	delta(nll) = 0.88625

CascadeMinimizer.cc[188] : (in function: improveOnce) - Minimization configured with Type=Minuit2, Algo=Migrad, strategy=0, tolerance=0.1
CascadeMinimizer.cc[215] : (in function: improveOnce) - Minimization finished with status=0
CascadeMinimizer.cc[219] : (in function: improveOnce) - Minimization success! status=0
AsymptoticLimits.cc[552] : (in function: findExpectedLimitFromCrossing) - At r = 1029.000000:	delta(nll) = 0.89757

CascadeMinimizer.cc[188] : (in function: improveOnce) - Minimization configured with Type=Minuit2, Algo=Migrad, strategy=0, tolerance=0.1
CascadeMinimizer.cc[215] : (in function: improveOnce) - Minimization finished with status=0
CascadeMinimizer.cc[219] : (in function: improveOnce) - Minimization success! status=0
AsymptoticLimits.cc[552] : (in function: findExpectedLimitFromCrossing) - At r = 1030.000000:	delta(nll) = 0.90897

CascadeMinimizer.cc[188] : (in function: improveOnce) - Minimization configured with Type=Minuit2, Algo=Migrad, strategy=0, tolerance=0.1
CascadeMinimizer.cc[215] : (in function: improveOnce) - Minimization finished with status=0
CascadeMinimizer.cc[219] : (in function: improveOnce) - Minimization success! status=0
AsymptoticLimits.cc[552] : (in function: findExpectedLimitFromCrossing) - At r = 1031.000000:	delta(nll) = 0.92045

CascadeMinimizer.cc[188] : (in function: improveOnce) - Minimization configured with Type=Minuit2, Algo=Migrad, strategy=0, tolerance=0.1
CascadeMinimizer.cc[215] : (in function: improveOnce) - Minimization finished with status=0
CascadeMinimizer.cc[219] : (in function: improveOnce) - Minimization success! status=0
AsymptoticLimits.cc[552] : (in function: findExpectedLimitFromCrossing) - At r = 1032.000000:	delta(nll) = 0.93201

CascadeMinimizer.cc[188] : (in function: improveOnce) - Minimization configured with Type=Minuit2, Algo=Migrad, strategy=0, tolerance=0.1
CascadeMinimizer.cc[215] : (in function: improveOnce) - Minimization finished with status=0
CascadeMinimizer.cc[219] : (in function: improveOnce) - Minimization success! status=0
AsymptoticLimits.cc[552] : (in function: findExpectedLimitFromCrossing) - At r = 1033.000000:	delta(nll) = 0.94366

CascadeMinimizer.cc[188] : (in function: improveOnce) - Minimization configured with Type=Minuit2, Algo=Migrad, strategy=0, tolerance=0.1
CascadeMinimizer.cc[215] : (in function: improveOnce) - Minimization finished with status=0
CascadeMinimizer.cc[219] : (in function: improveOnce) - Minimization success! status=0
AsymptoticLimits.cc[552] : (in function: findExpectedLimitFromCrossing) - At r = 1034.000000:	delta(nll) = 0.95539

CascadeMinimizer.cc[188] : (in function: improveOnce) - Minimization configured with Type=Minuit2, Algo=Migrad, strategy=0, tolerance=0.1
CascadeMinimizer.cc[215] : (in function: improveOnce) - Minimization finished with status=0
CascadeMinimizer.cc[219] : (in function: improveOnce) - Minimization success! status=0
AsymptoticLimits.cc[552] : (in function: findExpectedLimitFromCrossing) - At r = 1035.000000:	delta(nll) = 0.96720

CascadeMinimizer.cc[188] : (in function: improveOnce) - Minimization configured with Type=Minuit2, Algo=Migrad, strategy=0, tolerance=0.1
CascadeMinimizer.cc[215] : (in function: improveOnce) - Minimization finished with status=0
CascadeMinimizer.cc[219] : (in function: improveOnce) - Minimization success! status=0
AsymptoticLimits.cc[552] : (in function: findExpectedLimitFromCrossing) - At r = 1036.000000:	delta(nll) = 0.97910

CascadeMinimizer.cc[188] : (in function: improveOnce) - Minimization configured with Type=Minuit2, Algo=Migrad, strategy=0, tolerance=0.1
CascadeMinimizer.cc[215] : (in function: improveOnce) - Minimization finished with status=0
CascadeMinimizer.cc[219] : (in function: improveOnce) - Minimization success! status=0
AsymptoticLimits.cc[552] : (in function: findExpectedLimitFromCrossing) - At r = 1037.000000:	delta(nll) = 0.99108

CascadeMinimizer.cc[188] : (in function: improveOnce) - Minimization configured with Type=Minuit2, Algo=Migrad, strategy=0, tolerance=0.1
CascadeMinimizer.cc[215] : (in function: improveOnce) - Minimization finished with status=0
CascadeMinimizer.cc[219] : (in function: improveOnce) - Minimization success! status=0
AsymptoticLimits.cc[552] : (in function: findExpectedLimitFromCrossing) - At r = 1038.000000:	delta(nll) = 1.00314

CascadeMinimizer.cc[188] : (in function: improveOnce) - Minimization configured with Type=Minuit2, Algo=Migrad, strategy=0, tolerance=0.1
CascadeMinimizer.cc[215] : (in function: improveOnce) - Minimization finished with status=0
CascadeMinimizer.cc[219] : (in function: improveOnce) - Minimization success! status=0
AsymptoticLimits.cc[552] : (in function: findExpectedLimitFromCrossing) - At r = 1039.000000:	delta(nll) = 1.01529

CascadeMinimizer.cc[188] : (in function: improveOnce) - Minimization configured with Type=Minuit2, Algo=Migrad, strategy=0, tolerance=0.1
CascadeMinimizer.cc[215] : (in function: improveOnce) - Minimization finished with status=0
CascadeMinimizer.cc[219] : (in function: improveOnce) - Minimization success! status=0
AsymptoticLimits.cc[552] : (in function: findExpectedLimitFromCrossing) - At r = 1040.000000:	delta(nll) = 1.02751

CascadeMinimizer.cc[188] : (in function: improveOnce) - Minimization configured with Type=Minuit2, Algo=Migrad, strategy=0, tolerance=0.1
CascadeMinimizer.cc[215] : (in function: improveOnce) - Minimization finished with status=0
CascadeMinimizer.cc[219] : (in function: improveOnce) - Minimization success! status=0
AsymptoticLimits.cc[552] : (in function: findExpectedLimitFromCrossing) - At r = 1041.000000:	delta(nll) = 1.03982

CascadeMinimizer.cc[188] : (in function: improveOnce) - Minimization configured with Type=Minuit2, Algo=Migrad, strategy=0, tolerance=0.1
CascadeMinimizer.cc[215] : (in function: improveOnce) - Minimization finished with status=0
CascadeMinimizer.cc[219] : (in function: improveOnce) - Minimization success! status=0
AsymptoticLimits.cc[552] : (in function: findExpectedLimitFromCrossing) - At r = 1042.000000:	delta(nll) = 1.05221

CascadeMinimizer.cc[188] : (in function: improveOnce) - Minimization configured with Type=Minuit2, Algo=Migrad, strategy=0, tolerance=0.1
CascadeMinimizer.cc[215] : (in function: improveOnce) - Minimization finished with status=0
CascadeMinimizer.cc[219] : (in function: improveOnce) - Minimization success! status=0
AsymptoticLimits.cc[552] : (in function: findExpectedLimitFromCrossing) - At r = 1043.000000:	delta(nll) = 1.06468

CascadeMinimizer.cc[188] : (in function: improveOnce) - Minimization configured with Type=Minuit2, Algo=Migrad, strategy=0, tolerance=0.1
CascadeMinimizer.cc[215] : (in function: improveOnce) - Minimization finished with status=0
CascadeMinimizer.cc[219] : (in function: improveOnce) - Minimization success! status=0
AsymptoticLimits.cc[552] : (in function: findExpectedLimitFromCrossing) - At r = 1044.000000:	delta(nll) = 1.07724

CascadeMinimizer.cc[188] : (in function: improveOnce) - Minimization configured with Type=Minuit2, Algo=Migrad, strategy=0, tolerance=0.1
CascadeMinimizer.cc[215] : (in function: improveOnce) - Minimization finished with status=0
CascadeMinimizer.cc[219] : (in function: improveOnce) - Minimization success! status=0
AsymptoticLimits.cc[552] : (in function: findExpectedLimitFromCrossing) - At r = 1045.000000:	delta(nll) = 1.08987

CascadeMinimizer.cc[188] : (in function: improveOnce) - Minimization configured with Type=Minuit2, Algo=Migrad, strategy=0, tolerance=0.1
CascadeMinimizer.cc[215] : (in function: improveOnce) - Minimization finished with status=0
CascadeMinimizer.cc[219] : (in function: improveOnce) - Minimization success! status=0
AsymptoticLimits.cc[552] : (in function: findExpectedLimitFromCrossing) - At r = 1046.000000:	delta(nll) = 1.10259

CascadeMinimizer.cc[188] : (in function: improveOnce) - Minimization configured with Type=Minuit2, Algo=Migrad, strategy=0, tolerance=0.1
CascadeMinimizer.cc[215] : (in function: improveOnce) - Minimization finished with status=0
CascadeMinimizer.cc[219] : (in function: improveOnce) - Minimization success! status=0
AsymptoticLimits.cc[552] : (in function: findExpectedLimitFromCrossing) - At r = 1047.000000:	delta(nll) = 1.11539

CascadeMinimizer.cc[188] : (in function: improveOnce) - Minimization configured with Type=Minuit2, Algo=Migrad, strategy=0, tolerance=0.1
CascadeMinimizer.cc[215] : (in function: improveOnce) - Minimization finished with status=0
CascadeMinimizer.cc[219] : (in function: improveOnce) - Minimization success! status=0
AsymptoticLimits.cc[552] : (in function: findExpectedLimitFromCrossing) - At r = 1048.000000:	delta(nll) = 1.12826

CascadeMinimizer.cc[188] : (in function: improveOnce) - Minimization configured with Type=Minuit2, Algo=Migrad, strategy=0, tolerance=0.1
CascadeMinimizer.cc[215] : (in function: improveOnce) - Minimization finished with status=0
CascadeMinimizer.cc[219] : (in function: improveOnce) - Minimization success! status=0
AsymptoticLimits.cc[552] : (in function: findExpectedLimitFromCrossing) - At r = 1049.000000:	delta(nll) = 1.14122

CascadeMinimizer.cc[188] : (in function: improveOnce) - Minimization configured with Type=Minuit2, Algo=Migrad, strategy=0, tolerance=0.1
CascadeMinimizer.cc[215] : (in function: improveOnce) - Minimization finished with status=0
CascadeMinimizer.cc[219] : (in function: improveOnce) - Minimization success! status=0
AsymptoticLimits.cc[552] : (in function: findExpectedLimitFromCrossing) - At r = 1050.000000:	delta(nll) = 1.15425

CascadeMinimizer.cc[188] : (in function: improveOnce) - Minimization configured with Type=Minuit2, Algo=Migrad, strategy=0, tolerance=0.1
CascadeMinimizer.cc[215] : (in function: improveOnce) - Minimization finished with status=0
CascadeMinimizer.cc[219] : (in function: improveOnce) - Minimization success! status=0
AsymptoticLimits.cc[552] : (in function: findExpectedLimitFromCrossing) - At r = 1051.000000:	delta(nll) = 1.16737

CascadeMinimizer.cc[188] : (in function: improveOnce) - Minimization configured with Type=Minuit2, Algo=Migrad, strategy=0, tolerance=0.1
CascadeMinimizer.cc[215] : (in function: improveOnce) - Minimization finished with status=0
CascadeMinimizer.cc[219] : (in function: improveOnce) - Minimization success! status=0
AsymptoticLimits.cc[552] : (in function: findExpectedLimitFromCrossing) - At r = 1052.000000:	delta(nll) = 1.18057

CascadeMinimizer.cc[188] : (in function: improveOnce) - Minimization configured with Type=Minuit2, Algo=Migrad, strategy=0, tolerance=0.1
CascadeMinimizer.cc[215] : (in function: improveOnce) - Minimization finished with status=0
CascadeMinimizer.cc[219] : (in function: improveOnce) - Minimization success! status=0
AsymptoticLimits.cc[552] : (in function: findExpectedLimitFromCrossing) - At r = 1053.000000:	delta(nll) = 1.19385

CascadeMinimizer.cc[188] : (in function: improveOnce) - Minimization configured with Type=Minuit2, Algo=Migrad, strategy=0, tolerance=0.1
CascadeMinimizer.cc[215] : (in function: improveOnce) - Minimization finished with status=0
CascadeMinimizer.cc[219] : (in function: improveOnce) - Minimization success! status=0
AsymptoticLimits.cc[552] : (in function: findExpectedLimitFromCrossing) - At r = 1054.000000:	delta(nll) = 1.20721

CascadeMinimizer.cc[188] : (in function: improveOnce) - Minimization configured with Type=Minuit2, Algo=Migrad, strategy=0, tolerance=0.1
CascadeMinimizer.cc[215] : (in function: improveOnce) - Minimization finished with status=0
CascadeMinimizer.cc[219] : (in function: improveOnce) - Minimization success! status=0
AsymptoticLimits.cc[552] : (in function: findExpectedLimitFromCrossing) - At r = 1055.000000:	delta(nll) = 1.22064

CascadeMinimizer.cc[188] : (in function: improveOnce) - Minimization configured with Type=Minuit2, Algo=Migrad, strategy=0, tolerance=0.1
CascadeMinimizer.cc[215] : (in function: improveOnce) - Minimization finished with status=0
CascadeMinimizer.cc[219] : (in function: improveOnce) - Minimization success! status=0
AsymptoticLimits.cc[552] : (in function: findExpectedLimitFromCrossing) - At r = 1056.000000:	delta(nll) = 1.23416

CascadeMinimizer.cc[188] : (in function: improveOnce) - Minimization configured with Type=Minuit2, Algo=Migrad, strategy=0, tolerance=0.1
CascadeMinimizer.cc[215] : (in function: improveOnce) - Minimization finished with status=0
CascadeMinimizer.cc[219] : (in function: improveOnce) - Minimization success! status=0
AsymptoticLimits.cc[552] : (in function: findExpectedLimitFromCrossing) - At r = 1057.000000:	delta(nll) = 1.24775

CascadeMinimizer.cc[188] : (in function: improveOnce) - Minimization configured with Type=Minuit2, Algo=Migrad, strategy=0, tolerance=0.1
CascadeMinimizer.cc[215] : (in function: improveOnce) - Minimization finished with status=0
CascadeMinimizer.cc[219] : (in function: improveOnce) - Minimization success! status=0
AsymptoticLimits.cc[552] : (in function: findExpectedLimitFromCrossing) - At r = 1058.000000:	delta(nll) = 1.26143

CascadeMinimizer.cc[188] : (in function: improveOnce) - Minimization configured with Type=Minuit2, Algo=Migrad, strategy=0, tolerance=0.1
CascadeMinimizer.cc[215] : (in function: improveOnce) - Minimization finished with status=0
CascadeMinimizer.cc[219] : (in function: improveOnce) - Minimization success! status=0
AsymptoticLimits.cc[552] : (in function: findExpectedLimitFromCrossing) - At r = 1059.000000:	delta(nll) = 1.27517

CascadeMinimizer.cc[188] : (in function: improveOnce) - Minimization configured with Type=Minuit2, Algo=Migrad, strategy=0, tolerance=0.1
CascadeMinimizer.cc[215] : (in function: improveOnce) - Minimization finished with status=0
CascadeMinimizer.cc[219] : (in function: improveOnce) - Minimization success! status=0
AsymptoticLimits.cc[552] : (in function: findExpectedLimitFromCrossing) - At r = 1060.000000:	delta(nll) = 1.28899

CascadeMinimizer.cc[188] : (in function: improveOnce) - Minimization configured with Type=Minuit2, Algo=Migrad, strategy=0, tolerance=0.1
CascadeMinimizer.cc[215] : (in function: improveOnce) - Minimization finished with status=0
CascadeMinimizer.cc[219] : (in function: improveOnce) - Minimization success! status=0
AsymptoticLimits.cc[552] : (in function: findExpectedLimitFromCrossing) - At r = 1061.000000:	delta(nll) = 1.30290

CascadeMinimizer.cc[188] : (in function: improveOnce) - Minimization configured with Type=Minuit2, Algo=Migrad, strategy=0, tolerance=0.1
CascadeMinimizer.cc[215] : (in function: improveOnce) - Minimization finished with status=0
CascadeMinimizer.cc[219] : (in function: improveOnce) - Minimization success! status=0
AsymptoticLimits.cc[552] : (in function: findExpectedLimitFromCrossing) - At r = 1062.000000:	delta(nll) = 1.31688

CascadeMinimizer.cc[188] : (in function: improveOnce) - Minimization configured with Type=Minuit2, Algo=Migrad, strategy=0, tolerance=0.1
CascadeMinimizer.cc[215] : (in function: improveOnce) - Minimization finished with status=0
CascadeMinimizer.cc[219] : (in function: improveOnce) - Minimization success! status=0
AsymptoticLimits.cc[552] : (in function: findExpectedLimitFromCrossing) - At r = 1063.000000:	delta(nll) = 1.33094

CascadeMinimizer.cc[188] : (in function: improveOnce) - Minimization configured with Type=Minuit2, Algo=Migrad, strategy=0, tolerance=0.1
CascadeMinimizer.cc[215] : (in function: improveOnce) - Minimization finished with status=0
CascadeMinimizer.cc[219] : (in function: improveOnce) - Minimization success! status=0
AsymptoticLimits.cc[552] : (in function: findExpectedLimitFromCrossing) - At r = 1064.000000:	delta(nll) = 1.34508

CascadeMinimizer.cc[188] : (in function: improveOnce) - Minimization configured with Type=Minuit2, Algo=Migrad, strategy=0, tolerance=0.1
CascadeMinimizer.cc[215] : (in function: improveOnce) - Minimization finished with status=0
CascadeMinimizer.cc[219] : (in function: improveOnce) - Minimization success! status=0
AsymptoticLimits.cc[552] : (in function: findExpectedLimitFromCrossing) - At r = 1065.000000:	delta(nll) = 1.35930

CascadeMinimizer.cc[188] : (in function: improveOnce) - Minimization configured with Type=Minuit2, Algo=Migrad, strategy=0, tolerance=0.1
CascadeMinimizer.cc[215] : (in function: improveOnce) - Minimization finished with status=0
CascadeMinimizer.cc[219] : (in function: improveOnce) - Minimization success! status=0
AsymptoticLimits.cc[552] : (in function: findExpectedLimitFromCrossing) - At r = 1066.000000:	delta(nll) = 1.37359

CascadeMinimizer.cc[188] : (in function: improveOnce) - Minimization configured with Type=Minuit2, Algo=Migrad, strategy=0, tolerance=0.1
CascadeMinimizer.cc[215] : (in function: improveOnce) - Minimization finished with status=0
CascadeMinimizer.cc[219] : (in function: improveOnce) - Minimization success! status=0
AsymptoticLimits.cc[552] : (in function: findExpectedLimitFromCrossing) - At r = 1067.000000:	delta(nll) = 1.38796

CascadeMinimizer.cc[188] : (in function: improveOnce) - Minimization configured with Type=Minuit2, Algo=Migrad, strategy=0, tolerance=0.1
CascadeMinimizer.cc[215] : (in function: improveOnce) - Minimization finished with status=0
CascadeMinimizer.cc[219] : (in function: improveOnce) - Minimization success! status=0
AsymptoticLimits.cc[552] : (in function: findExpectedLimitFromCrossing) - At r = 1068.000000:	delta(nll) = 1.40240

CascadeMinimizer.cc[188] : (in function: improveOnce) - Minimization configured with Type=Minuit2, Algo=Migrad, strategy=0, tolerance=0.1
CascadeMinimizer.cc[215] : (in function: improveOnce) - Minimization finished with status=0
CascadeMinimizer.cc[219] : (in function: improveOnce) - Minimization success! status=0
AsymptoticLimits.cc[552] : (in function: findExpectedLimitFromCrossing) - At r = 1069.000000:	delta(nll) = 1.41693

CascadeMinimizer.cc[188] : (in function: improveOnce) - Minimization configured with Type=Minuit2, Algo=Migrad, strategy=0, tolerance=0.1
CascadeMinimizer.cc[215] : (in function: improveOnce) - Minimization finished with status=0
CascadeMinimizer.cc[219] : (in function: improveOnce) - Minimization success! status=0
AsymptoticLimits.cc[552] : (in function: findExpectedLimitFromCrossing) - At r = 1070.000000:	delta(nll) = 1.43152

CascadeMinimizer.cc[188] : (in function: improveOnce) - Minimization configured with Type=Minuit2, Algo=Migrad, strategy=0, tolerance=0.1
CascadeMinimizer.cc[215] : (in function: improveOnce) - Minimization finished with status=0
CascadeMinimizer.cc[219] : (in function: improveOnce) - Minimization success! status=0
AsymptoticLimits.cc[552] : (in function: findExpectedLimitFromCrossing) - At r = 1071.000000:	delta(nll) = 1.44620

CascadeMinimizer.cc[188] : (in function: improveOnce) - Minimization configured with Type=Minuit2, Algo=Migrad, strategy=0, tolerance=0.1
CascadeMinimizer.cc[215] : (in function: improveOnce) - Minimization finished with status=0
CascadeMinimizer.cc[219] : (in function: improveOnce) - Minimization success! status=0
AsymptoticLimits.cc[552] : (in function: findExpectedLimitFromCrossing) - At r = 1072.000000:	delta(nll) = 1.46095

CascadeMinimizer.cc[188] : (in function: improveOnce) - Minimization configured with Type=Minuit2, Algo=Migrad, strategy=0, tolerance=0.1
CascadeMinimizer.cc[215] : (in function: improveOnce) - Minimization finished with status=0
CascadeMinimizer.cc[219] : (in function: improveOnce) - Minimization success! status=0
AsymptoticLimits.cc[552] : (in function: findExpectedLimitFromCrossing) - At r = 1073.000000:	delta(nll) = 1.47577

CascadeMinimizer.cc[188] : (in function: improveOnce) - Minimization configured with Type=Minuit2, Algo=Migrad, strategy=0, tolerance=0.1
CascadeMinimizer.cc[215] : (in function: improveOnce) - Minimization finished with status=0
CascadeMinimizer.cc[219] : (in function: improveOnce) - Minimization success! status=0
AsymptoticLimits.cc[552] : (in function: findExpectedLimitFromCrossing) - At r = 1074.000000:	delta(nll) = 1.49068

CascadeMinimizer.cc[188] : (in function: improveOnce) - Minimization configured with Type=Minuit2, Algo=Migrad, strategy=0, tolerance=0.1
CascadeMinimizer.cc[215] : (in function: improveOnce) - Minimization finished with status=0
CascadeMinimizer.cc[219] : (in function: improveOnce) - Minimization success! status=0
AsymptoticLimits.cc[552] : (in function: findExpectedLimitFromCrossing) - At r = 1075.000000:	delta(nll) = 1.50565

CascadeMinimizer.cc[188] : (in function: improveOnce) - Minimization configured with Type=Minuit2, Algo=Migrad, strategy=0, tolerance=0.1
CascadeMinimizer.cc[215] : (in function: improveOnce) - Minimization finished with status=0
CascadeMinimizer.cc[219] : (in function: improveOnce) - Minimization success! status=0
AsymptoticLimits.cc[552] : (in function: findExpectedLimitFromCrossing) - At r = 1076.000000:	delta(nll) = 1.52071

CascadeMinimizer.cc[188] : (in function: improveOnce) - Minimization configured with Type=Minuit2, Algo=Migrad, strategy=0, tolerance=0.1
CascadeMinimizer.cc[215] : (in function: improveOnce) - Minimization finished with status=0
CascadeMinimizer.cc[219] : (in function: improveOnce) - Minimization success! status=0
AsymptoticLimits.cc[552] : (in function: findExpectedLimitFromCrossing) - At r = 1077.000000:	delta(nll) = 1.53584

CascadeMinimizer.cc[188] : (in function: improveOnce) - Minimization configured with Type=Minuit2, Algo=Migrad, strategy=0, tolerance=0.1
CascadeMinimizer.cc[215] : (in function: improveOnce) - Minimization finished with status=0
CascadeMinimizer.cc[219] : (in function: improveOnce) - Minimization success! status=0
AsymptoticLimits.cc[552] : (in function: findExpectedLimitFromCrossing) - At r = 1078.000000:	delta(nll) = 1.55104

CascadeMinimizer.cc[188] : (in function: improveOnce) - Minimization configured with Type=Minuit2, Algo=Migrad, strategy=0, tolerance=0.1
CascadeMinimizer.cc[215] : (in function: improveOnce) - Minimization finished with status=0
CascadeMinimizer.cc[219] : (in function: improveOnce) - Minimization success! status=0
AsymptoticLimits.cc[552] : (in function: findExpectedLimitFromCrossing) - At r = 1079.000000:	delta(nll) = 1.56632

CascadeMinimizer.cc[188] : (in function: improveOnce) - Minimization configured with Type=Minuit2, Algo=Migrad, strategy=0, tolerance=0.1
CascadeMinimizer.cc[215] : (in function: improveOnce) - Minimization finished with status=0
CascadeMinimizer.cc[219] : (in function: improveOnce) - Minimization success! status=0
AsymptoticLimits.cc[552] : (in function: findExpectedLimitFromCrossing) - At r = 1080.000000:	delta(nll) = 1.58167

CascadeMinimizer.cc[188] : (in function: improveOnce) - Minimization configured with Type=Minuit2, Algo=Migrad, strategy=0, tolerance=0.1
CascadeMinimizer.cc[215] : (in function: improveOnce) - Minimization finished with status=0
CascadeMinimizer.cc[219] : (in function: improveOnce) - Minimization success! status=0
AsymptoticLimits.cc[552] : (in function: findExpectedLimitFromCrossing) - At r = 1081.000000:	delta(nll) = 1.59710

CascadeMinimizer.cc[188] : (in function: improveOnce) - Minimization configured with Type=Minuit2, Algo=Migrad, strategy=0, tolerance=0.1
CascadeMinimizer.cc[215] : (in function: improveOnce) - Minimization finished with status=0
CascadeMinimizer.cc[219] : (in function: improveOnce) - Minimization success! status=0
AsymptoticLimits.cc[552] : (in function: findExpectedLimitFromCrossing) - At r = 1082.000000:	delta(nll) = 1.61260

CascadeMinimizer.cc[188] : (in function: improveOnce) - Minimization configured with Type=Minuit2, Algo=Migrad, strategy=0, tolerance=0.1
CascadeMinimizer.cc[215] : (in function: improveOnce) - Minimization finished with status=0
CascadeMinimizer.cc[219] : (in function: improveOnce) - Minimization success! status=0
AsymptoticLimits.cc[552] : (in function: findExpectedLimitFromCrossing) - At r = 1083.000000:	delta(nll) = 1.62818

CascadeMinimizer.cc[188] : (in function: improveOnce) - Minimization configured with Type=Minuit2, Algo=Migrad, strategy=0, tolerance=0.1
CascadeMinimizer.cc[215] : (in function: improveOnce) - Minimization finished with status=0
CascadeMinimizer.cc[219] : (in function: improveOnce) - Minimization success! status=0
AsymptoticLimits.cc[552] : (in function: findExpectedLimitFromCrossing) - At r = 1084.000000:	delta(nll) = 1.64383

CascadeMinimizer.cc[188] : (in function: improveOnce) - Minimization configured with Type=Minuit2, Algo=Migrad, strategy=0, tolerance=0.1
CascadeMinimizer.cc[215] : (in function: improveOnce) - Minimization finished with status=0
CascadeMinimizer.cc[219] : (in function: improveOnce) - Minimization success! status=0
AsymptoticLimits.cc[552] : (in function: findExpectedLimitFromCrossing) - At r = 1085.000000:	delta(nll) = 1.65956

CascadeMinimizer.cc[188] : (in function: improveOnce) - Minimization configured with Type=Minuit2, Algo=Migrad, strategy=0, tolerance=0.1
CascadeMinimizer.cc[215] : (in function: improveOnce) - Minimization finished with status=0
CascadeMinimizer.cc[219] : (in function: improveOnce) - Minimization success! status=0
AsymptoticLimits.cc[552] : (in function: findExpectedLimitFromCrossing) - At r = 1086.000000:	delta(nll) = 1.67536

CascadeMinimizer.cc[188] : (in function: improveOnce) - Minimization configured with Type=Minuit2, Algo=Migrad, strategy=0, tolerance=0.1
CascadeMinimizer.cc[215] : (in function: improveOnce) - Minimization finished with status=0
CascadeMinimizer.cc[219] : (in function: improveOnce) - Minimization success! status=0
AsymptoticLimits.cc[552] : (in function: findExpectedLimitFromCrossing) - At r = 1087.000000:	delta(nll) = 1.69123

CascadeMinimizer.cc[188] : (in function: improveOnce) - Minimization configured with Type=Minuit2, Algo=Migrad, strategy=0, tolerance=0.1
CascadeMinimizer.cc[215] : (in function: improveOnce) - Minimization finished with status=0
CascadeMinimizer.cc[219] : (in function: improveOnce) - Minimization success! status=0
AsymptoticLimits.cc[552] : (in function: findExpectedLimitFromCrossing) - At r = 1088.000000:	delta(nll) = 1.70717

CascadeMinimizer.cc[188] : (in function: improveOnce) - Minimization configured with Type=Minuit2, Algo=Migrad, strategy=0, tolerance=0.1
CascadeMinimizer.cc[215] : (in function: improveOnce) - Minimization finished with status=0
CascadeMinimizer.cc[219] : (in function: improveOnce) - Minimization success! status=0
AsymptoticLimits.cc[552] : (in function: findExpectedLimitFromCrossing) - At r = 1089.000000:	delta(nll) = 1.72319

CascadeMinimizer.cc[188] : (in function: improveOnce) - Minimization configured with Type=Minuit2, Algo=Migrad, strategy=0, tolerance=0.1
CascadeMinimizer.cc[215] : (in function: improveOnce) - Minimization finished with status=0
CascadeMinimizer.cc[219] : (in function: improveOnce) - Minimization success! status=0
AsymptoticLimits.cc[552] : (in function: findExpectedLimitFromCrossing) - At r = 1090.000000:	delta(nll) = 1.73928

CascadeMinimizer.cc[188] : (in function: improveOnce) - Minimization configured with Type=Minuit2, Algo=Migrad, strategy=0, tolerance=0.1
CascadeMinimizer.cc[215] : (in function: improveOnce) - Minimization finished with status=0
CascadeMinimizer.cc[219] : (in function: improveOnce) - Minimization success! status=0
AsymptoticLimits.cc[552] : (in function: findExpectedLimitFromCrossing) - At r = 1091.000000:	delta(nll) = 1.75545

CascadeMinimizer.cc[188] : (in function: improveOnce) - Minimization configured with Type=Minuit2, Algo=Migrad, strategy=0, tolerance=0.1
CascadeMinimizer.cc[215] : (in function: improveOnce) - Minimization finished with status=0
CascadeMinimizer.cc[219] : (in function: improveOnce) - Minimization success! status=0
AsymptoticLimits.cc[552] : (in function: findExpectedLimitFromCrossing) - At r = 1092.000000:	delta(nll) = 1.77168

CascadeMinimizer.cc[188] : (in function: improveOnce) - Minimization configured with Type=Minuit2, Algo=Migrad, strategy=0, tolerance=0.1
CascadeMinimizer.cc[215] : (in function: improveOnce) - Minimization finished with status=0
CascadeMinimizer.cc[219] : (in function: improveOnce) - Minimization success! status=0
AsymptoticLimits.cc[552] : (in function: findExpectedLimitFromCrossing) - At r = 1093.000000:	delta(nll) = 1.78799

CascadeMinimizer.cc[188] : (in function: improveOnce) - Minimization configured with Type=Minuit2, Algo=Migrad, strategy=0, tolerance=0.1
CascadeMinimizer.cc[215] : (in function: improveOnce) - Minimization finished with status=0
CascadeMinimizer.cc[219] : (in function: improveOnce) - Minimization success! status=0
AsymptoticLimits.cc[552] : (in function: findExpectedLimitFromCrossing) - At r = 1094.000000:	delta(nll) = 1.80437

CascadeMinimizer.cc[188] : (in function: improveOnce) - Minimization configured with Type=Minuit2, Algo=Migrad, strategy=0, tolerance=0.1
CascadeMinimizer.cc[215] : (in function: improveOnce) - Minimization finished with status=0
CascadeMinimizer.cc[219] : (in function: improveOnce) - Minimization success! status=0
AsymptoticLimits.cc[552] : (in function: findExpectedLimitFromCrossing) - At r = 1095.000000:	delta(nll) = 1.82083

CascadeMinimizer.cc[188] : (in function: improveOnce) - Minimization configured with Type=Minuit2, Algo=Migrad, strategy=0, tolerance=0.1
CascadeMinimizer.cc[215] : (in function: improveOnce) - Minimization finished with status=0
CascadeMinimizer.cc[219] : (in function: improveOnce) - Minimization success! status=0
AsymptoticLimits.cc[552] : (in function: findExpectedLimitFromCrossing) - At r = 1096.000000:	delta(nll) = 1.83735

CascadeMinimizer.cc[188] : (in function: improveOnce) - Minimization configured with Type=Minuit2, Algo=Migrad, strategy=0, tolerance=0.1
CascadeMinimizer.cc[215] : (in function: improveOnce) - Minimization finished with status=0
CascadeMinimizer.cc[219] : (in function: improveOnce) - Minimization success! status=0
AsymptoticLimits.cc[552] : (in function: findExpectedLimitFromCrossing) - At r = 1097.000000:	delta(nll) = 1.85395

CascadeMinimizer.cc[188] : (in function: improveOnce) - Minimization configured with Type=Minuit2, Algo=Migrad, strategy=0, tolerance=0.1
CascadeMinimizer.cc[215] : (in function: improveOnce) - Minimization finished with status=0
CascadeMinimizer.cc[219] : (in function: improveOnce) - Minimization success! status=0
AsymptoticLimits.cc[552] : (in function: findExpectedLimitFromCrossing) - At r = 1098.000000:	delta(nll) = 1.87062

CascadeMinimizer.cc[188] : (in function: improveOnce) - Minimization configured with Type=Minuit2, Algo=Migrad, strategy=0, tolerance=0.1
CascadeMinimizer.cc[215] : (in function: improveOnce) - Minimization finished with status=0
CascadeMinimizer.cc[219] : (in function: improveOnce) - Minimization success! status=0
AsymptoticLimits.cc[552] : (in function: findExpectedLimitFromCrossing) - At r = 1099.000000:	delta(nll) = 1.88736

CascadeMinimizer.cc[188] : (in function: improveOnce) - Minimization configured with Type=Minuit2, Algo=Migrad, strategy=0, tolerance=0.1
CascadeMinimizer.cc[215] : (in function: improveOnce) - Minimization finished with status=0
CascadeMinimizer.cc[219] : (in function: improveOnce) - Minimization success! status=0
AsymptoticLimits.cc[552] : (in function: findExpectedLimitFromCrossing) - At r = 1100.000000:	delta(nll) = 1.90417

CascadeMinimizer.cc[188] : (in function: improveOnce) - Minimization configured with Type=Minuit2, Algo=Migrad, strategy=0, tolerance=0.1
CascadeMinimizer.cc[215] : (in function: improveOnce) - Minimization finished with status=0
CascadeMinimizer.cc[219] : (in function: improveOnce) - Minimization success! status=0
AsymptoticLimits.cc[552] : (in function: findExpectedLimitFromCrossing) - At r = 1100.500000:	delta(nll) = 1.91262

CascadeMinimizer.cc[188] : (in function: improveOnce) - Minimization configured with Type=Minuit2, Algo=Migrad, strategy=0, tolerance=0.1
CascadeMinimizer.cc[215] : (in function: improveOnce) - Minimization finished with status=0
CascadeMinimizer.cc[219] : (in function: improveOnce) - Minimization success! status=0
AsymptoticLimits.cc[552] : (in function: findExpectedLimitFromCrossing) - At r = 1100.750000:	delta(nll) = 1.91685

AsymptoticLimits.cc[428] : (in function: runLimitExpected) - Median for expected limits = 1100.75, Sigma for expected limits = 561.617
AsymptoticLimits.cc[515] : (in function: findExpectedLimitFromCrossing) - Will search for NLL crossing by bisection
CascadeMinimizer.cc[188] : (in function: improveOnce) - Minimization configured with Type=Minuit2, Algo=Migrad, strategy=0, tolerance=0.1
CascadeMinimizer.cc[215] : (in function: improveOnce) - Minimization finished with status=0
CascadeMinimizer.cc[219] : (in function: improveOnce) - Minimization success! status=0
AsymptoticLimits.cc[528] : (in function: findExpectedLimitFromCrossing) - At r = 550.375000:	delta(nll) = 0.60767

CascadeMinimizer.cc[188] : (in function: improveOnce) - Minimization configured with Type=Minuit2, Algo=Migrad, strategy=0, tolerance=0.1
CascadeMinimizer.cc[215] : (in function: improveOnce) - Minimization finished with status=0
CascadeMinimizer.cc[219] : (in function: improveOnce) - Minimization success! status=0
AsymptoticLimits.cc[528] : (in function: findExpectedLimitFromCrossing) - At r = 275.187500:	delta(nll) = 0.15190

CascadeMinimizer.cc[188] : (in function: improveOnce) - Minimization configured with Type=Minuit2, Algo=Migrad, strategy=0, tolerance=0.1
CascadeMinimizer.cc[215] : (in function: improveOnce) - Minimization finished with status=0
CascadeMinimizer.cc[219] : (in function: improveOnce) - Minimization success! status=0
AsymptoticLimits.cc[528] : (in function: findExpectedLimitFromCrossing) - At r = 412.781250:	delta(nll) = 0.34198

CascadeMinimizer.cc[188] : (in function: improveOnce) - Minimization configured with Type=Minuit2, Algo=Migrad, strategy=0, tolerance=0.1
CascadeMinimizer.cc[215] : (in function: improveOnce) - Minimization finished with status=0
CascadeMinimizer.cc[219] : (in function: improveOnce) - Minimization success! status=0
AsymptoticLimits.cc[528] : (in function: findExpectedLimitFromCrossing) - At r = 481.578125:	delta(nll) = 0.46543

CascadeMinimizer.cc[188] : (in function: improveOnce) - Minimization configured with Type=Minuit2, Algo=Migrad, strategy=0, tolerance=0.1
CascadeMinimizer.cc[215] : (in function: improveOnce) - Minimization finished with status=0
CascadeMinimizer.cc[219] : (in function: improveOnce) - Minimization success! status=0
AsymptoticLimits.cc[528] : (in function: findExpectedLimitFromCrossing) - At r = 515.976562:	delta(nll) = 0.53418

CascadeMinimizer.cc[188] : (in function: improveOnce) - Minimization configured with Type=Minuit2, Algo=Migrad, strategy=0, tolerance=0.1
CascadeMinimizer.cc[215] : (in function: improveOnce) - Minimization finished with status=0
CascadeMinimizer.cc[219] : (in function: improveOnce) - Minimization success! status=0
AsymptoticLimits.cc[528] : (in function: findExpectedLimitFromCrossing) - At r = 533.175781:	delta(nll) = 0.57034

AsymptoticLimits.cc[515] : (in function: findExpectedLimitFromCrossing) - Will search for NLL crossing by bisection
CascadeMinimizer.cc[188] : (in function: improveOnce) - Minimization configured with Type=Minuit2, Algo=Migrad, strategy=0, tolerance=0.1
CascadeMinimizer.cc[215] : (in function: improveOnce) - Minimization finished with status=0
CascadeMinimizer.cc[219] : (in function: improveOnce) - Minimization success! status=0
AsymptoticLimits.cc[528] : (in function: findExpectedLimitFromCrossing) - At r = 816.962891:	delta(nll) = 0.97062

CascadeMinimizer.cc[188] : (in function: improveOnce) - Minimization configured with Type=Minuit2, Algo=Migrad, strategy=0, tolerance=0.1
CascadeMinimizer.cc[215] : (in function: improveOnce) - Minimization finished with status=0
CascadeMinimizer.cc[219] : (in function: improveOnce) - Minimization success! status=0
AsymptoticLimits.cc[528] : (in function: findExpectedLimitFromCrossing) - At r = 958.856445:	delta(nll) = 0.58144

CascadeMinimizer.cc[188] : (in function: improveOnce) - Minimization configured with Type=Minuit2, Algo=Migrad, strategy=0, tolerance=0.1
CascadeMinimizer.cc[215] : (in function: improveOnce) - Minimization finished with status=0
CascadeMinimizer.cc[219] : (in function: improveOnce) - Minimization success! status=0
AsymptoticLimits.cc[528] : (in function: findExpectedLimitFromCrossing) - At r = 1029.803223:	delta(nll) = 1.11206

CascadeMinimizer.cc[188] : (in function: improveOnce) - Minimization configured with Type=Minuit2, Algo=Migrad, strategy=0, tolerance=0.1
CascadeMinimizer.cc[215] : (in function: improveOnce) - Minimization finished with status=0
CascadeMinimizer.cc[219] : (in function: improveOnce) - Minimization success! status=0
AsymptoticLimits.cc[528] : (in function: findExpectedLimitFromCrossing) - At r = 994.329834:	delta(nll) = 0.78836

CascadeMinimizer.cc[188] : (in function: improveOnce) - Minimization configured with Type=Minuit2, Algo=Migrad, strategy=0, tolerance=0.1
CascadeMinimizer.cc[215] : (in function: improveOnce) - Minimization finished with status=0
CascadeMinimizer.cc[219] : (in function: improveOnce) - Minimization success! status=0
AsymptoticLimits.cc[528] : (in function: findExpectedLimitFromCrossing) - At r = 1012.066528:	delta(nll) = 0.93596

CascadeMinimizer.cc[188] : (in function: improveOnce) - Minimization configured with Type=Minuit2, Algo=Migrad, strategy=0, tolerance=0.1
CascadeMinimizer.cc[215] : (in function: improveOnce) - Minimization finished with status=0
CascadeMinimizer.cc[219] : (in function: improveOnce) - Minimization success! status=0
AsymptoticLimits.cc[528] : (in function: findExpectedLimitFromCrossing) - At r = 1020.934875:	delta(nll) = 1.02052

CascadeMinimizer.cc[188] : (in function: improveOnce) - Minimization configured with Type=Minuit2, Algo=Migrad, strategy=0, tolerance=0.1
CascadeMinimizer.cc[215] : (in function: improveOnce) - Minimization finished with status=0
CascadeMinimizer.cc[219] : (in function: improveOnce) - Minimization success! status=0
AsymptoticLimits.cc[528] : (in function: findExpectedLimitFromCrossing) - At r = 1016.500702:	delta(nll) = 0.97734

CascadeMinimizer.cc[188] : (in function: improveOnce) - Minimization configured with Type=Minuit2, Algo=Migrad, strategy=0, tolerance=0.1
CascadeMinimizer.cc[215] : (in function: improveOnce) - Minimization finished with status=0
CascadeMinimizer.cc[219] : (in function: improveOnce) - Minimization success! status=0
AsymptoticLimits.cc[528] : (in function: findExpectedLimitFromCrossing) - At r = 1018.717789:	delta(nll) = 0.99871

AsymptoticLimits.cc[515] : (in function: findExpectedLimitFromCrossing) - Will search for NLL crossing by bisection
CascadeMinimizer.cc[188] : (in function: improveOnce) - Minimization configured with Type=Minuit2, Algo=Migrad, strategy=0, tolerance=0.1
CascadeMinimizer.cc[215] : (in function: improveOnce) - Minimization finished with status=0
CascadeMinimizer.cc[219] : (in function: improveOnce) - Minimization success! status=0
AsymptoticLimits.cc[528] : (in function: findExpectedLimitFromCrossing) - At r = 1662.367492:	delta(nll) = 27.98213

CascadeMinimizer.cc[188] : (in function: improveOnce) - Minimization configured with Type=Minuit2, Algo=Migrad, strategy=0, tolerance=0.1
CascadeMinimizer.cc[215] : (in function: improveOnce) - Minimization finished with status=0
CascadeMinimizer.cc[219] : (in function: improveOnce) - Minimization success! status=0
AsymptoticLimits.cc[528] : (in function: findExpectedLimitFromCrossing) - At r = 1381.558746:	delta(nll) = 9.56594

CascadeMinimizer.cc[188] : (in function: improveOnce) - Minimization configured with Type=Minuit2, Algo=Migrad, strategy=0, tolerance=0.1
CascadeMinimizer.cc[215] : (in function: improveOnce) - Minimization finished with status=-1
CascadeMinimizer.cc[220] : (in function: improveOnce) - Minimization ended with latest status != 0 or 1
AsymptoticLimits.cc[528] : (in function: findExpectedLimitFromCrossing) - At r = 1241.154373:	delta(nll) = 5.31916

CascadeMinimizer.cc[188] : (in function: improveOnce) - Minimization configured with Type=Minuit2, Algo=Migrad, strategy=0, tolerance=0.1
CascadeMinimizer.cc[215] : (in function: improveOnce) - Minimization finished with status=0
CascadeMinimizer.cc[219] : (in function: improveOnce) - Minimization success! status=0
AsymptoticLimits.cc[528] : (in function: findExpectedLimitFromCrossing) - At r = 1170.952186:	delta(nll) = 4.97292

CascadeMinimizer.cc[188] : (in function: improveOnce) - Minimization configured with Type=Minuit2, Algo=Migrad, strategy=0, tolerance=0.1
CascadeMinimizer.cc[215] : (in function: improveOnce) - Minimization finished with status=0
CascadeMinimizer.cc[219] : (in function: improveOnce) - Minimization success! status=0
AsymptoticLimits.cc[528] : (in function: findExpectedLimitFromCrossing) - At r = 1135.851093:	delta(nll) = 5.34815

CascadeMinimizer.cc[188] : (in function: improveOnce) - Minimization configured with Type=Minuit2, Algo=Migrad, strategy=0, tolerance=0.1
CascadeMinimizer.cc[215] : (in function: improveOnce) - Minimization finished with status=0
CascadeMinimizer.cc[219] : (in function: improveOnce) - Minimization success! status=0
AsymptoticLimits.cc[528] : (in function: findExpectedLimitFromCrossing) - At r = 1118.300547:	delta(nll) = 5.68684

CascadeMinimizer.cc[188] : (in function: improveOnce) - Minimization configured with Type=Minuit2, Algo=Migrad, strategy=0, tolerance=0.1
CascadeMinimizer.cc[215] : (in function: improveOnce) - Minimization finished with status=0
CascadeMinimizer.cc[219] : (in function: improveOnce) - Minimization success! status=0
AsymptoticLimits.cc[528] : (in function: findExpectedLimitFromCrossing) - At r = 1109.525273:	delta(nll) = 5.89600

CascadeMinimizer.cc[188] : (in function: improveOnce) - Minimization configured with Type=Minuit2, Algo=Migrad, strategy=0, tolerance=0.1
CascadeMinimizer.cc[215] : (in function: improveOnce) - Minimization finished with status=0
CascadeMinimizer.cc[219] : (in function: improveOnce) - Minimization success! status=0
AsymptoticLimits.cc[528] : (in function: findExpectedLimitFromCrossing) - At r = 1105.137637:	delta(nll) = 6.01081

CascadeMinimizer.cc[188] : (in function: improveOnce) - Minimization configured with Type=Minuit2, Algo=Migrad, strategy=0, tolerance=0.1
CascadeMinimizer.cc[215] : (in function: improveOnce) - Minimization finished with status=0
CascadeMinimizer.cc[219] : (in function: improveOnce) - Minimization success! status=0
AsymptoticLimits.cc[528] : (in function: findExpectedLimitFromCrossing) - At r = 1102.943818:	delta(nll) = 6.07080

CascadeMinimizer.cc[188] : (in function: improveOnce) - Minimization configured with Type=Minuit2, Algo=Migrad, strategy=0, tolerance=0.1
CascadeMinimizer.cc[215] : (in function: improveOnce) - Minimization finished with status=0
CascadeMinimizer.cc[219] : (in function: improveOnce) - Minimization success! status=0
AsymptoticLimits.cc[528] : (in function: findExpectedLimitFromCrossing) - At r = 1101.846909:	delta(nll) = 6.10146

CascadeMinimizer.cc[188] : (in function: improveOnce) - Minimization configured with Type=Minuit2, Algo=Migrad, strategy=0, tolerance=0.1
CascadeMinimizer.cc[215] : (in function: improveOnce) - Minimization finished with status=0
CascadeMinimizer.cc[219] : (in function: improveOnce) - Minimization success! status=0
AsymptoticLimits.cc[528] : (in function: findExpectedLimitFromCrossing) - At r = 1101.298455:	delta(nll) = 6.11695

CascadeMinimizer.cc[188] : (in function: improveOnce) - Minimization configured with Type=Minuit2, Algo=Migrad, strategy=0, tolerance=0.1
CascadeMinimizer.cc[215] : (in function: improveOnce) - Minimization finished with status=0
CascadeMinimizer.cc[219] : (in function: improveOnce) - Minimization success! status=0
AsymptoticLimits.cc[528] : (in function: findExpectedLimitFromCrossing) - At r = 1101.024227:	delta(nll) = 6.12473

CascadeMinimizer.cc[188] : (in function: improveOnce) - Minimization configured with Type=Minuit2, Algo=Migrad, strategy=0, tolerance=0.1
CascadeMinimizer.cc[215] : (in function: improveOnce) - Minimization finished with status=0
CascadeMinimizer.cc[219] : (in function: improveOnce) - Minimization success! status=0
AsymptoticLimits.cc[528] : (in function: findExpectedLimitFromCrossing) - At r = 1100.887114:	delta(nll) = 6.12863

CascadeMinimizer.cc[188] : (in function: improveOnce) - Minimization configured with Type=Minuit2, Algo=Migrad, strategy=0, tolerance=0.1
CascadeMinimizer.cc[215] : (in function: improveOnce) - Minimization finished with status=0
CascadeMinimizer.cc[219] : (in function: improveOnce) - Minimization success! status=0
AsymptoticLimits.cc[528] : (in function: findExpectedLimitFromCrossing) - At r = 1100.818557:	delta(nll) = 6.13059

CascadeMinimizer.cc[188] : (in function: improveOnce) - Minimization configured with Type=Minuit2, Algo=Migrad, strategy=0, tolerance=0.1
CascadeMinimizer.cc[215] : (in function: improveOnce) - Minimization finished with status=0
CascadeMinimizer.cc[219] : (in function: improveOnce) - Minimization success! status=0
AsymptoticLimits.cc[528] : (in function: findExpectedLimitFromCrossing) - At r = 1100.784278:	delta(nll) = 6.13156

CascadeMinimizer.cc[188] : (in function: improveOnce) - Minimization configured with Type=Minuit2, Algo=Migrad, strategy=0, tolerance=0.1
CascadeMinimizer.cc[215] : (in function: improveOnce) - Minimization finished with status=0
CascadeMinimizer.cc[219] : (in function: improveOnce) - Minimization success! status=0
AsymptoticLimits.cc[528] : (in function: findExpectedLimitFromCrossing) - At r = 1100.767139:	delta(nll) = 6.13205

CascadeMinimizer.cc[188] : (in function: improveOnce) - Minimization configured with Type=Minuit2, Algo=Migrad, strategy=0, tolerance=0.1
CascadeMinimizer.cc[215] : (in function: improveOnce) - Minimization finished with status=0
CascadeMinimizer.cc[219] : (in function: improveOnce) - Minimization success! status=0
AsymptoticLimits.cc[528] : (in function: findExpectedLimitFromCrossing) - At r = 1100.758570:	delta(nll) = 6.13230

AsymptoticLimits.cc[515] : (in function: findExpectedLimitFromCrossing) - Will search for NLL crossing by bisection
CascadeMinimizer.cc[188] : (in function: improveOnce) - Minimization configured with Type=Minuit2, Algo=Migrad, strategy=0, tolerance=0.1
CascadeMinimizer.cc[215] : (in function: improveOnce) - Minimization finished with status=0
CascadeMinimizer.cc[219] : (in function: improveOnce) - Minimization success! status=0
AsymptoticLimits.cc[528] : (in function: findExpectedLimitFromCrossing) - At r = 2223.987120:	delta(nll) = 758.92443

CascadeMinimizer.cc[188] : (in function: improveOnce) - Minimization configured with Type=Minuit2, Algo=Migrad, strategy=0, tolerance=0.1
CascadeMinimizer.cc[215] : (in function: improveOnce) - Minimization finished with status=0
CascadeMinimizer.cc[219] : (in function: improveOnce) - Minimization success! status=0
AsymptoticLimits.cc[528] : (in function: findExpectedLimitFromCrossing) - At r = 1662.370696:	delta(nll) = 27.98240

CascadeMinimizer.cc[188] : (in function: improveOnce) - Minimization configured with Type=Minuit2, Algo=Migrad, strategy=0, tolerance=0.1
CascadeMinimizer.cc[215] : (in function: improveOnce) - Minimization finished with status=0
CascadeMinimizer.cc[219] : (in function: improveOnce) - Minimization success! status=0
AsymptoticLimits.cc[528] : (in function: findExpectedLimitFromCrossing) - At r = 1381.562484:	delta(nll) = 9.56610

CascadeMinimizer.cc[188] : (in function: improveOnce) - Minimization configured with Type=Minuit2, Algo=Migrad, strategy=0, tolerance=0.1
CascadeMinimizer.cc[215] : (in function: improveOnce) - Minimization finished with status=0
CascadeMinimizer.cc[219] : (in function: improveOnce) - Minimization success! status=0
AsymptoticLimits.cc[528] : (in function: findExpectedLimitFromCrossing) - At r = 1241.158378:	delta(nll) = 5.31212

CascadeMinimizer.cc[188] : (in function: improveOnce) - Minimization configured with Type=Minuit2, Algo=Migrad, strategy=0, tolerance=0.1
CascadeMinimizer.cc[215] : (in function: improveOnce) - Minimization finished with status=0
CascadeMinimizer.cc[219] : (in function: improveOnce) - Minimization success! status=0
AsymptoticLimits.cc[528] : (in function: findExpectedLimitFromCrossing) - At r = 1311.360431:	delta(nll) = 6.90852

CascadeMinimizer.cc[188] : (in function: improveOnce) - Minimization configured with Type=Minuit2, Algo=Migrad, strategy=0, tolerance=0.1
CascadeMinimizer.cc[215] : (in function: improveOnce) - Minimization finished with status=0
CascadeMinimizer.cc[219] : (in function: improveOnce) - Minimization success! status=0
AsymptoticLimits.cc[528] : (in function: findExpectedLimitFromCrossing) - At r = 1276.259405:	delta(nll) = 5.96635

CascadeMinimizer.cc[188] : (in function: improveOnce) - Minimization configured with Type=Minuit2, Algo=Migrad, strategy=0, tolerance=0.1
CascadeMinimizer.cc[215] : (in function: improveOnce) - Minimization finished with status=0
CascadeMinimizer.cc[219] : (in function: improveOnce) - Minimization success! status=0
AsymptoticLimits.cc[528] : (in function: findExpectedLimitFromCrossing) - At r = 1293.809918:	delta(nll) = 6.40295

CascadeMinimizer.cc[188] : (in function: improveOnce) - Minimization configured with Type=Minuit2, Algo=Migrad, strategy=0, tolerance=0.1
CascadeMinimizer.cc[215] : (in function: improveOnce) - Minimization finished with status=0
CascadeMinimizer.cc[219] : (in function: improveOnce) - Minimization success! status=0
AsymptoticLimits.cc[528] : (in function: findExpectedLimitFromCrossing) - At r = 1302.585175:	delta(nll) = 6.64729

CascadeMinimizer.cc[188] : (in function: improveOnce) - Minimization configured with Type=Minuit2, Algo=Migrad, strategy=0, tolerance=0.1
CascadeMinimizer.cc[215] : (in function: improveOnce) - Minimization finished with status=0
CascadeMinimizer.cc[219] : (in function: improveOnce) - Minimization success! status=0
AsymptoticLimits.cc[528] : (in function: findExpectedLimitFromCrossing) - At r = 1298.197546:	delta(nll) = 6.52301

CascadeMinimizer.cc[188] : (in function: improveOnce) - Minimization configured with Type=Minuit2, Algo=Migrad, strategy=0, tolerance=0.1
CascadeMinimizer.cc[215] : (in function: improveOnce) - Minimization finished with status=0
CascadeMinimizer.cc[219] : (in function: improveOnce) - Minimization success! status=0
AsymptoticLimits.cc[528] : (in function: findExpectedLimitFromCrossing) - At r = 1300.391361:	delta(nll) = 6.58462

CascadeMinimizer.cc[188] : (in function: improveOnce) - Minimization configured with Type=Minuit2, Algo=Migrad, strategy=0, tolerance=0.1
CascadeMinimizer.cc[215] : (in function: improveOnce) - Minimization finished with status=0
CascadeMinimizer.cc[219] : (in function: improveOnce) - Minimization success! status=0
AsymptoticLimits.cc[528] : (in function: findExpectedLimitFromCrossing) - At r = 1299.294454:	delta(nll) = 6.55367

CascadeMinimizer.cc[188] : (in function: improveOnce) - Minimization configured with Type=Minuit2, Algo=Migrad, strategy=0, tolerance=0.1
CascadeMinimizer.cc[215] : (in function: improveOnce) - Minimization finished with status=0
CascadeMinimizer.cc[219] : (in function: improveOnce) - Minimization success! status=0
AsymptoticLimits.cc[528] : (in function: findExpectedLimitFromCrossing) - At r = 1298.746000:	delta(nll) = 6.53829

