 <<< Combine >>> 
 <<< v10.0.1 >>>
>>> Random number generator seed is 123456
>>> Method used is FitDiagnostics
Set Default Value of Parameter r To : 1
>>> 0 out of 6 channels masked

>> Found 10 floating parameters
>> The following parameters are protected in the event of negative eigenvalues:
>> Verifying eigenvalues are all positive (iteration 0)
Eigenvalue 8 : -0.260235
 - -0.669135	Backgroundrpf_2x0_par0
 - -0.648165	Backgroundrpf_2x0_par3
 - 0.292077	Backgroundrpf_2x0_par2
 - 0.208967	Backgroundrpf_2x0_par1
 - -0.0538666	Backgroundfail_HIGH_bin_2-1
Eigenvalue 9 : -3.38229
 - -0.709785	Backgroundrpf_2x0_par1
 - 0.701486	Backgroundrpf_2x0_par2
 - 0.0479773	Backgroundrpf_2x0_par0
 - 0.0391273	Backgroundrpf_2x0_par3
 - -0.0167904	Backgroundfail_HIGH_bin_2-1
>> Attempt 0 failed, remove the variable with largest eigenvector component...
>> Dropping Backgroundrpf_2x0_par1 from the hessian
>> Verifying eigenvalues are all positive (iteration 1)
Eigenvalue 8 : -0.670162
 - -0.698495	Backgroundrpf_2x0_par2
 - 0.505582	Backgroundrpf_2x0_par3
 - 0.501481	Backgroundrpf_2x0_par0
 - 0.0685075	Backgroundfail_HIGH_bin_2-1
 - 0.0148234	Backgroundfail_LOW_bin_1-1
>> Attempt 1 failed, remove the variable with largest eigenvector component...
>> Dropping Backgroundrpf_2x0_par2 from the hessian
>> Verifying eigenvalues are all positive (iteration 2)
>> All eigenvalues are positive
>> Inverting Hessian...
>> Matrix inverted
>> Note: the following parameters were dropped to make the covariance matrix pos-def:
     - Backgroundrpf_2x0_par1
     - Backgroundrpf_2x0_par2
 Fit B-only, status = 0, numBadNLL = 0, covariance quality = -1
Running Minos for POI r
>> Found 11 floating parameters
>> The following parameters are protected in the event of negative eigenvalues: r
[#0] ERROR:Eval -- RooAbsReal::logEvalError() evaluation error, 
 origin       : RooAbsReal::[ params=(lumi,lumi_In,Backgroundfail_LOW_bin_1-1,Backgroundfail_LOW_bin_2-1,Backgroundrpf_2x0_par0,Backgroundrpf_2x0_par1,Backgroundrpf_2x0_par2,Backgroundrpf_2x0_par3,n_exp_binpass_LOW_proc_Background_2x0,r,Backgroundfail_SIG_bin_1-1,n_exp_binpass_SIG_proc_Background_2x0,Backgroundfail_HIGH_bin_1-1,Backgroundfail_HIGH_bin_2-1,n_exp_binpass_HIGH_proc_Background_2x0,n_exp_binfail_LOW_proc_Background,n_exp_binfail_SIG_proc_Background,n_exp_binfail_HIGH_proc_Background) catParams=() ]
 message      : function value is NAN
 server values: params=(lumi = -inf +/- 0,lumi_In = 0,Backgroundfail_LOW_bin_1-1 = 26605.6 +/- 0,Backgroundfail_LOW_bin_2-1 = 158.843 +/- 0,Backgroundrpf_2x0_par0 = 0.128968 +/- 0,Backgroundrpf_2x0_par1 = -12.7415 +/- 0,Backgroundrpf_2x0_par2 = -997.155 +/- 0,Backgroundrpf_2x0_par3 = 0.126304 +/- 0,n_exp_binpass_LOW_proc_Background_2x0 = 1,r = 2.38807 +/- 0,Backgroundfail_SIG_bin_1-1 = 35.7159 +/- 0,n_exp_binpass_SIG_proc_Background_2x0 = 1,Backgroundfail_HIGH_bin_1-1 = 6.21111 +/- 0,Backgroundfail_HIGH_bin_2-1 = 1.59431 +/- 0,n_exp_binpass_HIGH_proc_Background_2x0 = 1,n_exp_binfail_LOW_proc_Background = 1,n_exp_binfail_SIG_proc_Background = 1,n_exp_binfail_HIGH_proc_Background = 1), catParams=()
WARNING: underflow to inf in pdf_binpass_LOW_obsOnly for bin 0, weight 43.6954
[#0] ERROR:Eval -- RooAbsReal::logEvalError(pass_LOW) evaluation error, 
 origin       : RooAbsReal::pass_LOW[ params=(Backgroundfail_LOW_bin_1-1,Backgroundfail_LOW_bin_2-1,Backgroundrpf_2x0_par0,Backgroundrpf_2x0_par1,Backgroundrpf_2x0_par2,Backgroundrpf_2x0_par3,lumi,n_exp_binpass_LOW_proc_Background_2x0,r) catParams=() ]
 message      : Number of events is negative or error
 server values: params=(Backgroundfail_LOW_bin_1-1 = 26605.6 +/- 0,Backgroundfail_LOW_bin_2-1 = 158.843 +/- 0,Backgroundrpf_2x0_par0 = 0.128968 +/- 0,Backgroundrpf_2x0_par1 = -12.7415 +/- 0,Backgroundrpf_2x0_par2 = -997.155 +/- 0,Backgroundrpf_2x0_par3 = 0.126304 +/- 0,lumi = inf +/- 0,n_exp_binpass_LOW_proc_Background_2x0 = 1,r = 2.38807 +/- 0), catParams=()
FASTEXIT from pdf_binpass_LOW_obsOnly
WARNING: underflow to inf in pdf_binpass_SIG_obsOnly for bin 0, weight 0.172936
[#0] ERROR:Eval -- RooAbsReal::logEvalError(pass_SIG) evaluation error, 
 origin       : RooAbsReal::pass_SIG[ params=(Backgroundfail_SIG_bin_1-1,Backgroundrpf_2x0_par0,Backgroundrpf_2x0_par1,Backgroundrpf_2x0_par2,Backgroundrpf_2x0_par3,lumi,n_exp_binpass_SIG_proc_Background_2x0,r) catParams=() ]
 message      : Number of events is negative or error
 server values: params=(Backgroundfail_SIG_bin_1-1 = 35.7159 +/- 0,Backgroundrpf_2x0_par0 = 0.128968 +/- 0,Backgroundrpf_2x0_par1 = -12.7415 +/- 0,Backgroundrpf_2x0_par2 = -997.155 +/- 0,Backgroundrpf_2x0_par3 = 0.126304 +/- 0,lumi = inf +/- 0,n_exp_binpass_SIG_proc_Background_2x0 = 1,r = 2.38807 +/- 0), catParams=()
FASTEXIT from pdf_binpass_SIG_obsOnly
WARNING: underflow to inf in pdf_binpass_HIGH_obsOnly for bin 0, weight 0.0147251
[#0] ERROR:Eval -- RooAbsReal::logEvalError(pass_HIGH) evaluation error, 
 origin       : RooAbsReal::pass_HIGH[ params=(Backgroundfail_HIGH_bin_1-1,Backgroundfail_HIGH_bin_2-1,Backgroundrpf_2x0_par0,Backgroundrpf_2x0_par1,Backgroundrpf_2x0_par2,Backgroundrpf_2x0_par3,lumi,n_exp_binpass_HIGH_proc_Background_2x0,r) catParams=() ]
 message      : Number of events is negative or error
 server values: params=(Backgroundfail_HIGH_bin_1-1 = 6.21111 +/- 0,Backgroundfail_HIGH_bin_2-1 = 1.59431 +/- 0,Backgroundrpf_2x0_par0 = 0.128968 +/- 0,Backgroundrpf_2x0_par1 = -12.7415 +/- 0,Backgroundrpf_2x0_par2 = -997.155 +/- 0,Backgroundrpf_2x0_par3 = 0.126304 +/- 0,lumi = inf +/- 0,n_exp_binpass_HIGH_proc_Background_2x0 = 1,r = 2.38807 +/- 0), catParams=()
FASTEXIT from pdf_binpass_HIGH_obsOnly
WARNING: underflow to inf in pdf_binfail_LOW_obsOnly for bin 0, weight 26606
[#0] ERROR:Eval -- RooAbsReal::logEvalError(fail_LOW) evaluation error, 
 origin       : RooAbsReal::fail_LOW[ params=(Backgroundfail_LOW_bin_1-1,Backgroundfail_LOW_bin_2-1,lumi,n_exp_binfail_LOW_proc_Background,r) catParams=() ]
 message      : Number of events is negative or error
 server values: params=(Backgroundfail_LOW_bin_1-1 = 26605.6 +/- 0,Backgroundfail_LOW_bin_2-1 = 158.843 +/- 0,lumi = inf +/- 0,n_exp_binfail_LOW_proc_Background = 1,r = 2.38807 +/- 0), catParams=()
FASTEXIT from pdf_binfail_LOW_obsOnly
WARNING: underflow to inf in pdf_binfail_SIG_obsOnly for bin 0, weight 37.0297
[#0] ERROR:Eval -- RooAbsReal::logEvalError(fail_SIG) evaluation error, 
 origin       : RooAbsReal::fail_SIG[ params=(Backgroundfail_SIG_bin_1-1,lumi,n_exp_binfail_SIG_proc_Background,r) catParams=() ]
 message      : Number of events is negative or error
 server values: params=(Backgroundfail_SIG_bin_1-1 = 35.7159 +/- 0,lumi = inf +/- 0,n_exp_binfail_SIG_proc_Background = 1,r = 2.38807 +/- 0), catParams=()
FASTEXIT from pdf_binfail_SIG_obsOnly
WARNING: underflow to inf in pdf_binfail_HIGH_obsOnly for bin 0, weight 6.84588
[#0] ERROR:Eval -- RooAbsReal::logEvalError(fail_HIGH) evaluation error, 
 origin       : RooAbsReal::fail_HIGH[ params=(Backgroundfail_HIGH_bin_1-1,Backgroundfail_HIGH_bin_2-1,lumi,n_exp_binfail_HIGH_proc_Background,r) catParams=() ]
 message      : Number of events is negative or error
 server values: params=(Backgroundfail_HIGH_bin_1-1 = 6.21111 +/- 0,Backgroundfail_HIGH_bin_2-1 = 1.59431 +/- 0,lumi = inf +/- 0,n_exp_binfail_HIGH_proc_Background = 1,r = 2.38807 +/- 0), catParams=()
FASTEXIT from pdf_binfail_HIGH_obsOnly
[#0] ERROR:Eval -- RooAbsReal::logEvalError() evaluation error, 
 origin       : RooAbsReal::[ params=(lumi,lumi_In,Backgroundfail_LOW_bin_1-1,Backgroundfail_LOW_bin_2-1,Backgroundrpf_2x0_par0,Backgroundrpf_2x0_par1,Backgroundrpf_2x0_par2,Backgroundrpf_2x0_par3,n_exp_binpass_LOW_proc_Background_2x0,r,Backgroundfail_SIG_bin_1-1,n_exp_binpass_SIG_proc_Background_2x0,Backgroundfail_HIGH_bin_1-1,Backgroundfail_HIGH_bin_2-1,n_exp_binpass_HIGH_proc_Background_2x0,n_exp_binfail_LOW_proc_Background,n_exp_binfail_SIG_proc_Background,n_exp_binfail_HIGH_proc_Background) catParams=() ]
 message      : function value is NAN
 server values: params=(lumi = inf +/- 0,lumi_In = 0,Backgroundfail_LOW_bin_1-1 = 26605.6 +/- 0,Backgroundfail_LOW_bin_2-1 = 158.843 +/- 0,Backgroundrpf_2x0_par0 = 0.128968 +/- 0,Backgroundrpf_2x0_par1 = -12.7415 +/- 0,Backgroundrpf_2x0_par2 = -997.155 +/- 0,Backgroundrpf_2x0_par3 = 0.126304 +/- 0,n_exp_binpass_LOW_proc_Background_2x0 = 1,r = 2.38807 +/- 0,Backgroundfail_SIG_bin_1-1 = 35.7159 +/- 0,n_exp_binpass_SIG_proc_Background_2x0 = 1,Backgroundfail_HIGH_bin_1-1 = 6.21111 +/- 0,Backgroundfail_HIGH_bin_2-1 = 1.59431 +/- 0,n_exp_binpass_HIGH_proc_Background_2x0 = 1,n_exp_binfail_LOW_proc_Background = 1,n_exp_binfail_SIG_proc_Background = 1,n_exp_binfail_HIGH_proc_Background = 1), catParams=()
>> Parameter Backgroundrpf_2x0_par2 does not have a valid stencil and will be dropped
[#0] ERROR:Eval -- RooAbsReal::logEvalError(n_exp_binpass_LOW_proc_Signal_M1000MeV_SR) evaluation error, 
 origin       : ProcessNormalization::n_exp_binpass_LOW_proc_Signal_M1000MeV_SR[ thetaList=(lumi) asymmThetaList=() otherFactorList=(r) ]
 message      : function value is NAN
 server values: thetaList=(lumi = -nan +/- 0), asymmThetaList=(), otherFactorList=(r = 2.38807 +/- 0)
WARNING: underflow to -nan in pdf_binpass_LOW_obsOnly for bin 0, weight 43.6954
[#0] ERROR:Eval -- RooAbsReal::logEvalError(pass_LOW) evaluation error, 
 origin       : RooAbsReal::pass_LOW[ params=(Backgroundfail_LOW_bin_1-1,Backgroundfail_LOW_bin_2-1,Backgroundrpf_2x0_par0,Backgroundrpf_2x0_par1,Backgroundrpf_2x0_par2,Backgroundrpf_2x0_par3,lumi,n_exp_binpass_LOW_proc_Background_2x0,r) catParams=() ]
 message      : Number of events is negative or error
 server values: params=(Backgroundfail_LOW_bin_1-1 = 26605.6 +/- 0,Backgroundfail_LOW_bin_2-1 = 158.843 +/- 0,Backgroundrpf_2x0_par0 = 0.128968 +/- 0,Backgroundrpf_2x0_par1 = -12.7415 +/- 0,Backgroundrpf_2x0_par2 = -997.155 +/- 0,Backgroundrpf_2x0_par3 = 0.126304 +/- 0,lumi = -nan +/- 0,n_exp_binpass_LOW_proc_Background_2x0 = 1,r = 2.38807 +/- 0), catParams=()
FASTEXIT from pdf_binpass_LOW_obsOnly
[#0] ERROR:Eval -- RooAbsReal::logEvalError(n_exp_binpass_SIG_proc_Signal_M1000MeV_SR) evaluation error, 
 origin       : ProcessNormalization::n_exp_binpass_SIG_proc_Signal_M1000MeV_SR[ thetaList=(lumi) asymmThetaList=() otherFactorList=(r) ]
 message      : function value is NAN
 server values: thetaList=(lumi = -nan +/- 0), asymmThetaList=(), otherFactorList=(r = 2.38807 +/- 0)
WARNING: underflow to -nan in pdf_binpass_SIG_obsOnly for bin 0, weight 0.172936
[#0] ERROR:Eval -- RooAbsReal::logEvalError(pass_SIG) evaluation error, 
 origin       : RooAbsReal::pass_SIG[ params=(Backgroundfail_SIG_bin_1-1,Backgroundrpf_2x0_par0,Backgroundrpf_2x0_par1,Backgroundrpf_2x0_par2,Backgroundrpf_2x0_par3,lumi,n_exp_binpass_SIG_proc_Background_2x0,r) catParams=() ]
 message      : Number of events is negative or error
 server values: params=(Backgroundfail_SIG_bin_1-1 = 35.7159 +/- 0,Backgroundrpf_2x0_par0 = 0.128968 +/- 0,Backgroundrpf_2x0_par1 = -12.7415 +/- 0,Backgroundrpf_2x0_par2 = -997.155 +/- 0,Backgroundrpf_2x0_par3 = 0.126304 +/- 0,lumi = -nan +/- 0,n_exp_binpass_SIG_proc_Background_2x0 = 1,r = 2.38807 +/- 0), catParams=()
FASTEXIT from pdf_binpass_SIG_obsOnly
[#0] ERROR:Eval -- RooAbsReal::logEvalError(n_exp_binpass_HIGH_proc_Signal_M1000MeV_SR) evaluation error, 
 origin       : ProcessNormalization::n_exp_binpass_HIGH_proc_Signal_M1000MeV_SR[ thetaList=(lumi) asymmThetaList=() otherFactorList=(r) ]
 message      : function value is NAN
 server values: thetaList=(lumi = -nan +/- 0), asymmThetaList=(), otherFactorList=(r = 2.38807 +/- 0)
WARNING: underflow to -nan in pdf_binpass_HIGH_obsOnly for bin 0, weight 0.0147251
[#0] ERROR:Eval -- RooAbsReal::logEvalError(pass_HIGH) evaluation error, 
 origin       : RooAbsReal::pass_HIGH[ params=(Backgroundfail_HIGH_bin_1-1,Backgroundfail_HIGH_bin_2-1,Backgroundrpf_2x0_par0,Backgroundrpf_2x0_par1,Backgroundrpf_2x0_par2,Backgroundrpf_2x0_par3,lumi,n_exp_binpass_HIGH_proc_Background_2x0,r) catParams=() ]
 message      : Number of events is negative or error
 server values: params=(Backgroundfail_HIGH_bin_1-1 = 6.21111 +/- 0,Backgroundfail_HIGH_bin_2-1 = 1.59431 +/- 0,Backgroundrpf_2x0_par0 = 0.128968 +/- 0,Backgroundrpf_2x0_par1 = -12.7415 +/- 0,Backgroundrpf_2x0_par2 = -997.155 +/- 0,Backgroundrpf_2x0_par3 = 0.126304 +/- 0,lumi = -nan +/- 0,n_exp_binpass_HIGH_proc_Background_2x0 = 1,r = 2.38807 +/- 0), catParams=()
FASTEXIT from pdf_binpass_HIGH_obsOnly
[#0] ERROR:Eval -- RooAbsReal::logEvalError(n_exp_binfail_LOW_proc_Signal_M1000MeV_SR) evaluation error, 
 origin       : ProcessNormalization::n_exp_binfail_LOW_proc_Signal_M1000MeV_SR[ thetaList=(lumi) asymmThetaList=() otherFactorList=(r) ]
 message      : function value is NAN
 server values: thetaList=(lumi = -nan +/- 0), asymmThetaList=(), otherFactorList=(r = 2.38807 +/- 0)
WARNING: underflow to -nan in pdf_binfail_LOW_obsOnly for bin 0, weight 26606
[#0] ERROR:Eval -- RooAbsReal::logEvalError(fail_LOW) evaluation error, 
 origin       : RooAbsReal::fail_LOW[ params=(Backgroundfail_LOW_bin_1-1,Backgroundfail_LOW_bin_2-1,lumi,n_exp_binfail_LOW_proc_Background,r) catParams=() ]
 message      : Number of events is negative or error
 server values: params=(Backgroundfail_LOW_bin_1-1 = 26605.6 +/- 0,Backgroundfail_LOW_bin_2-1 = 158.843 +/- 0,lumi = -nan +/- 0,n_exp_binfail_LOW_proc_Background = 1,r = 2.38807 +/- 0), catParams=()
FASTEXIT from pdf_binfail_LOW_obsOnly
[#0] ERROR:Eval -- RooAbsReal::logEvalError(n_exp_binfail_SIG_proc_Signal_M1000MeV_SR) evaluation error, 
 origin       : ProcessNormalization::n_exp_binfail_SIG_proc_Signal_M1000MeV_SR[ thetaList=(lumi) asymmThetaList=() otherFactorList=(r) ]
 message      : function value is NAN
 server values: thetaList=(lumi = -nan +/- 0), asymmThetaList=(), otherFactorList=(r = 2.38807 +/- 0)
WARNING: underflow to -nan in pdf_binfail_SIG_obsOnly for bin 0, weight 37.0297
[#0] ERROR:Eval -- RooAbsReal::logEvalError(fail_SIG) evaluation error, 
 origin       : RooAbsReal::fail_SIG[ params=(Backgroundfail_SIG_bin_1-1,lumi,n_exp_binfail_SIG_proc_Background,r) catParams=() ]
 message      : Number of events is negative or error
 server values: params=(Backgroundfail_SIG_bin_1-1 = 35.7159 +/- 0,lumi = -nan +/- 0,n_exp_binfail_SIG_proc_Background = 1,r = 2.38807 +/- 0), catParams=()
FASTEXIT from pdf_binfail_SIG_obsOnly
[#0] ERROR:Eval -- RooAbsReal::logEvalError(n_exp_binfail_HIGH_proc_Signal_M1000MeV_SR) evaluation error, 
 origin       : ProcessNormalization::n_exp_binfail_HIGH_proc_Signal_M1000MeV_SR[ thetaList=(lumi) asymmThetaList=() otherFactorList=(r) ]
 message      : function value is NAN
 server values: thetaList=(lumi = -nan +/- 0), asymmThetaList=(), otherFactorList=(r = 2.38807 +/- 0)
WARNING: underflow to -nan in pdf_binfail_HIGH_obsOnly for bin 0, weight 6.84588
[#0] ERROR:Eval -- RooAbsReal::logEvalError(fail_HIGH) evaluation error, 
 origin       : RooAbsReal::fail_HIGH[ params=(Backgroundfail_HIGH_bin_1-1,Backgroundfail_HIGH_bin_2-1,lumi,n_exp_binfail_HIGH_proc_Background,r) catParams=() ]
 message      : Number of events is negative or error
 server values: params=(Backgroundfail_HIGH_bin_1-1 = 6.21111 +/- 0,Backgroundfail_HIGH_bin_2-1 = 1.59431 +/- 0,lumi = -nan +/- 0,n_exp_binfail_HIGH_proc_Background = 1,r = 2.38807 +/- 0), catParams=()
FASTEXIT from pdf_binfail_HIGH_obsOnly
[#0] ERROR:Eval -- RooAbsReal::logEvalError() evaluation error, 
 origin       : RooAbsReal::[ params=(lumi,lumi_In,Backgroundfail_LOW_bin_1-1,Backgroundfail_LOW_bin_2-1,Backgroundrpf_2x0_par0,Backgroundrpf_2x0_par1,Backgroundrpf_2x0_par2,Backgroundrpf_2x0_par3,n_exp_binpass_LOW_proc_Background_2x0,r,Backgroundfail_SIG_bin_1-1,n_exp_binpass_SIG_proc_Background_2x0,Backgroundfail_HIGH_bin_1-1,Backgroundfail_HIGH_bin_2-1,n_exp_binpass_HIGH_proc_Background_2x0,n_exp_binfail_LOW_proc_Background,n_exp_binfail_SIG_proc_Background,n_exp_binfail_HIGH_proc_Background) catParams=() ]
 message      : function value is NAN
 server values: params=(lumi = -nan +/- 0,lumi_In = 0,Backgroundfail_LOW_bin_1-1 = 26605.6 +/- 0,Backgroundfail_LOW_bin_2-1 = 158.843 +/- 0,Backgroundrpf_2x0_par0 = 0.128968 +/- 0,Backgroundrpf_2x0_par1 = -12.7415 +/- 0,Backgroundrpf_2x0_par2 = -997.155 +/- 0,Backgroundrpf_2x0_par3 = 0.126304 +/- 0,n_exp_binpass_LOW_proc_Background_2x0 = 1,r = 2.38807 +/- 0,Backgroundfail_SIG_bin_1-1 = 35.7159 +/- 0,n_exp_binpass_SIG_proc_Background_2x0 = 1,Backgroundfail_HIGH_bin_1-1 = 6.21111 +/- 0,Backgroundfail_HIGH_bin_2-1 = 1.59431 +/- 0,n_exp_binpass_HIGH_proc_Background_2x0 = 1,n_exp_binfail_LOW_proc_Background = 1,n_exp_binfail_SIG_proc_Background = 1,n_exp_binfail_HIGH_proc_Background = 1), catParams=()
[#0] ERROR:Eval -- RooAbsReal::logEvalError(n_exp_binpass_LOW_proc_Signal_M1000MeV_SR) evaluation error, 
 origin       : ProcessNormalization::n_exp_binpass_LOW_proc_Signal_M1000MeV_SR[ thetaList=(lumi) asymmThetaList=() otherFactorList=(r) ]
 message      : function value is NAN
 server values: thetaList=(lumi = -nan +/- 0), asymmThetaList=(), otherFactorList=(r = 2.38807 +/- 0)
WARNING: underflow to -nan in pdf_binpass_LOW_obsOnly for bin 0, weight 43.6954
[#0] ERROR:Eval -- RooAbsReal::logEvalError(pass_LOW) evaluation error, 
 origin       : RooAbsReal::pass_LOW[ params=(Backgroundfail_LOW_bin_1-1,Backgroundfail_LOW_bin_2-1,Backgroundrpf_2x0_par0,Backgroundrpf_2x0_par1,Backgroundrpf_2x0_par2,Backgroundrpf_2x0_par3,lumi,n_exp_binpass_LOW_proc_Background_2x0,r) catParams=() ]
 message      : Number of events is negative or error
 server values: params=(Backgroundfail_LOW_bin_1-1 = 26532.5 +/- 0,Backgroundfail_LOW_bin_2-1 = 158.843 +/- 0,Backgroundrpf_2x0_par0 = 0.128968 +/- 0,Backgroundrpf_2x0_par1 = -12.7415 +/- 0,Backgroundrpf_2x0_par2 = -997.155 +/- 0,Backgroundrpf_2x0_par3 = 0.126304 +/- 0,lumi = -nan +/- 0,n_exp_binpass_LOW_proc_Background_2x0 = 1,r = 2.38807 +/- 0), catParams=()
FASTEXIT from pdf_binpass_LOW_obsOnly
[#0] ERROR:Eval -- RooAbsReal::logEvalError(n_exp_binpass_SIG_proc_Signal_M1000MeV_SR) evaluation error, 
 origin       : ProcessNormalization::n_exp_binpass_SIG_proc_Signal_M1000MeV_SR[ thetaList=(lumi) asymmThetaList=() otherFactorList=(r) ]
 message      : function value is NAN
 server values: thetaList=(lumi = -nan +/- 0), asymmThetaList=(), otherFactorList=(r = 2.38807 +/- 0)
WARNING: underflow to -nan in pdf_binpass_SIG_obsOnly for bin 0, weight 0.172936
[#0] ERROR:Eval -- RooAbsReal::logEvalError(pass_SIG) evaluation error, 
 origin       : RooAbsReal::pass_SIG[ params=(Backgroundfail_SIG_bin_1-1,Backgroundrpf_2x0_par0,Backgroundrpf_2x0_par1,Backgroundrpf_2x0_par2,Backgroundrpf_2x0_par3,lumi,n_exp_binpass_SIG_proc_Background_2x0,r) catParams=() ]
 message      : Number of events is negative or error
 server values: params=(Backgroundfail_SIG_bin_1-1 = 35.7159 +/- 0,Backgroundrpf_2x0_par0 = 0.128968 +/- 0,Backgroundrpf_2x0_par1 = -12.7415 +/- 0,Backgroundrpf_2x0_par2 = -997.155 +/- 0,Backgroundrpf_2x0_par3 = 0.126304 +/- 0,lumi = -nan +/- 0,n_exp_binpass_SIG_proc_Background_2x0 = 1,r = 2.38807 +/- 0), catParams=()
FASTEXIT from pdf_binpass_SIG_obsOnly
[#0] ERROR:Eval -- RooAbsReal::logEvalError(n_exp_binpass_HIGH_proc_Signal_M1000MeV_SR) evaluation error, 
 origin       : ProcessNormalization::n_exp_binpass_HIGH_proc_Signal_M1000MeV_SR[ thetaList=(lumi) asymmThetaList=() otherFactorList=(r) ]
 message      : function value is NAN
 server values: thetaList=(lumi = -nan +/- 0), asymmThetaList=(), otherFactorList=(r = 2.38807 +/- 0)
WARNING: underflow to -nan in pdf_binpass_HIGH_obsOnly for bin 0, weight 0.0147251
[#0] ERROR:Eval -- RooAbsReal::logEvalError(pass_HIGH) evaluation error, 
 origin       : RooAbsReal::pass_HIGH[ params=(Backgroundfail_HIGH_bin_1-1,Backgroundfail_HIGH_bin_2-1,Backgroundrpf_2x0_par0,Backgroundrpf_2x0_par1,Backgroundrpf_2x0_par2,Backgroundrpf_2x0_par3,lumi,n_exp_binpass_HIGH_proc_Background_2x0,r) catParams=() ]
 message      : Number of events is negative or error
 server values: params=(Backgroundfail_HIGH_bin_1-1 = 6.21111 +/- 0,Backgroundfail_HIGH_bin_2-1 = 1.59431 +/- 0,Backgroundrpf_2x0_par0 = 0.128968 +/- 0,Backgroundrpf_2x0_par1 = -12.7415 +/- 0,Backgroundrpf_2x0_par2 = -997.155 +/- 0,Backgroundrpf_2x0_par3 = 0.126304 +/- 0,lumi = -nan +/- 0,n_exp_binpass_HIGH_proc_Background_2x0 = 1,r = 2.38807 +/- 0), catParams=()
FASTEXIT from pdf_binpass_HIGH_obsOnly
[#0] ERROR:Eval -- RooAbsReal::logEvalError(n_exp_binfail_LOW_proc_Signal_M1000MeV_SR) evaluation error, 
 origin       : ProcessNormalization::n_exp_binfail_LOW_proc_Signal_M1000MeV_SR[ thetaList=(lumi) asymmThetaList=() otherFactorList=(r) ]
 message      : function value is NAN
 server values: thetaList=(lumi = -nan +/- 0), asymmThetaList=(), otherFactorList=(r = 2.38807 +/- 0)
WARNING: underflow to -nan in pdf_binfail_LOW_obsOnly for bin 0, weight 26606
[#0] ERROR:Eval -- RooAbsReal::logEvalError(fail_LOW) evaluation error, 
 origin       : RooAbsReal::fail_LOW[ params=(Backgroundfail_LOW_bin_1-1,Backgroundfail_LOW_bin_2-1,lumi,n_exp_binfail_LOW_proc_Background,r) catParams=() ]
 message      : Number of events is negative or error
 server values: params=(Backgroundfail_LOW_bin_1-1 = 26532.5 +/- 0,Backgroundfail_LOW_bin_2-1 = 158.843 +/- 0,lumi = -nan +/- 0,n_exp_binfail_LOW_proc_Background = 1,r = 2.38807 +/- 0), catParams=()
FASTEXIT from pdf_binfail_LOW_obsOnly
[#0] ERROR:Eval -- RooAbsReal::logEvalError(n_exp_binfail_SIG_proc_Signal_M1000MeV_SR) evaluation error, 
 origin       : ProcessNormalization::n_exp_binfail_SIG_proc_Signal_M1000MeV_SR[ thetaList=(lumi) asymmThetaList=() otherFactorList=(r) ]
 message      : function value is NAN
 server values: thetaList=(lumi = -nan +/- 0), asymmThetaList=(), otherFactorList=(r = 2.38807 +/- 0)
WARNING: underflow to -nan in pdf_binfail_SIG_obsOnly for bin 0, weight 37.0297
[#0] ERROR:Eval -- RooAbsReal::logEvalError(fail_SIG) evaluation error, 
 origin       : RooAbsReal::fail_SIG[ params=(Backgroundfail_SIG_bin_1-1,lumi,n_exp_binfail_SIG_proc_Background,r) catParams=() ]
 message      : Number of events is negative or error
 server values: params=(Backgroundfail_SIG_bin_1-1 = 35.7159 +/- 0,lumi = -nan +/- 0,n_exp_binfail_SIG_proc_Background = 1,r = 2.38807 +/- 0), catParams=()
FASTEXIT from pdf_binfail_SIG_obsOnly
[#0] ERROR:Eval -- RooAbsReal::logEvalError(n_exp_binfail_HIGH_proc_Signal_M1000MeV_SR) evaluation error, 
 origin       : ProcessNormalization::n_exp_binfail_HIGH_proc_Signal_M1000MeV_SR[ thetaList=(lumi) asymmThetaList=() otherFactorList=(r) ]
 message      : function value is NAN
 server values: thetaList=(lumi = -nan +/- 0), asymmThetaList=(), otherFactorList=(r = 2.38807 +/- 0)
WARNING: underflow to -nan in pdf_binfail_HIGH_obsOnly for bin 0, weight 6.84588
[#0] ERROR:Eval -- RooAbsReal::logEvalError(fail_HIGH) evaluation error, 
 origin       : RooAbsReal::fail_HIGH[ params=(Backgroundfail_HIGH_bin_1-1,Backgroundfail_HIGH_bin_2-1,lumi,n_exp_binfail_HIGH_proc_Background,r) catParams=() ]
 message      : Number of events is negative or error
 server values: params=(Backgroundfail_HIGH_bin_1-1 = 6.21111 +/- 0,Backgroundfail_HIGH_bin_2-1 = 1.59431 +/- 0,lumi = -nan +/- 0,n_exp_binfail_HIGH_proc_Background = 1,r = 2.38807 +/- 0), catParams=()
FASTEXIT from pdf_binfail_HIGH_obsOnly
[#0] ERROR:Eval -- RooAbsReal::logEvalError() evaluation error, 
 origin       : RooAbsReal::[ params=(lumi,lumi_In,Backgroundfail_LOW_bin_1-1,Backgroundfail_LOW_bin_2-1,Backgroundrpf_2x0_par0,Backgroundrpf_2x0_par1,Backgroundrpf_2x0_par2,Backgroundrpf_2x0_par3,n_exp_binpass_LOW_proc_Background_2x0,r,Backgroundfail_SIG_bin_1-1,n_exp_binpass_SIG_proc_Background_2x0,Backgroundfail_HIGH_bin_1-1,Backgroundfail_HIGH_bin_2-1,n_exp_binpass_HIGH_proc_Background_2x0,n_exp_binfail_LOW_proc_Background,n_exp_binfail_SIG_proc_Background,n_exp_binfail_HIGH_proc_Background) catParams=() ]
 message      : function value is NAN
 server values: params=(lumi = -nan +/- 0,lumi_In = 0,Backgroundfail_LOW_bin_1-1 = 26532.5 +/- 0,Backgroundfail_LOW_bin_2-1 = 158.843 +/- 0,Backgroundrpf_2x0_par0 = 0.128968 +/- 0,Backgroundrpf_2x0_par1 = -12.7415 +/- 0,Backgroundrpf_2x0_par2 = -997.155 +/- 0,Backgroundrpf_2x0_par3 = 0.126304 +/- 0,n_exp_binpass_LOW_proc_Background_2x0 = 1,r = 2.38807 +/- 0,Backgroundfail_SIG_bin_1-1 = 35.7159 +/- 0,n_exp_binpass_SIG_proc_Background_2x0 = 1,Backgroundfail_HIGH_bin_1-1 = 6.21111 +/- 0,Backgroundfail_HIGH_bin_2-1 = 1.59431 +/- 0,n_exp_binpass_HIGH_proc_Background_2x0 = 1,n_exp_binfail_LOW_proc_Background = 1,n_exp_binfail_SIG_proc_Background = 1,n_exp_binfail_HIGH_proc_Background = 1), catParams=()
[#0] ERROR:Eval -- RooAbsReal::logEvalError(n_exp_binpass_LOW_proc_Signal_M1000MeV_SR) evaluation error, 
 origin       : ProcessNormalization::n_exp_binpass_LOW_proc_Signal_M1000MeV_SR[ thetaList=(lumi) asymmThetaList=() otherFactorList=(r) ]
 message      : function value is NAN
 server values: thetaList=(lumi = -nan +/- 0), asymmThetaList=(), otherFactorList=(r = 2.38807 +/- 0)
WARNING: underflow to -nan in pdf_binpass_LOW_obsOnly for bin 0, weight 43.6954
[#0] ERROR:Eval -- RooAbsReal::logEvalError(pass_LOW) evaluation error, 
 origin       : RooAbsReal::pass_LOW[ params=(Backgroundfail_LOW_bin_1-1,Backgroundfail_LOW_bin_2-1,Backgroundrpf_2x0_par0,Backgroundrpf_2x0_par1,Backgroundrpf_2x0_par2,Backgroundrpf_2x0_par3,lumi,n_exp_binpass_LOW_proc_Background_2x0,r) catParams=() ]
 message      : Number of events is negative or error
 server values: params=(Backgroundfail_LOW_bin_1-1 = 26678.1 +/- 0,Backgroundfail_LOW_bin_2-1 = 158.843 +/- 0,Backgroundrpf_2x0_par0 = 0.128968 +/- 0,Backgroundrpf_2x0_par1 = -12.7415 +/- 0,Backgroundrpf_2x0_par2 = -997.155 +/- 0,Backgroundrpf_2x0_par3 = 0.126304 +/- 0,lumi = -nan +/- 0,n_exp_binpass_LOW_proc_Background_2x0 = 1,r = 2.38807 +/- 0), catParams=()
FASTEXIT from pdf_binpass_LOW_obsOnly
[#0] ERROR:Eval -- RooAbsReal::logEvalError(n_exp_binpass_SIG_proc_Signal_M1000MeV_SR) evaluation error, 
 origin       : ProcessNormalization::n_exp_binpass_SIG_proc_Signal_M1000MeV_SR[ thetaList=(lumi) asymmThetaList=() otherFactorList=(r) ]
 message      : function value is NAN
 server values: thetaList=(lumi = -nan +/- 0), asymmThetaList=(), otherFactorList=(r = 2.38807 +/- 0)
WARNING: underflow to -nan in pdf_binpass_SIG_obsOnly for bin 0, weight 0.172936
[#0] ERROR:Eval -- RooAbsReal::logEvalError(pass_SIG) evaluation error, 
 origin       : RooAbsReal::pass_SIG[ params=(Backgroundfail_SIG_bin_1-1,Backgroundrpf_2x0_par0,Backgroundrpf_2x0_par1,Backgroundrpf_2x0_par2,Backgroundrpf_2x0_par3,lumi,n_exp_binpass_SIG_proc_Background_2x0,r) catParams=() ]
 message      : Number of events is negative or error
 server values: params=(Backgroundfail_SIG_bin_1-1 = 35.7159 +/- 0,Backgroundrpf_2x0_par0 = 0.128968 +/- 0,Backgroundrpf_2x0_par1 = -12.7415 +/- 0,Backgroundrpf_2x0_par2 = -997.155 +/- 0,Backgroundrpf_2x0_par3 = 0.126304 +/- 0,lumi = -nan +/- 0,n_exp_binpass_SIG_proc_Background_2x0 = 1,r = 2.38807 +/- 0), catParams=()
FASTEXIT from pdf_binpass_SIG_obsOnly
[#0] ERROR:Eval -- RooAbsReal::logEvalError(n_exp_binpass_HIGH_proc_Signal_M1000MeV_SR) evaluation error, 
 origin       : ProcessNormalization::n_exp_binpass_HIGH_proc_Signal_M1000MeV_SR[ thetaList=(lumi) asymmThetaList=() otherFactorList=(r) ]
 message      : function value is NAN
 server values: thetaList=(lumi = -nan +/- 0), asymmThetaList=(), otherFactorList=(r = 2.38807 +/- 0)
WARNING: underflow to -nan in pdf_binpass_HIGH_obsOnly for bin 0, weight 0.0147251
[#0] ERROR:Eval -- RooAbsReal::logEvalError(pass_HIGH) evaluation error, 
 origin       : RooAbsReal::pass_HIGH[ params=(Backgroundfail_HIGH_bin_1-1,Backgroundfail_HIGH_bin_2-1,Backgroundrpf_2x0_par0,Backgroundrpf_2x0_par1,Backgroundrpf_2x0_par2,Backgroundrpf_2x0_par3,lumi,n_exp_binpass_HIGH_proc_Background_2x0,r) catParams=() ]
 message      : Number of events is negative or error
 server values: params=(Backgroundfail_HIGH_bin_1-1 = 6.21111 +/- 0,Backgroundfail_HIGH_bin_2-1 = 1.59431 +/- 0,Backgroundrpf_2x0_par0 = 0.128968 +/- 0,Backgroundrpf_2x0_par1 = -12.7415 +/- 0,Backgroundrpf_2x0_par2 = -997.155 +/- 0,Backgroundrpf_2x0_par3 = 0.126304 +/- 0,lumi = -nan +/- 0,n_exp_binpass_HIGH_proc_Background_2x0 = 1,r = 2.38807 +/- 0), catParams=()
FASTEXIT from pdf_binpass_HIGH_obsOnly
[#0] ERROR:Eval -- RooAbsReal::logEvalError(n_exp_binfail_LOW_proc_Signal_M1000MeV_SR) evaluation error, 
 origin       : ProcessNormalization::n_exp_binfail_LOW_proc_Signal_M1000MeV_SR[ thetaList=(lumi) asymmThetaList=() otherFactorList=(r) ]
 message      : function value is NAN
 server values: thetaList=(lumi = -nan +/- 0), asymmThetaList=(), otherFactorList=(r = 2.38807 +/- 0)
WARNING: underflow to -nan in pdf_binfail_LOW_obsOnly for bin 0, weight 26606
[#0] ERROR:Eval -- RooAbsReal::logEvalError(fail_LOW) evaluation error, 
 origin       : RooAbsReal::fail_LOW[ params=(Backgroundfail_LOW_bin_1-1,Backgroundfail_LOW_bin_2-1,lumi,n_exp_binfail_LOW_proc_Background,r) catParams=() ]
 message      : Number of events is negative or error
 server values: params=(Backgroundfail_LOW_bin_1-1 = 26678.1 +/- 0,Backgroundfail_LOW_bin_2-1 = 158.843 +/- 0,lumi = -nan +/- 0,n_exp_binfail_LOW_proc_Background = 1,r = 2.38807 +/- 0), catParams=()
FASTEXIT from pdf_binfail_LOW_obsOnly
[#0] ERROR:Eval -- RooAbsReal::logEvalError(n_exp_binfail_SIG_proc_Signal_M1000MeV_SR) evaluation error, 
 origin       : ProcessNormalization::n_exp_binfail_SIG_proc_Signal_M1000MeV_SR[ thetaList=(lumi) asymmThetaList=() otherFactorList=(r) ]
 message      : function value is NAN
 server values: thetaList=(lumi = -nan +/- 0), asymmThetaList=(), otherFactorList=(r = 2.38807 +/- 0)
WARNING: underflow to -nan in pdf_binfail_SIG_obsOnly for bin 0, weight 37.0297
[#0] ERROR:Eval -- RooAbsReal::logEvalError(fail_SIG) evaluation error, 
 origin       : RooAbsReal::fail_SIG[ params=(Backgroundfail_SIG_bin_1-1,lumi,n_exp_binfail_SIG_proc_Background,r) catParams=() ]
 message      : Number of events is negative or error
 server values: params=(Backgroundfail_SIG_bin_1-1 = 35.7159 +/- 0,lumi = -nan +/- 0,n_exp_binfail_SIG_proc_Background = 1,r = 2.38807 +/- 0), catParams=()
FASTEXIT from pdf_binfail_SIG_obsOnly
[#0] ERROR:Eval -- RooAbsReal::logEvalError(n_exp_binfail_HIGH_proc_Signal_M1000MeV_SR) evaluation error, 
 origin       : ProcessNormalization::n_exp_binfail_HIGH_proc_Signal_M1000MeV_SR[ thetaList=(lumi) asymmThetaList=() otherFactorList=(r) ]
 message      : function value is NAN
 server values: thetaList=(lumi = -nan +/- 0), asymmThetaList=(), otherFactorList=(r = 2.38807 +/- 0)
WARNING: underflow to -nan in pdf_binfail_HIGH_obsOnly for bin 0, weight 6.84588
[#0] ERROR:Eval -- RooAbsReal::logEvalError(fail_HIGH) evaluation error, 
 origin       : RooAbsReal::fail_HIGH[ params=(Backgroundfail_HIGH_bin_1-1,Backgroundfail_HIGH_bin_2-1,lumi,n_exp_binfail_HIGH_proc_Background,r) catParams=() ]
 message      : Number of events is negative or error
 server values: params=(Backgroundfail_HIGH_bin_1-1 = 6.21111 +/- 0,Backgroundfail_HIGH_bin_2-1 = 1.59431 +/- 0,lumi = -nan +/- 0,n_exp_binfail_HIGH_proc_Background = 1,r = 2.38807 +/- 0), catParams=()
FASTEXIT from pdf_binfail_HIGH_obsOnly
[#0] ERROR:Eval -- RooAbsReal::logEvalError() evaluation error, 
 origin       : RooAbsReal::[ params=(lumi,lumi_In,Backgroundfail_LOW_bin_1-1,Backgroundfail_LOW_bin_2-1,Backgroundrpf_2x0_par0,Backgroundrpf_2x0_par1,Backgroundrpf_2x0_par2,Backgroundrpf_2x0_par3,n_exp_binpass_LOW_proc_Background_2x0,r,Backgroundfail_SIG_bin_1-1,n_exp_binpass_SIG_proc_Background_2x0,Backgroundfail_HIGH_bin_1-1,Backgroundfail_HIGH_bin_2-1,n_exp_binpass_HIGH_proc_Background_2x0,n_exp_binfail_LOW_proc_Background,n_exp_binfail_SIG_proc_Background,n_exp_binfail_HIGH_proc_Background) catParams=() ]
 message      : function value is NAN
 server values: params=(lumi = -nan +/- 0,lumi_In = 0,Backgroundfail_LOW_bin_1-1 = 26678.1 +/- 0,Backgroundfail_LOW_bin_2-1 = 158.843 +/- 0,Backgroundrpf_2x0_par0 = 0.128968 +/- 0,Backgroundrpf_2x0_par1 = -12.7415 +/- 0,Backgroundrpf_2x0_par2 = -997.155 +/- 0,Backgroundrpf_2x0_par3 = 0.126304 +/- 0,n_exp_binpass_LOW_proc_Background_2x0 = 1,r = 2.38807 +/- 0,Backgroundfail_SIG_bin_1-1 = 35.7159 +/- 0,n_exp_binpass_SIG_proc_Background_2x0 = 1,Backgroundfail_HIGH_bin_1-1 = 6.21111 +/- 0,Backgroundfail_HIGH_bin_2-1 = 1.59431 +/- 0,n_exp_binpass_HIGH_proc_Background_2x0 = 1,n_exp_binfail_LOW_proc_Background = 1,n_exp_binfail_SIG_proc_Background = 1,n_exp_binfail_HIGH_proc_Background = 1), catParams=()
[#0] ERROR:Eval -- RooAbsReal::logEvalError(n_exp_binpass_LOW_proc_Signal_M1000MeV_SR) evaluation error, 
 origin       : ProcessNormalization::n_exp_binpass_LOW_proc_Signal_M1000MeV_SR[ thetaList=(lumi) asymmThetaList=() otherFactorList=(r) ]
 message      : function value is NAN
 server values: thetaList=(lumi = -nan +/- 0), asymmThetaList=(), otherFactorList=(r = 2.38807 +/- 0)
WARNING: underflow to -nan in pdf_binpass_LOW_obsOnly for bin 0, weight 43.6954
[#0] ERROR:Eval -- RooAbsReal::logEvalError(pass_LOW) evaluation error, 
 origin       : RooAbsReal::pass_LOW[ params=(Backgroundfail_LOW_bin_1-1,Backgroundfail_LOW_bin_2-1,Backgroundrpf_2x0_par0,Backgroundrpf_2x0_par1,Backgroundrpf_2x0_par2,Backgroundrpf_2x0_par3,lumi,n_exp_binpass_LOW_proc_Background_2x0,r) catParams=() ]
 message      : Number of events is negative or error
 server values: params=(Backgroundfail_LOW_bin_1-1 = 26532.5 +/- 0,Backgroundfail_LOW_bin_2-1 = 158.843 +/- 0,Backgroundrpf_2x0_par0 = 0.128968 +/- 0,Backgroundrpf_2x0_par1 = -12.7415 +/- 0,Backgroundrpf_2x0_par2 = -997.155 +/- 0,Backgroundrpf_2x0_par3 = 0.126304 +/- 0,lumi = -nan +/- 0,n_exp_binpass_LOW_proc_Background_2x0 = 1,r = 2.38807 +/- 0), catParams=()
FASTEXIT from pdf_binpass_LOW_obsOnly
[#0] ERROR:Eval -- RooAbsReal::logEvalError(n_exp_binpass_SIG_proc_Signal_M1000MeV_SR) evaluation error, 
 origin       : ProcessNormalization::n_exp_binpass_SIG_proc_Signal_M1000MeV_SR[ thetaList=(lumi) asymmThetaList=() otherFactorList=(r) ]
 message      : function value is NAN
 server values: thetaList=(lumi = -nan +/- 0), asymmThetaList=(), otherFactorList=(r = 2.38807 +/- 0)
WARNING: underflow to -nan in pdf_binpass_SIG_obsOnly for bin 0, weight 0.172936
[#0] ERROR:Eval -- RooAbsReal::logEvalError(pass_SIG) evaluation error, 
 origin       : RooAbsReal::pass_SIG[ params=(Backgroundfail_SIG_bin_1-1,Backgroundrpf_2x0_par0,Backgroundrpf_2x0_par1,Backgroundrpf_2x0_par2,Backgroundrpf_2x0_par3,lumi,n_exp_binpass_SIG_proc_Background_2x0,r) catParams=() ]
 message      : Number of events is negative or error
 server values: params=(Backgroundfail_SIG_bin_1-1 = 35.7159 +/- 0,Backgroundrpf_2x0_par0 = 0.128968 +/- 0,Backgroundrpf_2x0_par1 = -12.7415 +/- 0,Backgroundrpf_2x0_par2 = -997.155 +/- 0,Backgroundrpf_2x0_par3 = 0.126304 +/- 0,lumi = -nan +/- 0,n_exp_binpass_SIG_proc_Background_2x0 = 1,r = 2.38807 +/- 0), catParams=()
FASTEXIT from pdf_binpass_SIG_obsOnly
[#0] ERROR:Eval -- RooAbsReal::logEvalError(n_exp_binpass_HIGH_proc_Signal_M1000MeV_SR) evaluation error, 
 origin       : ProcessNormalization::n_exp_binpass_HIGH_proc_Signal_M1000MeV_SR[ thetaList=(lumi) asymmThetaList=() otherFactorList=(r) ]
 message      : function value is NAN
 server values: thetaList=(lumi = -nan +/- 0), asymmThetaList=(), otherFactorList=(r = 2.38807 +/- 0)
WARNING: underflow to -nan in pdf_binpass_HIGH_obsOnly for bin 0, weight 0.0147251
[#0] ERROR:Eval -- RooAbsReal::logEvalError(pass_HIGH) evaluation error, 
 origin       : RooAbsReal::pass_HIGH[ params=(Backgroundfail_HIGH_bin_1-1,Backgroundfail_HIGH_bin_2-1,Backgroundrpf_2x0_par0,Backgroundrpf_2x0_par1,Backgroundrpf_2x0_par2,Backgroundrpf_2x0_par3,lumi,n_exp_binpass_HIGH_proc_Background_2x0,r) catParams=() ]
 message      : Number of events is negative or error
 server values: params=(Backgroundfail_HIGH_bin_1-1 = 6.21111 +/- 0,Backgroundfail_HIGH_bin_2-1 = 1.59431 +/- 0,Backgroundrpf_2x0_par0 = 0.128968 +/- 0,Backgroundrpf_2x0_par1 = -12.7415 +/- 0,Backgroundrpf_2x0_par2 = -997.155 +/- 0,Backgroundrpf_2x0_par3 = 0.126304 +/- 0,lumi = -nan +/- 0,n_exp_binpass_HIGH_proc_Background_2x0 = 1,r = 2.38807 +/- 0), catParams=()
FASTEXIT from pdf_binpass_HIGH_obsOnly
[#0] ERROR:Eval -- RooAbsReal::logEvalError(n_exp_binfail_LOW_proc_Signal_M1000MeV_SR) evaluation error, 
 origin       : ProcessNormalization::n_exp_binfail_LOW_proc_Signal_M1000MeV_SR[ thetaList=(lumi) asymmThetaList=() otherFactorList=(r) ]
 message      : function value is NAN
 server values: thetaList=(lumi = -nan +/- 0), asymmThetaList=(), otherFactorList=(r = 2.38807 +/- 0)
WARNING: underflow to -nan in pdf_binfail_LOW_obsOnly for bin 0, weight 26606
[#0] ERROR:Eval -- RooAbsReal::logEvalError(fail_LOW) evaluation error, 
 origin       : RooAbsReal::fail_LOW[ params=(Backgroundfail_LOW_bin_1-1,Backgroundfail_LOW_bin_2-1,lumi,n_exp_binfail_LOW_proc_Background,r) catParams=() ]
 message      : Number of events is negative or error
 server values: params=(Backgroundfail_LOW_bin_1-1 = 26532.5 +/- 0,Backgroundfail_LOW_bin_2-1 = 158.843 +/- 0,lumi = -nan +/- 0,n_exp_binfail_LOW_proc_Background = 1,r = 2.38807 +/- 0), catParams=()
FASTEXIT from pdf_binfail_LOW_obsOnly
[#0] ERROR:Eval -- RooAbsReal::logEvalError(n_exp_binfail_SIG_proc_Signal_M1000MeV_SR) evaluation error, 
 origin       : ProcessNormalization::n_exp_binfail_SIG_proc_Signal_M1000MeV_SR[ thetaList=(lumi) asymmThetaList=() otherFactorList=(r) ]
 message      : function value is NAN
 server values: thetaList=(lumi = -nan +/- 0), asymmThetaList=(), otherFactorList=(r = 2.38807 +/- 0)
WARNING: underflow to -nan in pdf_binfail_SIG_obsOnly for bin 0, weight 37.0297
[#0] ERROR:Eval -- RooAbsReal::logEvalError(fail_SIG) evaluation error, 
 origin       : RooAbsReal::fail_SIG[ params=(Backgroundfail_SIG_bin_1-1,lumi,n_exp_binfail_SIG_proc_Background,r) catParams=() ]
 message      : Number of events is negative or error
 server values: params=(Backgroundfail_SIG_bin_1-1 = 35.7159 +/- 0,lumi = -nan +/- 0,n_exp_binfail_SIG_proc_Background = 1,r = 2.38807 +/- 0), catParams=()
FASTEXIT from pdf_binfail_SIG_obsOnly
[#0] ERROR:Eval -- RooAbsReal::logEvalError(n_exp_binfail_HIGH_proc_Signal_M1000MeV_SR) evaluation error, 
 origin       : ProcessNormalization::n_exp_binfail_HIGH_proc_Signal_M1000MeV_SR[ thetaList=(lumi) asymmThetaList=() otherFactorList=(r) ]
 message      : function value is NAN
 server values: thetaList=(lumi = -nan +/- 0), asymmThetaList=(), otherFactorList=(r = 2.38807 +/- 0)
WARNING: underflow to -nan in pdf_binfail_HIGH_obsOnly for bin 0, weight 6.84588
[#0] ERROR:Eval -- RooAbsReal::logEvalError(fail_HIGH) evaluation error, 
 origin       : RooAbsReal::fail_HIGH[ params=(Backgroundfail_HIGH_bin_1-1,Backgroundfail_HIGH_bin_2-1,lumi,n_exp_binfail_HIGH_proc_Background,r) catParams=() ]
 message      : Number of events is negative or error
 server values: params=(Backgroundfail_HIGH_bin_1-1 = 6.21111 +/- 0,Backgroundfail_HIGH_bin_2-1 = 1.59431 +/- 0,lumi = -nan +/- 0,n_exp_binfail_HIGH_proc_Background = 1,r = 2.38807 +/- 0), catParams=()
FASTEXIT from pdf_binfail_HIGH_obsOnly
[#0] ERROR:Eval -- RooAbsReal::logEvalError() evaluation error, 
 origin       : RooAbsReal::[ params=(lumi,lumi_In,Backgroundfail_LOW_bin_1-1,Backgroundfail_LOW_bin_2-1,Backgroundrpf_2x0_par0,Backgroundrpf_2x0_par1,Backgroundrpf_2x0_par2,Backgroundrpf_2x0_par3,n_exp_binpass_LOW_proc_Background_2x0,r,Backgroundfail_SIG_bin_1-1,n_exp_binpass_SIG_proc_Background_2x0,Backgroundfail_HIGH_bin_1-1,Backgroundfail_HIGH_bin_2-1,n_exp_binpass_HIGH_proc_Background_2x0,n_exp_binfail_LOW_proc_Background,n_exp_binfail_SIG_proc_Background,n_exp_binfail_HIGH_proc_Background) catParams=() ]
 message      : function value is NAN
 server values: params=(lumi = -nan +/- 0,lumi_In = 0,Backgroundfail_LOW_bin_1-1 = 26532.5 +/- 0,Backgroundfail_LOW_bin_2-1 = 158.843 +/- 0,Backgroundrpf_2x0_par0 = 0.128968 +/- 0,Backgroundrpf_2x0_par1 = -12.7415 +/- 0,Backgroundrpf_2x0_par2 = -997.155 +/- 0,Backgroundrpf_2x0_par3 = 0.126304 +/- 0,n_exp_binpass_LOW_proc_Background_2x0 = 1,r = 2.38807 +/- 0,Backgroundfail_SIG_bin_1-1 = 35.7159 +/- 0,n_exp_binpass_SIG_proc_Background_2x0 = 1,Backgroundfail_HIGH_bin_1-1 = 6.21111 +/- 0,Backgroundfail_HIGH_bin_2-1 = 1.59431 +/- 0,n_exp_binpass_HIGH_proc_Background_2x0 = 1,n_exp_binfail_LOW_proc_Background = 1,n_exp_binfail_SIG_proc_Background = 1,n_exp_binfail_HIGH_proc_Background = 1), catParams=()
[#0] ERROR:Eval -- RooAbsReal::logEvalError(n_exp_binpass_LOW_proc_Signal_M1000MeV_SR) evaluation error, 
 origin       : ProcessNormalization::n_exp_binpass_LOW_proc_Signal_M1000MeV_SR[ thetaList=(lumi) asymmThetaList=() otherFactorList=(r) ]
 message      : function value is NAN
 server values: thetaList=(lumi = -nan +/- 0), asymmThetaList=(), otherFactorList=(r = 2.38807 +/- 0)
WARNING: underflow to -nan in pdf_binpass_LOW_obsOnly for bin 0, weight 43.6954
[#0] ERROR:Eval -- RooAbsReal::logEvalError(pass_LOW) evaluation error, 
 origin       : RooAbsReal::pass_LOW[ params=(Backgroundfail_LOW_bin_1-1,Backgroundfail_LOW_bin_2-1,Backgroundrpf_2x0_par0,Backgroundrpf_2x0_par1,Backgroundrpf_2x0_par2,Backgroundrpf_2x0_par3,lumi,n_exp_binpass_LOW_proc_Background_2x0,r) catParams=() ]
 message      : Number of events is negative or error
 server values: params=(Backgroundfail_LOW_bin_1-1 = 26678.1 +/- 0,Backgroundfail_LOW_bin_2-1 = 158.843 +/- 0,Backgroundrpf_2x0_par0 = 0.128968 +/- 0,Backgroundrpf_2x0_par1 = -12.7415 +/- 0,Backgroundrpf_2x0_par2 = -997.155 +/- 0,Backgroundrpf_2x0_par3 = 0.126304 +/- 0,lumi = -nan +/- 0,n_exp_binpass_LOW_proc_Background_2x0 = 1,r = 2.38807 +/- 0), catParams=()
FASTEXIT from pdf_binpass_LOW_obsOnly
[#0] ERROR:Eval -- RooAbsReal::logEvalError(n_exp_binpass_SIG_proc_Signal_M1000MeV_SR) evaluation error, 
 origin       : ProcessNormalization::n_exp_binpass_SIG_proc_Signal_M1000MeV_SR[ thetaList=(lumi) asymmThetaList=() otherFactorList=(r) ]
 message      : function value is NAN
 server values: thetaList=(lumi = -nan +/- 0), asymmThetaList=(), otherFactorList=(r = 2.38807 +/- 0)
WARNING: underflow to -nan in pdf_binpass_SIG_obsOnly for bin 0, weight 0.172936
[#0] ERROR:Eval -- RooAbsReal::logEvalError(pass_SIG) evaluation error, 
 origin       : RooAbsReal::pass_SIG[ params=(Backgroundfail_SIG_bin_1-1,Backgroundrpf_2x0_par0,Backgroundrpf_2x0_par1,Backgroundrpf_2x0_par2,Backgroundrpf_2x0_par3,lumi,n_exp_binpass_SIG_proc_Background_2x0,r) catParams=() ]
 message      : Number of events is negative or error
 server values: params=(Backgroundfail_SIG_bin_1-1 = 35.7159 +/- 0,Backgroundrpf_2x0_par0 = 0.128968 +/- 0,Backgroundrpf_2x0_par1 = -12.7415 +/- 0,Backgroundrpf_2x0_par2 = -997.155 +/- 0,Backgroundrpf_2x0_par3 = 0.126304 +/- 0,lumi = -nan +/- 0,n_exp_binpass_SIG_proc_Background_2x0 = 1,r = 2.38807 +/- 0), catParams=()
FASTEXIT from pdf_binpass_SIG_obsOnly
[#0] ERROR:Eval -- RooAbsReal::logEvalError(n_exp_binpass_HIGH_proc_Signal_M1000MeV_SR) evaluation error, 
 origin       : ProcessNormalization::n_exp_binpass_HIGH_proc_Signal_M1000MeV_SR[ thetaList=(lumi) asymmThetaList=() otherFactorList=(r) ]
 message      : function value is NAN
 server values: thetaList=(lumi = -nan +/- 0), asymmThetaList=(), otherFactorList=(r = 2.38807 +/- 0)
WARNING: underflow to -nan in pdf_binpass_HIGH_obsOnly for bin 0, weight 0.0147251
[#0] ERROR:Eval -- RooAbsReal::logEvalError(pass_HIGH) evaluation error, 
 origin       : RooAbsReal::pass_HIGH[ params=(Backgroundfail_HIGH_bin_1-1,Backgroundfail_HIGH_bin_2-1,Backgroundrpf_2x0_par0,Backgroundrpf_2x0_par1,Backgroundrpf_2x0_par2,Backgroundrpf_2x0_par3,lumi,n_exp_binpass_HIGH_proc_Background_2x0,r) catParams=() ]
 message      : Number of events is negative or error
 server values: params=(Backgroundfail_HIGH_bin_1-1 = 6.21111 +/- 0,Backgroundfail_HIGH_bin_2-1 = 1.59431 +/- 0,Backgroundrpf_2x0_par0 = 0.128968 +/- 0,Backgroundrpf_2x0_par1 = -12.7415 +/- 0,Backgroundrpf_2x0_par2 = -997.155 +/- 0,Backgroundrpf_2x0_par3 = 0.126304 +/- 0,lumi = -nan +/- 0,n_exp_binpass_HIGH_proc_Background_2x0 = 1,r = 2.38807 +/- 0), catParams=()
FASTEXIT from pdf_binpass_HIGH_obsOnly
[#0] ERROR:Eval -- RooAbsReal::logEvalError(n_exp_binfail_LOW_proc_Signal_M1000MeV_SR) evaluation error, 
 origin       : ProcessNormalization::n_exp_binfail_LOW_proc_Signal_M1000MeV_SR[ thetaList=(lumi) asymmThetaList=() otherFactorList=(r) ]
 message      : function value is NAN
 server values: thetaList=(lumi = -nan +/- 0), asymmThetaList=(), otherFactorList=(r = 2.38807 +/- 0)
WARNING: underflow to -nan in pdf_binfail_LOW_obsOnly for bin 0, weight 26606
[#0] ERROR:Eval -- RooAbsReal::logEvalError(fail_LOW) evaluation error, 
 origin       : RooAbsReal::fail_LOW[ params=(Backgroundfail_LOW_bin_1-1,Backgroundfail_LOW_bin_2-1,lumi,n_exp_binfail_LOW_proc_Background,r) catParams=() ]
 message      : Number of events is negative or error
 server values: params=(Backgroundfail_LOW_bin_1-1 = 26678.1 +/- 0,Backgroundfail_LOW_bin_2-1 = 158.843 +/- 0,lumi = -nan +/- 0,n_exp_binfail_LOW_proc_Background = 1,r = 2.38807 +/- 0), catParams=()
FASTEXIT from pdf_binfail_LOW_obsOnly
[#0] ERROR:Eval -- RooAbsReal::logEvalError(n_exp_binfail_SIG_proc_Signal_M1000MeV_SR) evaluation error, 
 origin       : ProcessNormalization::n_exp_binfail_SIG_proc_Signal_M1000MeV_SR[ thetaList=(lumi) asymmThetaList=() otherFactorList=(r) ]
 message      : function value is NAN
 server values: thetaList=(lumi = -nan +/- 0), asymmThetaList=(), otherFactorList=(r = 2.38807 +/- 0)
WARNING: underflow to -nan in pdf_binfail_SIG_obsOnly for bin 0, weight 37.0297
[#0] ERROR:Eval -- RooAbsReal::logEvalError(fail_SIG) evaluation error, 
 origin       : RooAbsReal::fail_SIG[ params=(Backgroundfail_SIG_bin_1-1,lumi,n_exp_binfail_SIG_proc_Background,r) catParams=() ]
 message      : Number of events is negative or error
 server values: params=(Backgroundfail_SIG_bin_1-1 = 35.7159 +/- 0,lumi = -nan +/- 0,n_exp_binfail_SIG_proc_Background = 1,r = 2.38807 +/- 0), catParams=()
FASTEXIT from pdf_binfail_SIG_obsOnly
[#0] ERROR:Eval -- RooAbsReal::logEvalError(n_exp_binfail_HIGH_proc_Signal_M1000MeV_SR) evaluation error, 
 origin       : ProcessNormalization::n_exp_binfail_HIGH_proc_Signal_M1000MeV_SR[ thetaList=(lumi) asymmThetaList=() otherFactorList=(r) ]
 message      : function value is NAN
 server values: thetaList=(lumi = -nan +/- 0), asymmThetaList=(), otherFactorList=(r = 2.38807 +/- 0)
WARNING: underflow to -nan in pdf_binfail_HIGH_obsOnly for bin 0, weight 6.84588
[#0] ERROR:Eval -- RooAbsReal::logEvalError(fail_HIGH) evaluation error, 
 origin       : RooAbsReal::fail_HIGH[ params=(Backgroundfail_HIGH_bin_1-1,Backgroundfail_HIGH_bin_2-1,lumi,n_exp_binfail_HIGH_proc_Background,r) catParams=() ]
 message      : Number of events is negative or error
 server values: params=(Backgroundfail_HIGH_bin_1-1 = 6.21111 +/- 0,Backgroundfail_HIGH_bin_2-1 = 1.59431 +/- 0,lumi = -nan +/- 0,n_exp_binfail_HIGH_proc_Background = 1,r = 2.38807 +/- 0), catParams=()
FASTEXIT from pdf_binfail_HIGH_obsOnly
[#0] ERROR:Eval -- RooAbsReal::logEvalError() evaluation error, 
 origin       : RooAbsReal::[ params=(lumi,lumi_In,Backgroundfail_LOW_bin_1-1,Backgroundfail_LOW_bin_2-1,Backgroundrpf_2x0_par0,Backgroundrpf_2x0_par1,Backgroundrpf_2x0_par2,Backgroundrpf_2x0_par3,n_exp_binpass_LOW_proc_Background_2x0,r,Backgroundfail_SIG_bin_1-1,n_exp_binpass_SIG_proc_Background_2x0,Backgroundfail_HIGH_bin_1-1,Backgroundfail_HIGH_bin_2-1,n_exp_binpass_HIGH_proc_Background_2x0,n_exp_binfail_LOW_proc_Background,n_exp_binfail_SIG_proc_Background,n_exp_binfail_HIGH_proc_Background) catParams=() ]
 message      : function value is NAN
 server values: params=(lumi = -nan +/- 0,lumi_In = 0,Backgroundfail_LOW_bin_1-1 = 26678.1 +/- 0,Backgroundfail_LOW_bin_2-1 = 158.843 +/- 0,Backgroundrpf_2x0_par0 = 0.128968 +/- 0,Backgroundrpf_2x0_par1 = -12.7415 +/- 0,Backgroundrpf_2x0_par2 = -997.155 +/- 0,Backgroundrpf_2x0_par3 = 0.126304 +/- 0,n_exp_binpass_LOW_proc_Background_2x0 = 1,r = 2.38807 +/- 0,Backgroundfail_SIG_bin_1-1 = 35.7159 +/- 0,n_exp_binpass_SIG_proc_Background_2x0 = 1,Backgroundfail_HIGH_bin_1-1 = 6.21111 +/- 0,Backgroundfail_HIGH_bin_2-1 = 1.59431 +/- 0,n_exp_binpass_HIGH_proc_Background_2x0 = 1,n_exp_binfail_LOW_proc_Background = 1,n_exp_binfail_SIG_proc_Background = 1,n_exp_binfail_HIGH_proc_Background = 1), catParams=()
[#0] ERROR:Eval -- RooAbsReal::logEvalError(n_exp_binpass_LOW_proc_Signal_M1000MeV_SR) evaluation error, 
 origin       : ProcessNormalization::n_exp_binpass_LOW_proc_Signal_M1000MeV_SR[ thetaList=(lumi) asymmThetaList=() otherFactorList=(r) ]
 message      : function value is NAN
 server values: thetaList=(lumi = -nan +/- 0), asymmThetaList=(), otherFactorList=(r = 2.38807 +/- 0)
WARNING: underflow to -nan in pdf_binpass_LOW_obsOnly for bin 0, weight 43.6954
[#0] ERROR:Eval -- RooAbsReal::logEvalError(pass_LOW) evaluation error, 
 origin       : RooAbsReal::pass_LOW[ params=(Backgroundfail_LOW_bin_1-1,Backgroundfail_LOW_bin_2-1,Backgroundrpf_2x0_par0,Backgroundrpf_2x0_par1,Backgroundrpf_2x0_par2,Backgroundrpf_2x0_par3,lumi,n_exp_binpass_LOW_proc_Background_2x0,r) catParams=() ]
 message      : Number of events is negative or error
 server values: params=(Backgroundfail_LOW_bin_1-1 = 26605.6 +/- 0,Backgroundfail_LOW_bin_2-1 = 153.283 +/- 0,Backgroundrpf_2x0_par0 = 0.128968 +/- 0,Backgroundrpf_2x0_par1 = -12.7415 +/- 0,Backgroundrpf_2x0_par2 = -997.155 +/- 0,Backgroundrpf_2x0_par3 = 0.126304 +/- 0,lumi = -nan +/- 0,n_exp_binpass_LOW_proc_Background_2x0 = 1,r = 2.38807 +/- 0), catParams=()
FASTEXIT from pdf_binpass_LOW_obsOnly
[#0] ERROR:Eval -- RooAbsReal::logEvalError(n_exp_binpass_SIG_proc_Signal_M1000MeV_SR) evaluation error, 
 origin       : ProcessNormalization::n_exp_binpass_SIG_proc_Signal_M1000MeV_SR[ thetaList=(lumi) asymmThetaList=() otherFactorList=(r) ]
 message      : function value is NAN
 server values: thetaList=(lumi = -nan +/- 0), asymmThetaList=(), otherFactorList=(r = 2.38807 +/- 0)
WARNING: underflow to -nan in pdf_binpass_SIG_obsOnly for bin 0, weight 0.172936
[#0] ERROR:Eval -- RooAbsReal::logEvalError(pass_SIG) evaluation error, 
 origin       : RooAbsReal::pass_SIG[ params=(Backgroundfail_SIG_bin_1-1,Backgroundrpf_2x0_par0,Backgroundrpf_2x0_par1,Backgroundrpf_2x0_par2,Backgroundrpf_2x0_par3,lumi,n_exp_binpass_SIG_proc_Background_2x0,r) catParams=() ]
 message      : Number of events is negative or error
 server values: params=(Backgroundfail_SIG_bin_1-1 = 35.7159 +/- 0,Backgroundrpf_2x0_par0 = 0.128968 +/- 0,Backgroundrpf_2x0_par1 = -12.7415 +/- 0,Backgroundrpf_2x0_par2 = -997.155 +/- 0,Backgroundrpf_2x0_par3 = 0.126304 +/- 0,lumi = -nan +/- 0,n_exp_binpass_SIG_proc_Background_2x0 = 1,r = 2.38807 +/- 0), catParams=()
FASTEXIT from pdf_binpass_SIG_obsOnly
[#0] ERROR:Eval -- RooAbsReal::logEvalError(n_exp_binpass_HIGH_proc_Signal_M1000MeV_SR) evaluation error, 
 origin       : ProcessNormalization::n_exp_binpass_HIGH_proc_Signal_M1000MeV_SR[ thetaList=(lumi) asymmThetaList=() otherFactorList=(r) ]
 message      : function value is NAN
 server values: thetaList=(lumi = -nan +/- 0), asymmThetaList=(), otherFactorList=(r = 2.38807 +/- 0)
WARNING: underflow to -nan in pdf_binpass_HIGH_obsOnly for bin 0, weight 0.0147251
[#0] ERROR:Eval -- RooAbsReal::logEvalError(pass_HIGH) evaluation error, 
 origin       : RooAbsReal::pass_HIGH[ params=(Backgroundfail_HIGH_bin_1-1,Backgroundfail_HIGH_bin_2-1,Backgroundrpf_2x0_par0,Backgroundrpf_2x0_par1,Backgroundrpf_2x0_par2,Backgroundrpf_2x0_par3,lumi,n_exp_binpass_HIGH_proc_Background_2x0,r) catParams=() ]
 message      : Number of events is negative or error
 server values: params=(Backgroundfail_HIGH_bin_1-1 = 6.21111 +/- 0,Backgroundfail_HIGH_bin_2-1 = 1.59431 +/- 0,Backgroundrpf_2x0_par0 = 0.128968 +/- 0,Backgroundrpf_2x0_par1 = -12.7415 +/- 0,Backgroundrpf_2x0_par2 = -997.155 +/- 0,Backgroundrpf_2x0_par3 = 0.126304 +/- 0,lumi = -nan +/- 0,n_exp_binpass_HIGH_proc_Background_2x0 = 1,r = 2.38807 +/- 0), catParams=()
FASTEXIT from pdf_binpass_HIGH_obsOnly
[#0] ERROR:Eval -- RooAbsReal::logEvalError(n_exp_binfail_LOW_proc_Signal_M1000MeV_SR) evaluation error, 
 origin       : ProcessNormalization::n_exp_binfail_LOW_proc_Signal_M1000MeV_SR[ thetaList=(lumi) asymmThetaList=() otherFactorList=(r) ]
 message      : function value is NAN
 server values: thetaList=(lumi = -nan +/- 0), asymmThetaList=(), otherFactorList=(r = 2.38807 +/- 0)
WARNING: underflow to -nan in pdf_binfail_LOW_obsOnly for bin 0, weight 26606
[#0] ERROR:Eval -- RooAbsReal::logEvalError(fail_LOW) evaluation error, 
 origin       : RooAbsReal::fail_LOW[ params=(Backgroundfail_LOW_bin_1-1,Backgroundfail_LOW_bin_2-1,lumi,n_exp_binfail_LOW_proc_Background,r) catParams=() ]
 message      : Number of events is negative or error
 server values: params=(Backgroundfail_LOW_bin_1-1 = 26605.6 +/- 0,Backgroundfail_LOW_bin_2-1 = 153.283 +/- 0,lumi = -nan +/- 0,n_exp_binfail_LOW_proc_Background = 1,r = 2.38807 +/- 0), catParams=()
FASTEXIT from pdf_binfail_LOW_obsOnly
[#0] ERROR:Eval -- RooAbsReal::logEvalError(n_exp_binfail_SIG_proc_Signal_M1000MeV_SR) evaluation error, 
 origin       : ProcessNormalization::n_exp_binfail_SIG_proc_Signal_M1000MeV_SR[ thetaList=(lumi) asymmThetaList=() otherFactorList=(r) ]
 message      : function value is NAN
 server values: thetaList=(lumi = -nan +/- 0), asymmThetaList=(), otherFactorList=(r = 2.38807 +/- 0)
WARNING: underflow to -nan in pdf_binfail_SIG_obsOnly for bin 0, weight 37.0297
[#0] ERROR:Eval -- RooAbsReal::logEvalError(fail_SIG) evaluation error, 
 origin       : RooAbsReal::fail_SIG[ params=(Backgroundfail_SIG_bin_1-1,lumi,n_exp_binfail_SIG_proc_Background,r) catParams=() ]
 message      : Number of events is negative or error
 server values: params=(Backgroundfail_SIG_bin_1-1 = 35.7159 +/- 0,lumi = -nan +/- 0,n_exp_binfail_SIG_proc_Background = 1,r = 2.38807 +/- 0), catParams=()
FASTEXIT from pdf_binfail_SIG_obsOnly
[#0] ERROR:Eval -- RooAbsReal::logEvalError(n_exp_binfail_HIGH_proc_Signal_M1000MeV_SR) evaluation error, 
 origin       : ProcessNormalization::n_exp_binfail_HIGH_proc_Signal_M1000MeV_SR[ thetaList=(lumi) asymmThetaList=() otherFactorList=(r) ]
 message      : function value is NAN
 server values: thetaList=(lumi = -nan +/- 0), asymmThetaList=(), otherFactorList=(r = 2.38807 +/- 0)
WARNING: underflow to -nan in pdf_binfail_HIGH_obsOnly for bin 0, weight 6.84588
[#0] ERROR:Eval -- RooAbsReal::logEvalError(fail_HIGH) evaluation error, 
 origin       : RooAbsReal::fail_HIGH[ params=(Backgroundfail_HIGH_bin_1-1,Backgroundfail_HIGH_bin_2-1,lumi,n_exp_binfail_HIGH_proc_Background,r) catParams=() ]
 message      : Number of events is negative or error
 server values: params=(Backgroundfail_HIGH_bin_1-1 = 6.21111 +/- 0,Backgroundfail_HIGH_bin_2-1 = 1.59431 +/- 0,lumi = -nan +/- 0,n_exp_binfail_HIGH_proc_Background = 1,r = 2.38807 +/- 0), catParams=()
FASTEXIT from pdf_binfail_HIGH_obsOnly
[#0] ERROR:Eval -- RooAbsReal::logEvalError() evaluation error, 
 origin       : RooAbsReal::[ params=(lumi,lumi_In,Backgroundfail_LOW_bin_1-1,Backgroundfail_LOW_bin_2-1,Backgroundrpf_2x0_par0,Backgroundrpf_2x0_par1,Backgroundrpf_2x0_par2,Backgroundrpf_2x0_par3,n_exp_binpass_LOW_proc_Background_2x0,r,Backgroundfail_SIG_bin_1-1,n_exp_binpass_SIG_proc_Background_2x0,Backgroundfail_HIGH_bin_1-1,Backgroundfail_HIGH_bin_2-1,n_exp_binpass_HIGH_proc_Background_2x0,n_exp_binfail_LOW_proc_Background,n_exp_binfail_SIG_proc_Background,n_exp_binfail_HIGH_proc_Background) catParams=() ]
 message      : function value is NAN
 server values: params=(lumi = -nan +/- 0,lumi_In = 0,Backgroundfail_LOW_bin_1-1 = 26605.6 +/- 0,Backgroundfail_LOW_bin_2-1 = 153.283 +/- 0,Backgroundrpf_2x0_par0 = 0.128968 +/- 0,Backgroundrpf_2x0_par1 = -12.7415 +/- 0,Backgroundrpf_2x0_par2 = -997.155 +/- 0,Backgroundrpf_2x0_par3 = 0.126304 +/- 0,n_exp_binpass_LOW_proc_Background_2x0 = 1,r = 2.38807 +/- 0,Backgroundfail_SIG_bin_1-1 = 35.7159 +/- 0,n_exp_binpass_SIG_proc_Background_2x0 = 1,Backgroundfail_HIGH_bin_1-1 = 6.21111 +/- 0,Backgroundfail_HIGH_bin_2-1 = 1.59431 +/- 0,n_exp_binpass_HIGH_proc_Background_2x0 = 1,n_exp_binfail_LOW_proc_Background = 1,n_exp_binfail_SIG_proc_Background = 1,n_exp_binfail_HIGH_proc_Background = 1), catParams=()
[#0] ERROR:Eval -- RooAbsReal::logEvalError(n_exp_binpass_LOW_proc_Signal_M1000MeV_SR) evaluation error, 
 origin       : ProcessNormalization::n_exp_binpass_LOW_proc_Signal_M1000MeV_SR[ thetaList=(lumi) asymmThetaList=() otherFactorList=(r) ]
 message      : function value is NAN
 server values: thetaList=(lumi = -nan +/- 0), asymmThetaList=(), otherFactorList=(r = 2.38807 +/- 0)
WARNING: underflow to -nan in pdf_binpass_LOW_obsOnly for bin 0, weight 43.6954
[#0] ERROR:Eval -- RooAbsReal::logEvalError(pass_LOW) evaluation error, 
 origin       : RooAbsReal::pass_LOW[ params=(Backgroundfail_LOW_bin_1-1,Backgroundfail_LOW_bin_2-1,Backgroundrpf_2x0_par0,Backgroundrpf_2x0_par1,Backgroundrpf_2x0_par2,Backgroundrpf_2x0_par3,lumi,n_exp_binpass_LOW_proc_Background_2x0,r) catParams=() ]
 message      : Number of events is negative or error
 server values: params=(Backgroundfail_LOW_bin_1-1 = 26605.6 +/- 0,Backgroundfail_LOW_bin_2-1 = 164.565 +/- 0,Backgroundrpf_2x0_par0 = 0.128968 +/- 0,Backgroundrpf_2x0_par1 = -12.7415 +/- 0,Backgroundrpf_2x0_par2 = -997.155 +/- 0,Backgroundrpf_2x0_par3 = 0.126304 +/- 0,lumi = -nan +/- 0,n_exp_binpass_LOW_proc_Background_2x0 = 1,r = 2.38807 +/- 0), catParams=()
FASTEXIT from pdf_binpass_LOW_obsOnly
[#0] ERROR:Eval -- RooAbsReal::logEvalError(n_exp_binpass_SIG_proc_Signal_M1000MeV_SR) evaluation error, 
 origin       : ProcessNormalization::n_exp_binpass_SIG_proc_Signal_M1000MeV_SR[ thetaList=(lumi) asymmThetaList=() otherFactorList=(r) ]
 message      : function value is NAN
 server values: thetaList=(lumi = -nan +/- 0), asymmThetaList=(), otherFactorList=(r = 2.38807 +/- 0)
WARNING: underflow to -nan in pdf_binpass_SIG_obsOnly for bin 0, weight 0.172936
[#0] ERROR:Eval -- RooAbsReal::logEvalError(pass_SIG) evaluation error, 
 origin       : RooAbsReal::pass_SIG[ params=(Backgroundfail_SIG_bin_1-1,Backgroundrpf_2x0_par0,Backgroundrpf_2x0_par1,Backgroundrpf_2x0_par2,Backgroundrpf_2x0_par3,lumi,n_exp_binpass_SIG_proc_Background_2x0,r) catParams=() ]
 message      : Number of events is negative or error
 server values: params=(Backgroundfail_SIG_bin_1-1 = 35.7159 +/- 0,Backgroundrpf_2x0_par0 = 0.128968 +/- 0,Backgroundrpf_2x0_par1 = -12.7415 +/- 0,Backgroundrpf_2x0_par2 = -997.155 +/- 0,Backgroundrpf_2x0_par3 = 0.126304 +/- 0,lumi = -nan +/- 0,n_exp_binpass_SIG_proc_Background_2x0 = 1,r = 2.38807 +/- 0), catParams=()
FASTEXIT from pdf_binpass_SIG_obsOnly
[#0] ERROR:Eval -- RooAbsReal::logEvalError(n_exp_binpass_HIGH_proc_Signal_M1000MeV_SR) evaluation error, 
 origin       : ProcessNormalization::n_exp_binpass_HIGH_proc_Signal_M1000MeV_SR[ thetaList=(lumi) asymmThetaList=() otherFactorList=(r) ]
 message      : function value is NAN
 server values: thetaList=(lumi = -nan +/- 0), asymmThetaList=(), otherFactorList=(r = 2.38807 +/- 0)
WARNING: underflow to -nan in pdf_binpass_HIGH_obsOnly for bin 0, weight 0.0147251
[#0] ERROR:Eval -- RooAbsReal::logEvalError(pass_HIGH) evaluation error, 
 origin       : RooAbsReal::pass_HIGH[ params=(Backgroundfail_HIGH_bin_1-1,Backgroundfail_HIGH_bin_2-1,Backgroundrpf_2x0_par0,Backgroundrpf_2x0_par1,Backgroundrpf_2x0_par2,Backgroundrpf_2x0_par3,lumi,n_exp_binpass_HIGH_proc_Background_2x0,r) catParams=() ]
 message      : Number of events is negative or error
 server values: params=(Backgroundfail_HIGH_bin_1-1 = 6.21111 +/- 0,Backgroundfail_HIGH_bin_2-1 = 1.59431 +/- 0,Backgroundrpf_2x0_par0 = 0.128968 +/- 0,Backgroundrpf_2x0_par1 = -12.7415 +/- 0,Backgroundrpf_2x0_par2 = -997.155 +/- 0,Backgroundrpf_2x0_par3 = 0.126304 +/- 0,lumi = -nan +/- 0,n_exp_binpass_HIGH_proc_Background_2x0 = 1,r = 2.38807 +/- 0), catParams=()
FASTEXIT from pdf_binpass_HIGH_obsOnly
[#0] ERROR:Eval -- RooAbsReal::logEvalError(n_exp_binfail_LOW_proc_Signal_M1000MeV_SR) evaluation error, 
 origin       : ProcessNormalization::n_exp_binfail_LOW_proc_Signal_M1000MeV_SR[ thetaList=(lumi) asymmThetaList=() otherFactorList=(r) ]
 message      : function value is NAN
 server values: thetaList=(lumi = -nan +/- 0), asymmThetaList=(), otherFactorList=(r = 2.38807 +/- 0)
WARNING: underflow to -nan in pdf_binfail_LOW_obsOnly for bin 0, weight 26606
[#0] ERROR:Eval -- RooAbsReal::logEvalError(fail_LOW) evaluation error, 
 origin       : RooAbsReal::fail_LOW[ params=(Backgroundfail_LOW_bin_1-1,Backgroundfail_LOW_bin_2-1,lumi,n_exp_binfail_LOW_proc_Background,r) catParams=() ]
 message      : Number of events is negative or error
 server values: params=(Backgroundfail_LOW_bin_1-1 = 26605.6 +/- 0,Backgroundfail_LOW_bin_2-1 = 164.565 +/- 0,lumi = -nan +/- 0,n_exp_binfail_LOW_proc_Background = 1,r = 2.38807 +/- 0), catParams=()
FASTEXIT from pdf_binfail_LOW_obsOnly
[#0] ERROR:Eval -- RooAbsReal::logEvalError(n_exp_binfail_SIG_proc_Signal_M1000MeV_SR) evaluation error, 
 origin       : ProcessNormalization::n_exp_binfail_SIG_proc_Signal_M1000MeV_SR[ thetaList=(lumi) asymmThetaList=() otherFactorList=(r) ]
 message      : function value is NAN
 server values: thetaList=(lumi = -nan +/- 0), asymmThetaList=(), otherFactorList=(r = 2.38807 +/- 0)
WARNING: underflow to -nan in pdf_binfail_SIG_obsOnly for bin 0, weight 37.0297
[#0] ERROR:Eval -- RooAbsReal::logEvalError(fail_SIG) evaluation error, 
 origin       : RooAbsReal::fail_SIG[ params=(Backgroundfail_SIG_bin_1-1,lumi,n_exp_binfail_SIG_proc_Background,r) catParams=() ]
 message      : Number of events is negative or error
 server values: params=(Backgroundfail_SIG_bin_1-1 = 35.7159 +/- 0,lumi = -nan +/- 0,n_exp_binfail_SIG_proc_Background = 1,r = 2.38807 +/- 0), catParams=()
FASTEXIT from pdf_binfail_SIG_obsOnly
[#0] ERROR:Eval -- RooAbsReal::logEvalError(n_exp_binfail_HIGH_proc_Signal_M1000MeV_SR) evaluation error, 
 origin       : ProcessNormalization::n_exp_binfail_HIGH_proc_Signal_M1000MeV_SR[ thetaList=(lumi) asymmThetaList=() otherFactorList=(r) ]
 message      : function value is NAN
 server values: thetaList=(lumi = -nan +/- 0), asymmThetaList=(), otherFactorList=(r = 2.38807 +/- 0)
WARNING: underflow to -nan in pdf_binfail_HIGH_obsOnly for bin 0, weight 6.84588
[#0] ERROR:Eval -- RooAbsReal::logEvalError(fail_HIGH) evaluation error, 
 origin       : RooAbsReal::fail_HIGH[ params=(Backgroundfail_HIGH_bin_1-1,Backgroundfail_HIGH_bin_2-1,lumi,n_exp_binfail_HIGH_proc_Background,r) catParams=() ]
 message      : Number of events is negative or error
 server values: params=(Backgroundfail_HIGH_bin_1-1 = 6.21111 +/- 0,Backgroundfail_HIGH_bin_2-1 = 1.59431 +/- 0,lumi = -nan +/- 0,n_exp_binfail_HIGH_proc_Background = 1,r = 2.38807 +/- 0), catParams=()
FASTEXIT from pdf_binfail_HIGH_obsOnly
[#0] ERROR:Eval -- RooAbsReal::logEvalError() evaluation error, 
 origin       : RooAbsReal::[ params=(lumi,lumi_In,Backgroundfail_LOW_bin_1-1,Backgroundfail_LOW_bin_2-1,Backgroundrpf_2x0_par0,Backgroundrpf_2x0_par1,Backgroundrpf_2x0_par2,Backgroundrpf_2x0_par3,n_exp_binpass_LOW_proc_Background_2x0,r,Backgroundfail_SIG_bin_1-1,n_exp_binpass_SIG_proc_Background_2x0,Backgroundfail_HIGH_bin_1-1,Backgroundfail_HIGH_bin_2-1,n_exp_binpass_HIGH_proc_Background_2x0,n_exp_binfail_LOW_proc_Background,n_exp_binfail_SIG_proc_Background,n_exp_binfail_HIGH_proc_Background) catParams=() ]
 message      : function value is NAN
 server values: params=(lumi = -nan +/- 0,lumi_In = 0,Backgroundfail_LOW_bin_1-1 = 26605.6 +/- 0,Backgroundfail_LOW_bin_2-1 = 164.565 +/- 0,Backgroundrpf_2x0_par0 = 0.128968 +/- 0,Backgroundrpf_2x0_par1 = -12.7415 +/- 0,Backgroundrpf_2x0_par2 = -997.155 +/- 0,Backgroundrpf_2x0_par3 = 0.126304 +/- 0,n_exp_binpass_LOW_proc_Background_2x0 = 1,r = 2.38807 +/- 0,Backgroundfail_SIG_bin_1-1 = 35.7159 +/- 0,n_exp_binpass_SIG_proc_Background_2x0 = 1,Backgroundfail_HIGH_bin_1-1 = 6.21111 +/- 0,Backgroundfail_HIGH_bin_2-1 = 1.59431 +/- 0,n_exp_binpass_HIGH_proc_Background_2x0 = 1,n_exp_binfail_LOW_proc_Background = 1,n_exp_binfail_SIG_proc_Background = 1,n_exp_binfail_HIGH_proc_Background = 1), catParams=()
[#0] ERROR:Eval -- RooAbsReal::logEvalError(n_exp_binpass_LOW_proc_Signal_M1000MeV_SR) evaluation error, 
 origin       : ProcessNormalization::n_exp_binpass_LOW_proc_Signal_M1000MeV_SR[ thetaList=(lumi) asymmThetaList=() otherFactorList=(r) ]
 message      : function value is NAN
 server values: thetaList=(lumi = -nan +/- 0), asymmThetaList=(), otherFactorList=(r = 2.38807 +/- 0)
WARNING: underflow to -nan in pdf_binpass_LOW_obsOnly for bin 0, weight 43.6954
[#0] ERROR:Eval -- RooAbsReal::logEvalError(pass_LOW) evaluation error, 
 origin       : RooAbsReal::pass_LOW[ params=(Backgroundfail_LOW_bin_1-1,Backgroundfail_LOW_bin_2-1,Backgroundrpf_2x0_par0,Backgroundrpf_2x0_par1,Backgroundrpf_2x0_par2,Backgroundrpf_2x0_par3,lumi,n_exp_binpass_LOW_proc_Background_2x0,r) catParams=() ]
 message      : Number of events is negative or error
 server values: params=(Backgroundfail_LOW_bin_1-1 = 26605.6 +/- 0,Backgroundfail_LOW_bin_2-1 = 153.283 +/- 0,Backgroundrpf_2x0_par0 = 0.128968 +/- 0,Backgroundrpf_2x0_par1 = -12.7415 +/- 0,Backgroundrpf_2x0_par2 = -997.155 +/- 0,Backgroundrpf_2x0_par3 = 0.126304 +/- 0,lumi = -nan +/- 0,n_exp_binpass_LOW_proc_Background_2x0 = 1,r = 2.38807 +/- 0), catParams=()
FASTEXIT from pdf_binpass_LOW_obsOnly
[#0] ERROR:Eval -- RooAbsReal::logEvalError(n_exp_binpass_SIG_proc_Signal_M1000MeV_SR) evaluation error, 
 origin       : ProcessNormalization::n_exp_binpass_SIG_proc_Signal_M1000MeV_SR[ thetaList=(lumi) asymmThetaList=() otherFactorList=(r) ]
 message      : function value is NAN
 server values: thetaList=(lumi = -nan +/- 0), asymmThetaList=(), otherFactorList=(r = 2.38807 +/- 0)
WARNING: underflow to -nan in pdf_binpass_SIG_obsOnly for bin 0, weight 0.172936
[#0] ERROR:Eval -- RooAbsReal::logEvalError(pass_SIG) evaluation error, 
 origin       : RooAbsReal::pass_SIG[ params=(Backgroundfail_SIG_bin_1-1,Backgroundrpf_2x0_par0,Backgroundrpf_2x0_par1,Backgroundrpf_2x0_par2,Backgroundrpf_2x0_par3,lumi,n_exp_binpass_SIG_proc_Background_2x0,r) catParams=() ]
 message      : Number of events is negative or error
 server values: params=(Backgroundfail_SIG_bin_1-1 = 35.7159 +/- 0,Backgroundrpf_2x0_par0 = 0.128968 +/- 0,Backgroundrpf_2x0_par1 = -12.7415 +/- 0,Backgroundrpf_2x0_par2 = -997.155 +/- 0,Backgroundrpf_2x0_par3 = 0.126304 +/- 0,lumi = -nan +/- 0,n_exp_binpass_SIG_proc_Background_2x0 = 1,r = 2.38807 +/- 0), catParams=()
FASTEXIT from pdf_binpass_SIG_obsOnly
[#0] ERROR:Eval -- RooAbsReal::logEvalError(n_exp_binpass_HIGH_proc_Signal_M1000MeV_SR) evaluation error, 
 origin       : ProcessNormalization::n_exp_binpass_HIGH_proc_Signal_M1000MeV_SR[ thetaList=(lumi) asymmThetaList=() otherFactorList=(r) ]
 message      : function value is NAN
 server values: thetaList=(lumi = -nan +/- 0), asymmThetaList=(), otherFactorList=(r = 2.38807 +/- 0)
WARNING: underflow to -nan in pdf_binpass_HIGH_obsOnly for bin 0, weight 0.0147251
[#0] ERROR:Eval -- RooAbsReal::logEvalError(pass_HIGH) evaluation error, 
 origin       : RooAbsReal::pass_HIGH[ params=(Backgroundfail_HIGH_bin_1-1,Backgroundfail_HIGH_bin_2-1,Backgroundrpf_2x0_par0,Backgroundrpf_2x0_par1,Backgroundrpf_2x0_par2,Backgroundrpf_2x0_par3,lumi,n_exp_binpass_HIGH_proc_Background_2x0,r) catParams=() ]
 message      : Number of events is negative or error
 server values: params=(Backgroundfail_HIGH_bin_1-1 = 6.21111 +/- 0,Backgroundfail_HIGH_bin_2-1 = 1.59431 +/- 0,Backgroundrpf_2x0_par0 = 0.128968 +/- 0,Backgroundrpf_2x0_par1 = -12.7415 +/- 0,Backgroundrpf_2x0_par2 = -997.155 +/- 0,Backgroundrpf_2x0_par3 = 0.126304 +/- 0,lumi = -nan +/- 0,n_exp_binpass_HIGH_proc_Background_2x0 = 1,r = 2.38807 +/- 0), catParams=()
FASTEXIT from pdf_binpass_HIGH_obsOnly
[#0] ERROR:Eval -- RooAbsReal::logEvalError(n_exp_binfail_LOW_proc_Signal_M1000MeV_SR) evaluation error, 
 origin       : ProcessNormalization::n_exp_binfail_LOW_proc_Signal_M1000MeV_SR[ thetaList=(lumi) asymmThetaList=() otherFactorList=(r) ]
 message      : function value is NAN
 server values: thetaList=(lumi = -nan +/- 0), asymmThetaList=(), otherFactorList=(r = 2.38807 +/- 0)
WARNING: underflow to -nan in pdf_binfail_LOW_obsOnly for bin 0, weight 26606
[#0] ERROR:Eval -- RooAbsReal::logEvalError(fail_LOW) evaluation error, 
 origin       : RooAbsReal::fail_LOW[ params=(Backgroundfail_LOW_bin_1-1,Backgroundfail_LOW_bin_2-1,lumi,n_exp_binfail_LOW_proc_Background,r) catParams=() ]
 message      : Number of events is negative or error
 server values: params=(Backgroundfail_LOW_bin_1-1 = 26605.6 +/- 0,Backgroundfail_LOW_bin_2-1 = 153.283 +/- 0,lumi = -nan +/- 0,n_exp_binfail_LOW_proc_Background = 1,r = 2.38807 +/- 0), catParams=()
FASTEXIT from pdf_binfail_LOW_obsOnly
[#0] ERROR:Eval -- RooAbsReal::logEvalError(n_exp_binfail_SIG_proc_Signal_M1000MeV_SR) evaluation error, 
 origin       : ProcessNormalization::n_exp_binfail_SIG_proc_Signal_M1000MeV_SR[ thetaList=(lumi) asymmThetaList=() otherFactorList=(r) ]
 message      : function value is NAN
 server values: thetaList=(lumi = -nan +/- 0), asymmThetaList=(), otherFactorList=(r = 2.38807 +/- 0)
WARNING: underflow to -nan in pdf_binfail_SIG_obsOnly for bin 0, weight 37.0297
[#0] ERROR:Eval -- RooAbsReal::logEvalError(fail_SIG) evaluation error, 
 origin       : RooAbsReal::fail_SIG[ params=(Backgroundfail_SIG_bin_1-1,lumi,n_exp_binfail_SIG_proc_Background,r) catParams=() ]
 message      : Number of events is negative or error
 server values: params=(Backgroundfail_SIG_bin_1-1 = 35.7159 +/- 0,lumi = -nan +/- 0,n_exp_binfail_SIG_proc_Background = 1,r = 2.38807 +/- 0), catParams=()
FASTEXIT from pdf_binfail_SIG_obsOnly
[#0] ERROR:Eval -- RooAbsReal::logEvalError(n_exp_binfail_HIGH_proc_Signal_M1000MeV_SR) evaluation error, 
 origin       : ProcessNormalization::n_exp_binfail_HIGH_proc_Signal_M1000MeV_SR[ thetaList=(lumi) asymmThetaList=() otherFactorList=(r) ]
 message      : function value is NAN
 server values: thetaList=(lumi = -nan +/- 0), asymmThetaList=(), otherFactorList=(r = 2.38807 +/- 0)
WARNING: underflow to -nan in pdf_binfail_HIGH_obsOnly for bin 0, weight 6.84588
[#0] ERROR:Eval -- RooAbsReal::logEvalError(fail_HIGH) evaluation error, 
 origin       : RooAbsReal::fail_HIGH[ params=(Backgroundfail_HIGH_bin_1-1,Backgroundfail_HIGH_bin_2-1,lumi,n_exp_binfail_HIGH_proc_Background,r) catParams=() ]
 message      : Number of events is negative or error
 server values: params=(Backgroundfail_HIGH_bin_1-1 = 6.21111 +/- 0,Backgroundfail_HIGH_bin_2-1 = 1.59431 +/- 0,lumi = -nan +/- 0,n_exp_binfail_HIGH_proc_Background = 1,r = 2.38807 +/- 0), catParams=()
FASTEXIT from pdf_binfail_HIGH_obsOnly
[#0] ERROR:Eval -- RooAbsReal::logEvalError() evaluation error, 
 origin       : RooAbsReal::[ params=(lumi,lumi_In,Backgroundfail_LOW_bin_1-1,Backgroundfail_LOW_bin_2-1,Backgroundrpf_2x0_par0,Backgroundrpf_2x0_par1,Backgroundrpf_2x0_par2,Backgroundrpf_2x0_par3,n_exp_binpass_LOW_proc_Background_2x0,r,Backgroundfail_SIG_bin_1-1,n_exp_binpass_SIG_proc_Background_2x0,Backgroundfail_HIGH_bin_1-1,Backgroundfail_HIGH_bin_2-1,n_exp_binpass_HIGH_proc_Background_2x0,n_exp_binfail_LOW_proc_Background,n_exp_binfail_SIG_proc_Background,n_exp_binfail_HIGH_proc_Background) catParams=() ]
 message      : function value is NAN
 server values: params=(lumi = -nan +/- 0,lumi_In = 0,Backgroundfail_LOW_bin_1-1 = 26605.6 +/- 0,Backgroundfail_LOW_bin_2-1 = 153.283 +/- 0,Backgroundrpf_2x0_par0 = 0.128968 +/- 0,Backgroundrpf_2x0_par1 = -12.7415 +/- 0,Backgroundrpf_2x0_par2 = -997.155 +/- 0,Backgroundrpf_2x0_par3 = 0.126304 +/- 0,n_exp_binpass_LOW_proc_Background_2x0 = 1,r = 2.38807 +/- 0,Backgroundfail_SIG_bin_1-1 = 35.7159 +/- 0,n_exp_binpass_SIG_proc_Background_2x0 = 1,Backgroundfail_HIGH_bin_1-1 = 6.21111 +/- 0,Backgroundfail_HIGH_bin_2-1 = 1.59431 +/- 0,n_exp_binpass_HIGH_proc_Background_2x0 = 1,n_exp_binfail_LOW_proc_Background = 1,n_exp_binfail_SIG_proc_Background = 1,n_exp_binfail_HIGH_proc_Background = 1), catParams=()
[#0] ERROR:Eval -- RooAbsReal::logEvalError(n_exp_binpass_LOW_proc_Signal_M1000MeV_SR) evaluation error, 
 origin       : ProcessNormalization::n_exp_binpass_LOW_proc_Signal_M1000MeV_SR[ thetaList=(lumi) asymmThetaList=() otherFactorList=(r) ]
 message      : function value is NAN
 server values: thetaList=(lumi = -nan +/- 0), asymmThetaList=(), otherFactorList=(r = 2.38807 +/- 0)
WARNING: underflow to -nan in pdf_binpass_LOW_obsOnly for bin 0, weight 43.6954
[#0] ERROR:Eval -- RooAbsReal::logEvalError(pass_LOW) evaluation error, 
 origin       : RooAbsReal::pass_LOW[ params=(Backgroundfail_LOW_bin_1-1,Backgroundfail_LOW_bin_2-1,Backgroundrpf_2x0_par0,Backgroundrpf_2x0_par1,Backgroundrpf_2x0_par2,Backgroundrpf_2x0_par3,lumi,n_exp_binpass_LOW_proc_Background_2x0,r) catParams=() ]
 message      : Number of events is negative or error
 server values: params=(Backgroundfail_LOW_bin_1-1 = 26605.6 +/- 0,Backgroundfail_LOW_bin_2-1 = 164.565 +/- 0,Backgroundrpf_2x0_par0 = 0.128968 +/- 0,Backgroundrpf_2x0_par1 = -12.7415 +/- 0,Backgroundrpf_2x0_par2 = -997.155 +/- 0,Backgroundrpf_2x0_par3 = 0.126304 +/- 0,lumi = -nan +/- 0,n_exp_binpass_LOW_proc_Background_2x0 = 1,r = 2.38807 +/- 0), catParams=()
FASTEXIT from pdf_binpass_LOW_obsOnly
[#0] ERROR:Eval -- RooAbsReal::logEvalError(n_exp_binpass_SIG_proc_Signal_M1000MeV_SR) evaluation error, 
 origin       : ProcessNormalization::n_exp_binpass_SIG_proc_Signal_M1000MeV_SR[ thetaList=(lumi) asymmThetaList=() otherFactorList=(r) ]
 message      : function value is NAN
 server values: thetaList=(lumi = -nan +/- 0), asymmThetaList=(), otherFactorList=(r = 2.38807 +/- 0)
WARNING: underflow to -nan in pdf_binpass_SIG_obsOnly for bin 0, weight 0.172936
[#0] ERROR:Eval -- RooAbsReal::logEvalError(pass_SIG) evaluation error, 
 origin       : RooAbsReal::pass_SIG[ params=(Backgroundfail_SIG_bin_1-1,Backgroundrpf_2x0_par0,Backgroundrpf_2x0_par1,Backgroundrpf_2x0_par2,Backgroundrpf_2x0_par3,lumi,n_exp_binpass_SIG_proc_Background_2x0,r) catParams=() ]
 message      : Number of events is negative or error
 server values: params=(Backgroundfail_SIG_bin_1-1 = 35.7159 +/- 0,Backgroundrpf_2x0_par0 = 0.128968 +/- 0,Backgroundrpf_2x0_par1 = -12.7415 +/- 0,Backgroundrpf_2x0_par2 = -997.155 +/- 0,Backgroundrpf_2x0_par3 = 0.126304 +/- 0,lumi = -nan +/- 0,n_exp_binpass_SIG_proc_Background_2x0 = 1,r = 2.38807 +/- 0), catParams=()
FASTEXIT from pdf_binpass_SIG_obsOnly
[#0] ERROR:Eval -- RooAbsReal::logEvalError(n_exp_binpass_HIGH_proc_Signal_M1000MeV_SR) evaluation error, 
 origin       : ProcessNormalization::n_exp_binpass_HIGH_proc_Signal_M1000MeV_SR[ thetaList=(lumi) asymmThetaList=() otherFactorList=(r) ]
 message      : function value is NAN
 server values: thetaList=(lumi = -nan +/- 0), asymmThetaList=(), otherFactorList=(r = 2.38807 +/- 0)
WARNING: underflow to -nan in pdf_binpass_HIGH_obsOnly for bin 0, weight 0.0147251
[#0] ERROR:Eval -- RooAbsReal::logEvalError(pass_HIGH) evaluation error, 
 origin       : RooAbsReal::pass_HIGH[ params=(Backgroundfail_HIGH_bin_1-1,Backgroundfail_HIGH_bin_2-1,Backgroundrpf_2x0_par0,Backgroundrpf_2x0_par1,Backgroundrpf_2x0_par2,Backgroundrpf_2x0_par3,lumi,n_exp_binpass_HIGH_proc_Background_2x0,r) catParams=() ]
 message      : Number of events is negative or error
 server values: params=(Backgroundfail_HIGH_bin_1-1 = 6.21111 +/- 0,Backgroundfail_HIGH_bin_2-1 = 1.59431 +/- 0,Backgroundrpf_2x0_par0 = 0.128968 +/- 0,Backgroundrpf_2x0_par1 = -12.7415 +/- 0,Backgroundrpf_2x0_par2 = -997.155 +/- 0,Backgroundrpf_2x0_par3 = 0.126304 +/- 0,lumi = -nan +/- 0,n_exp_binpass_HIGH_proc_Background_2x0 = 1,r = 2.38807 +/- 0), catParams=()
FASTEXIT from pdf_binpass_HIGH_obsOnly
[#0] ERROR:Eval -- RooAbsReal::logEvalError(n_exp_binfail_LOW_proc_Signal_M1000MeV_SR) evaluation error, 
 origin       : ProcessNormalization::n_exp_binfail_LOW_proc_Signal_M1000MeV_SR[ thetaList=(lumi) asymmThetaList=() otherFactorList=(r) ]
 message      : function value is NAN
 server values: thetaList=(lumi = -nan +/- 0), asymmThetaList=(), otherFactorList=(r = 2.38807 +/- 0)
WARNING: underflow to -nan in pdf_binfail_LOW_obsOnly for bin 0, weight 26606
[#0] ERROR:Eval -- RooAbsReal::logEvalError(fail_LOW) evaluation error, 
 origin       : RooAbsReal::fail_LOW[ params=(Backgroundfail_LOW_bin_1-1,Backgroundfail_LOW_bin_2-1,lumi,n_exp_binfail_LOW_proc_Background,r) catParams=() ]
 message      : Number of events is negative or error
 server values: params=(Backgroundfail_LOW_bin_1-1 = 26605.6 +/- 0,Backgroundfail_LOW_bin_2-1 = 164.565 +/- 0,lumi = -nan +/- 0,n_exp_binfail_LOW_proc_Background = 1,r = 2.38807 +/- 0), catParams=()
FASTEXIT from pdf_binfail_LOW_obsOnly
[#0] ERROR:Eval -- RooAbsReal::logEvalError(n_exp_binfail_SIG_proc_Signal_M1000MeV_SR) evaluation error, 
 origin       : ProcessNormalization::n_exp_binfail_SIG_proc_Signal_M1000MeV_SR[ thetaList=(lumi) asymmThetaList=() otherFactorList=(r) ]
 message      : function value is NAN
 server values: thetaList=(lumi = -nan +/- 0), asymmThetaList=(), otherFactorList=(r = 2.38807 +/- 0)
WARNING: underflow to -nan in pdf_binfail_SIG_obsOnly for bin 0, weight 37.0297
[#0] ERROR:Eval -- RooAbsReal::logEvalError(fail_SIG) evaluation error, 
 origin       : RooAbsReal::fail_SIG[ params=(Backgroundfail_SIG_bin_1-1,lumi,n_exp_binfail_SIG_proc_Background,r) catParams=() ]
 message      : Number of events is negative or error
 server values: params=(Backgroundfail_SIG_bin_1-1 = 35.7159 +/- 0,lumi = -nan +/- 0,n_exp_binfail_SIG_proc_Background = 1,r = 2.38807 +/- 0), catParams=()
FASTEXIT from pdf_binfail_SIG_obsOnly
[#0] ERROR:Eval -- RooAbsReal::logEvalError(n_exp_binfail_HIGH_proc_Signal_M1000MeV_SR) evaluation error, 
 origin       : ProcessNormalization::n_exp_binfail_HIGH_proc_Signal_M1000MeV_SR[ thetaList=(lumi) asymmThetaList=() otherFactorList=(r) ]
 message      : function value is NAN
 server values: thetaList=(lumi = -nan +/- 0), asymmThetaList=(), otherFactorList=(r = 2.38807 +/- 0)
WARNING: underflow to -nan in pdf_binfail_HIGH_obsOnly for bin 0, weight 6.84588
[#0] ERROR:Eval -- RooAbsReal::logEvalError(fail_HIGH) evaluation error, 
 origin       : RooAbsReal::fail_HIGH[ params=(Backgroundfail_HIGH_bin_1-1,Backgroundfail_HIGH_bin_2-1,lumi,n_exp_binfail_HIGH_proc_Background,r) catParams=() ]
 message      : Number of events is negative or error
 server values: params=(Backgroundfail_HIGH_bin_1-1 = 6.21111 +/- 0,Backgroundfail_HIGH_bin_2-1 = 1.59431 +/- 0,lumi = -nan +/- 0,n_exp_binfail_HIGH_proc_Background = 1,r = 2.38807 +/- 0), catParams=()
FASTEXIT from pdf_binfail_HIGH_obsOnly
[#0] ERROR:Eval -- RooAbsReal::logEvalError() evaluation error, 
 origin       : RooAbsReal::[ params=(lumi,lumi_In,Backgroundfail_LOW_bin_1-1,Backgroundfail_LOW_bin_2-1,Backgroundrpf_2x0_par0,Backgroundrpf_2x0_par1,Backgroundrpf_2x0_par2,Backgroundrpf_2x0_par3,n_exp_binpass_LOW_proc_Background_2x0,r,Backgroundfail_SIG_bin_1-1,n_exp_binpass_SIG_proc_Background_2x0,Backgroundfail_HIGH_bin_1-1,Backgroundfail_HIGH_bin_2-1,n_exp_binpass_HIGH_proc_Background_2x0,n_exp_binfail_LOW_proc_Background,n_exp_binfail_SIG_proc_Background,n_exp_binfail_HIGH_proc_Background) catParams=() ]
 message      : function value is NAN
 server values: params=(lumi = -nan +/- 0,lumi_In = 0,Backgroundfail_LOW_bin_1-1 = 26605.6 +/- 0,Backgroundfail_LOW_bin_2-1 = 164.565 +/- 0,Backgroundrpf_2x0_par0 = 0.128968 +/- 0,Backgroundrpf_2x0_par1 = -12.7415 +/- 0,Backgroundrpf_2x0_par2 = -997.155 +/- 0,Backgroundrpf_2x0_par3 = 0.126304 +/- 0,n_exp_binpass_LOW_proc_Background_2x0 = 1,r = 2.38807 +/- 0,Backgroundfail_SIG_bin_1-1 = 35.7159 +/- 0,n_exp_binpass_SIG_proc_Background_2x0 = 1,Backgroundfail_HIGH_bin_1-1 = 6.21111 +/- 0,Backgroundfail_HIGH_bin_2-1 = 1.59431 +/- 0,n_exp_binpass_HIGH_proc_Background_2x0 = 1,n_exp_binfail_LOW_proc_Background = 1,n_exp_binfail_SIG_proc_Background = 1,n_exp_binfail_HIGH_proc_Background = 1), catParams=()
[#0] ERROR:Eval -- RooAbsReal::logEvalError(n_exp_binpass_LOW_proc_Signal_M1000MeV_SR) evaluation error, 
 origin       : ProcessNormalization::n_exp_binpass_LOW_proc_Signal_M1000MeV_SR[ thetaList=(lumi) asymmThetaList=() otherFactorList=(r) ]
 message      : function value is NAN
 server values: thetaList=(lumi = -nan +/- 0), asymmThetaList=(), otherFactorList=(r = 2.38807 +/- 0)
WARNING: underflow to -nan in pdf_binpass_LOW_obsOnly for bin 0, weight 43.6954
[#0] ERROR:Eval -- RooAbsReal::logEvalError(pass_LOW) evaluation error, 
 origin       : RooAbsReal::pass_LOW[ params=(Backgroundfail_LOW_bin_1-1,Backgroundfail_LOW_bin_2-1,Backgroundrpf_2x0_par0,Backgroundrpf_2x0_par1,Backgroundrpf_2x0_par2,Backgroundrpf_2x0_par3,lumi,n_exp_binpass_LOW_proc_Background_2x0,r) catParams=() ]
 message      : Number of events is negative or error
 server values: params=(Backgroundfail_LOW_bin_1-1 = 26605.6 +/- 0,Backgroundfail_LOW_bin_2-1 = 158.843 +/- 0,Backgroundrpf_2x0_par0 = 0.456867 +/- 0,Backgroundrpf_2x0_par1 = -12.7415 +/- 0,Backgroundrpf_2x0_par2 = -997.155 +/- 0,Backgroundrpf_2x0_par3 = 0.126304 +/- 0,lumi = -nan +/- 0,n_exp_binpass_LOW_proc_Background_2x0 = 1,r = 2.38807 +/- 0), catParams=()
FASTEXIT from pdf_binpass_LOW_obsOnly
[#0] ERROR:Eval -- RooAbsReal::logEvalError(n_exp_binpass_SIG_proc_Signal_M1000MeV_SR) evaluation error, 
 origin       : ProcessNormalization::n_exp_binpass_SIG_proc_Signal_M1000MeV_SR[ thetaList=(lumi) asymmThetaList=() otherFactorList=(r) ]
 message      : function value is NAN
 server values: thetaList=(lumi = -nan +/- 0), asymmThetaList=(), otherFactorList=(r = 2.38807 +/- 0)
WARNING: underflow to -nan in pdf_binpass_SIG_obsOnly for bin 0, weight 0.172936
[#0] ERROR:Eval -- RooAbsReal::logEvalError(pass_SIG) evaluation error, 
 origin       : RooAbsReal::pass_SIG[ params=(Backgroundfail_SIG_bin_1-1,Backgroundrpf_2x0_par0,Backgroundrpf_2x0_par1,Backgroundrpf_2x0_par2,Backgroundrpf_2x0_par3,lumi,n_exp_binpass_SIG_proc_Background_2x0,r) catParams=() ]
 message      : Number of events is negative or error
 server values: params=(Backgroundfail_SIG_bin_1-1 = 35.7159 +/- 0,Backgroundrpf_2x0_par0 = 0.456867 +/- 0,Backgroundrpf_2x0_par1 = -12.7415 +/- 0,Backgroundrpf_2x0_par2 = -997.155 +/- 0,Backgroundrpf_2x0_par3 = 0.126304 +/- 0,lumi = -nan +/- 0,n_exp_binpass_SIG_proc_Background_2x0 = 1,r = 2.38807 +/- 0), catParams=()
FASTEXIT from pdf_binpass_SIG_obsOnly
[#0] ERROR:Eval -- RooAbsReal::logEvalError(n_exp_binpass_HIGH_proc_Signal_M1000MeV_SR) evaluation error, 
 origin       : ProcessNormalization::n_exp_binpass_HIGH_proc_Signal_M1000MeV_SR[ thetaList=(lumi) asymmThetaList=() otherFactorList=(r) ]
 message      : function value is NAN
 server values: thetaList=(lumi = -nan +/- 0), asymmThetaList=(), otherFactorList=(r = 2.38807 +/- 0)
WARNING: underflow to -nan in pdf_binpass_HIGH_obsOnly for bin 0, weight 0.0147251
[#0] ERROR:Eval -- RooAbsReal::logEvalError(pass_HIGH) evaluation error, 
 origin       : RooAbsReal::pass_HIGH[ params=(Backgroundfail_HIGH_bin_1-1,Backgroundfail_HIGH_bin_2-1,Backgroundrpf_2x0_par0,Backgroundrpf_2x0_par1,Backgroundrpf_2x0_par2,Backgroundrpf_2x0_par3,lumi,n_exp_binpass_HIGH_proc_Background_2x0,r) catParams=() ]
 message      : Number of events is negative or error
 server values: params=(Backgroundfail_HIGH_bin_1-1 = 6.21111 +/- 0,Backgroundfail_HIGH_bin_2-1 = 1.59431 +/- 0,Backgroundrpf_2x0_par0 = 0.456867 +/- 0,Backgroundrpf_2x0_par1 = -12.7415 +/- 0,Backgroundrpf_2x0_par2 = -997.155 +/- 0,Backgroundrpf_2x0_par3 = 0.126304 +/- 0,lumi = -nan +/- 0,n_exp_binpass_HIGH_proc_Background_2x0 = 1,r = 2.38807 +/- 0), catParams=()
FASTEXIT from pdf_binpass_HIGH_obsOnly
[#0] ERROR:Eval -- RooAbsReal::logEvalError(n_exp_binfail_LOW_proc_Signal_M1000MeV_SR) evaluation error, 
 origin       : ProcessNormalization::n_exp_binfail_LOW_proc_Signal_M1000MeV_SR[ thetaList=(lumi) asymmThetaList=() otherFactorList=(r) ]
 message      : function value is NAN
 server values: thetaList=(lumi = -nan +/- 0), asymmThetaList=(), otherFactorList=(r = 2.38807 +/- 0)
WARNING: underflow to -nan in pdf_binfail_LOW_obsOnly for bin 0, weight 26606
[#0] ERROR:Eval -- RooAbsReal::logEvalError(fail_LOW) evaluation error, 
 origin       : RooAbsReal::fail_LOW[ params=(Backgroundfail_LOW_bin_1-1,Backgroundfail_LOW_bin_2-1,lumi,n_exp_binfail_LOW_proc_Background,r) catParams=() ]
 message      : Number of events is negative or error
 server values: params=(Backgroundfail_LOW_bin_1-1 = 26605.6 +/- 0,Backgroundfail_LOW_bin_2-1 = 158.843 +/- 0,lumi = -nan +/- 0,n_exp_binfail_LOW_proc_Background = 1,r = 2.38807 +/- 0), catParams=()
FASTEXIT from pdf_binfail_LOW_obsOnly
[#0] ERROR:Eval -- RooAbsReal::logEvalError(n_exp_binfail_SIG_proc_Signal_M1000MeV_SR) evaluation error, 
 origin       : ProcessNormalization::n_exp_binfail_SIG_proc_Signal_M1000MeV_SR[ thetaList=(lumi) asymmThetaList=() otherFactorList=(r) ]
 message      : function value is NAN
 server values: thetaList=(lumi = -nan +/- 0), asymmThetaList=(), otherFactorList=(r = 2.38807 +/- 0)
WARNING: underflow to -nan in pdf_binfail_SIG_obsOnly for bin 0, weight 37.0297
[#0] ERROR:Eval -- RooAbsReal::logEvalError(fail_SIG) evaluation error, 
 origin       : RooAbsReal::fail_SIG[ params=(Backgroundfail_SIG_bin_1-1,lumi,n_exp_binfail_SIG_proc_Background,r) catParams=() ]
 message      : Number of events is negative or error
 server values: params=(Backgroundfail_SIG_bin_1-1 = 35.7159 +/- 0,lumi = -nan +/- 0,n_exp_binfail_SIG_proc_Background = 1,r = 2.38807 +/- 0), catParams=()
FASTEXIT from pdf_binfail_SIG_obsOnly
[#0] ERROR:Eval -- RooAbsReal::logEvalError(n_exp_binfail_HIGH_proc_Signal_M1000MeV_SR) evaluation error, 
 origin       : ProcessNormalization::n_exp_binfail_HIGH_proc_Signal_M1000MeV_SR[ thetaList=(lumi) asymmThetaList=() otherFactorList=(r) ]
 message      : function value is NAN
 server values: thetaList=(lumi = -nan +/- 0), asymmThetaList=(), otherFactorList=(r = 2.38807 +/- 0)
WARNING: underflow to -nan in pdf_binfail_HIGH_obsOnly for bin 0, weight 6.84588
[#0] ERROR:Eval -- RooAbsReal::logEvalError(fail_HIGH) evaluation error, 
 origin       : RooAbsReal::fail_HIGH[ params=(Backgroundfail_HIGH_bin_1-1,Backgroundfail_HIGH_bin_2-1,lumi,n_exp_binfail_HIGH_proc_Background,r) catParams=() ]
 message      : Number of events is negative or error
 server values: params=(Backgroundfail_HIGH_bin_1-1 = 6.21111 +/- 0,Backgroundfail_HIGH_bin_2-1 = 1.59431 +/- 0,lumi = -nan +/- 0,n_exp_binfail_HIGH_proc_Background = 1,r = 2.38807 +/- 0), catParams=()
FASTEXIT from pdf_binfail_HIGH_obsOnly
[#0] ERROR:Eval -- RooAbsReal::logEvalError() evaluation error, 
 origin       : RooAbsReal::[ params=(lumi,lumi_In,Backgroundfail_LOW_bin_1-1,Backgroundfail_LOW_bin_2-1,Backgroundrpf_2x0_par0,Backgroundrpf_2x0_par1,Backgroundrpf_2x0_par2,Backgroundrpf_2x0_par3,n_exp_binpass_LOW_proc_Background_2x0,r,Backgroundfail_SIG_bin_1-1,n_exp_binpass_SIG_proc_Background_2x0,Backgroundfail_HIGH_bin_1-1,Backgroundfail_HIGH_bin_2-1,n_exp_binpass_HIGH_proc_Background_2x0,n_exp_binfail_LOW_proc_Background,n_exp_binfail_SIG_proc_Background,n_exp_binfail_HIGH_proc_Background) catParams=() ]
 message      : function value is NAN
 server values: params=(lumi = -nan +/- 0,lumi_In = 0,Backgroundfail_LOW_bin_1-1 = 26605.6 +/- 0,Backgroundfail_LOW_bin_2-1 = 158.843 +/- 0,Backgroundrpf_2x0_par0 = 0.456867 +/- 0,Backgroundrpf_2x0_par1 = -12.7415 +/- 0,Backgroundrpf_2x0_par2 = -997.155 +/- 0,Backgroundrpf_2x0_par3 = 0.126304 +/- 0,n_exp_binpass_LOW_proc_Background_2x0 = 1,r = 2.38807 +/- 0,Backgroundfail_SIG_bin_1-1 = 35.7159 +/- 0,n_exp_binpass_SIG_proc_Background_2x0 = 1,Backgroundfail_HIGH_bin_1-1 = 6.21111 +/- 0,Backgroundfail_HIGH_bin_2-1 = 1.59431 +/- 0,n_exp_binpass_HIGH_proc_Background_2x0 = 1,n_exp_binfail_LOW_proc_Background = 1,n_exp_binfail_SIG_proc_Background = 1,n_exp_binfail_HIGH_proc_Background = 1), catParams=()
[#0] ERROR:Eval -- RooAbsReal::logEvalError(n_exp_binpass_LOW_proc_Signal_M1000MeV_SR) evaluation error, 
 origin       : ProcessNormalization::n_exp_binpass_LOW_proc_Signal_M1000MeV_SR[ thetaList=(lumi) asymmThetaList=() otherFactorList=(r) ]
 message      : function value is NAN
 server values: thetaList=(lumi = -nan +/- 0), asymmThetaList=(), otherFactorList=(r = 2.38807 +/- 0)
WARNING: underflow to -nan in pdf_binpass_LOW_obsOnly for bin 0, weight 43.6954
[#0] ERROR:Eval -- RooAbsReal::logEvalError(pass_LOW) evaluation error, 
 origin       : RooAbsReal::pass_LOW[ params=(Backgroundfail_LOW_bin_1-1,Backgroundfail_LOW_bin_2-1,Backgroundrpf_2x0_par0,Backgroundrpf_2x0_par1,Backgroundrpf_2x0_par2,Backgroundrpf_2x0_par3,lumi,n_exp_binpass_LOW_proc_Background_2x0,r) catParams=() ]
 message      : Number of events is negative or error
 server values: params=(Backgroundfail_LOW_bin_1-1 = 26605.6 +/- 0,Backgroundfail_LOW_bin_2-1 = 158.843 +/- 0,Backgroundrpf_2x0_par0 = 0.784767 +/- 0,Backgroundrpf_2x0_par1 = -12.7415 +/- 0,Backgroundrpf_2x0_par2 = -997.155 +/- 0,Backgroundrpf_2x0_par3 = 0.126304 +/- 0,lumi = -nan +/- 0,n_exp_binpass_LOW_proc_Background_2x0 = 1,r = 2.38807 +/- 0), catParams=()
FASTEXIT from pdf_binpass_LOW_obsOnly
[#0] ERROR:Eval -- RooAbsReal::logEvalError(n_exp_binpass_SIG_proc_Signal_M1000MeV_SR) evaluation error, 
 origin       : ProcessNormalization::n_exp_binpass_SIG_proc_Signal_M1000MeV_SR[ thetaList=(lumi) asymmThetaList=() otherFactorList=(r) ]
 message      : function value is NAN
 server values: thetaList=(lumi = -nan +/- 0), asymmThetaList=(), otherFactorList=(r = 2.38807 +/- 0)
WARNING: underflow to -nan in pdf_binpass_SIG_obsOnly for bin 0, weight 0.172936
[#0] ERROR:Eval -- RooAbsReal::logEvalError(pass_SIG) evaluation error, 
 origin       : RooAbsReal::pass_SIG[ params=(Backgroundfail_SIG_bin_1-1,Backgroundrpf_2x0_par0,Backgroundrpf_2x0_par1,Backgroundrpf_2x0_par2,Backgroundrpf_2x0_par3,lumi,n_exp_binpass_SIG_proc_Background_2x0,r) catParams=() ]
 message      : Number of events is negative or error
 server values: params=(Backgroundfail_SIG_bin_1-1 = 35.7159 +/- 0,Backgroundrpf_2x0_par0 = 0.784767 +/- 0,Backgroundrpf_2x0_par1 = -12.7415 +/- 0,Backgroundrpf_2x0_par2 = -997.155 +/- 0,Backgroundrpf_2x0_par3 = 0.126304 +/- 0,lumi = -nan +/- 0,n_exp_binpass_SIG_proc_Background_2x0 = 1,r = 2.38807 +/- 0), catParams=()
FASTEXIT from pdf_binpass_SIG_obsOnly
[#0] ERROR:Eval -- RooAbsReal::logEvalError(n_exp_binpass_HIGH_proc_Signal_M1000MeV_SR) evaluation error, 
 origin       : ProcessNormalization::n_exp_binpass_HIGH_proc_Signal_M1000MeV_SR[ thetaList=(lumi) asymmThetaList=() otherFactorList=(r) ]
 message      : function value is NAN
 server values: thetaList=(lumi = -nan +/- 0), asymmThetaList=(), otherFactorList=(r = 2.38807 +/- 0)
WARNING: underflow to -nan in pdf_binpass_HIGH_obsOnly for bin 0, weight 0.0147251
[#0] ERROR:Eval -- RooAbsReal::logEvalError(pass_HIGH) evaluation error, 
 origin       : RooAbsReal::pass_HIGH[ params=(Backgroundfail_HIGH_bin_1-1,Backgroundfail_HIGH_bin_2-1,Backgroundrpf_2x0_par0,Backgroundrpf_2x0_par1,Backgroundrpf_2x0_par2,Backgroundrpf_2x0_par3,lumi,n_exp_binpass_HIGH_proc_Background_2x0,r) catParams=() ]
 message      : Number of events is negative or error
 server values: params=(Backgroundfail_HIGH_bin_1-1 = 6.21111 +/- 0,Backgroundfail_HIGH_bin_2-1 = 1.59431 +/- 0,Backgroundrpf_2x0_par0 = 0.784767 +/- 0,Backgroundrpf_2x0_par1 = -12.7415 +/- 0,Backgroundrpf_2x0_par2 = -997.155 +/- 0,Backgroundrpf_2x0_par3 = 0.126304 +/- 0,lumi = -nan +/- 0,n_exp_binpass_HIGH_proc_Background_2x0 = 1,r = 2.38807 +/- 0), catParams=()
FASTEXIT from pdf_binpass_HIGH_obsOnly
[#0] ERROR:Eval -- RooAbsReal::logEvalError(n_exp_binfail_LOW_proc_Signal_M1000MeV_SR) evaluation error, 
 origin       : ProcessNormalization::n_exp_binfail_LOW_proc_Signal_M1000MeV_SR[ thetaList=(lumi) asymmThetaList=() otherFactorList=(r) ]
 message      : function value is NAN
 server values: thetaList=(lumi = -nan +/- 0), asymmThetaList=(), otherFactorList=(r = 2.38807 +/- 0)
WARNING: underflow to -nan in pdf_binfail_LOW_obsOnly for bin 0, weight 26606
[#0] ERROR:Eval -- RooAbsReal::logEvalError(fail_LOW) evaluation error, 
 origin       : RooAbsReal::fail_LOW[ params=(Backgroundfail_LOW_bin_1-1,Backgroundfail_LOW_bin_2-1,lumi,n_exp_binfail_LOW_proc_Background,r) catParams=() ]
 message      : Number of events is negative or error
 server values: params=(Backgroundfail_LOW_bin_1-1 = 26605.6 +/- 0,Backgroundfail_LOW_bin_2-1 = 158.843 +/- 0,lumi = -nan +/- 0,n_exp_binfail_LOW_proc_Background = 1,r = 2.38807 +/- 0), catParams=()
FASTEXIT from pdf_binfail_LOW_obsOnly
[#0] ERROR:Eval -- RooAbsReal::logEvalError(n_exp_binfail_SIG_proc_Signal_M1000MeV_SR) evaluation error, 
 origin       : ProcessNormalization::n_exp_binfail_SIG_proc_Signal_M1000MeV_SR[ thetaList=(lumi) asymmThetaList=() otherFactorList=(r) ]
 message      : function value is NAN
 server values: thetaList=(lumi = -nan +/- 0), asymmThetaList=(), otherFactorList=(r = 2.38807 +/- 0)
WARNING: underflow to -nan in pdf_binfail_SIG_obsOnly for bin 0, weight 37.0297
[#0] ERROR:Eval -- RooAbsReal::logEvalError(fail_SIG) evaluation error, 
 origin       : RooAbsReal::fail_SIG[ params=(Backgroundfail_SIG_bin_1-1,lumi,n_exp_binfail_SIG_proc_Background,r) catParams=() ]
 message      : Number of events is negative or error
 server values: params=(Backgroundfail_SIG_bin_1-1 = 35.7159 +/- 0,lumi = -nan +/- 0,n_exp_binfail_SIG_proc_Background = 1,r = 2.38807 +/- 0), catParams=()
FASTEXIT from pdf_binfail_SIG_obsOnly
[#0] ERROR:Eval -- RooAbsReal::logEvalError(n_exp_binfail_HIGH_proc_Signal_M1000MeV_SR) evaluation error, 
 origin       : ProcessNormalization::n_exp_binfail_HIGH_proc_Signal_M1000MeV_SR[ thetaList=(lumi) asymmThetaList=() otherFactorList=(r) ]
 message      : function value is NAN
 server values: thetaList=(lumi = -nan +/- 0), asymmThetaList=(), otherFactorList=(r = 2.38807 +/- 0)
WARNING: underflow to -nan in pdf_binfail_HIGH_obsOnly for bin 0, weight 6.84588
[#0] ERROR:Eval -- RooAbsReal::logEvalError(fail_HIGH) evaluation error, 
 origin       : RooAbsReal::fail_HIGH[ params=(Backgroundfail_HIGH_bin_1-1,Backgroundfail_HIGH_bin_2-1,lumi,n_exp_binfail_HIGH_proc_Background,r) catParams=() ]
 message      : Number of events is negative or error
 server values: params=(Backgroundfail_HIGH_bin_1-1 = 6.21111 +/- 0,Backgroundfail_HIGH_bin_2-1 = 1.59431 +/- 0,lumi = -nan +/- 0,n_exp_binfail_HIGH_proc_Background = 1,r = 2.38807 +/- 0), catParams=()
FASTEXIT from pdf_binfail_HIGH_obsOnly
[#0] ERROR:Eval -- RooAbsReal::logEvalError() evaluation error, 
 origin       : RooAbsReal::[ params=(lumi,lumi_In,Backgroundfail_LOW_bin_1-1,Backgroundfail_LOW_bin_2-1,Backgroundrpf_2x0_par0,Backgroundrpf_2x0_par1,Backgroundrpf_2x0_par2,Backgroundrpf_2x0_par3,n_exp_binpass_LOW_proc_Background_2x0,r,Backgroundfail_SIG_bin_1-1,n_exp_binpass_SIG_proc_Background_2x0,Backgroundfail_HIGH_bin_1-1,Backgroundfail_HIGH_bin_2-1,n_exp_binpass_HIGH_proc_Background_2x0,n_exp_binfail_LOW_proc_Background,n_exp_binfail_SIG_proc_Background,n_exp_binfail_HIGH_proc_Background) catParams=() ]
 message      : function value is NAN
 server values: params=(lumi = -nan +/- 0,lumi_In = 0,Backgroundfail_LOW_bin_1-1 = 26605.6 +/- 0,Backgroundfail_LOW_bin_2-1 = 158.843 +/- 0,Backgroundrpf_2x0_par0 = 0.784767 +/- 0,Backgroundrpf_2x0_par1 = -12.7415 +/- 0,Backgroundrpf_2x0_par2 = -997.155 +/- 0,Backgroundrpf_2x0_par3 = 0.126304 +/- 0,n_exp_binpass_LOW_proc_Background_2x0 = 1,r = 2.38807 +/- 0,Backgroundfail_SIG_bin_1-1 = 35.7159 +/- 0,n_exp_binpass_SIG_proc_Background_2x0 = 1,Backgroundfail_HIGH_bin_1-1 = 6.21111 +/- 0,Backgroundfail_HIGH_bin_2-1 = 1.59431 +/- 0,n_exp_binpass_HIGH_proc_Background_2x0 = 1,n_exp_binfail_LOW_proc_Background = 1,n_exp_binfail_SIG_proc_Background = 1,n_exp_binfail_HIGH_proc_Background = 1), catParams=()
[#0] ERROR:Eval -- RooAbsReal::logEvalError(n_exp_binpass_LOW_proc_Signal_M1000MeV_SR) evaluation error, 
 origin       : ProcessNormalization::n_exp_binpass_LOW_proc_Signal_M1000MeV_SR[ thetaList=(lumi) asymmThetaList=() otherFactorList=(r) ]
 message      : function value is NAN
 server values: thetaList=(lumi = -nan +/- 0), asymmThetaList=(), otherFactorList=(r = 2.38807 +/- 0)
WARNING: underflow to -nan in pdf_binpass_LOW_obsOnly for bin 0, weight 43.6954
[#0] ERROR:Eval -- RooAbsReal::logEvalError(pass_LOW) evaluation error, 
 origin       : RooAbsReal::pass_LOW[ params=(Backgroundfail_LOW_bin_1-1,Backgroundfail_LOW_bin_2-1,Backgroundrpf_2x0_par0,Backgroundrpf_2x0_par1,Backgroundrpf_2x0_par2,Backgroundrpf_2x0_par3,lumi,n_exp_binpass_LOW_proc_Background_2x0,r) catParams=() ]
 message      : Number of events is negative or error
 server values: params=(Backgroundfail_LOW_bin_1-1 = 26605.6 +/- 0,Backgroundfail_LOW_bin_2-1 = 158.843 +/- 0,Backgroundrpf_2x0_par0 = 0.456867 +/- 0,Backgroundrpf_2x0_par1 = -12.7415 +/- 0,Backgroundrpf_2x0_par2 = -997.155 +/- 0,Backgroundrpf_2x0_par3 = 0.126304 +/- 0,lumi = -nan +/- 0,n_exp_binpass_LOW_proc_Background_2x0 = 1,r = 2.38807 +/- 0), catParams=()
FASTEXIT from pdf_binpass_LOW_obsOnly
[#0] ERROR:Eval -- RooAbsReal::logEvalError(n_exp_binpass_SIG_proc_Signal_M1000MeV_SR) evaluation error, 
 origin       : ProcessNormalization::n_exp_binpass_SIG_proc_Signal_M1000MeV_SR[ thetaList=(lumi) asymmThetaList=() otherFactorList=(r) ]
 message      : function value is NAN
 server values: thetaList=(lumi = -nan +/- 0), asymmThetaList=(), otherFactorList=(r = 2.38807 +/- 0)
WARNING: underflow to -nan in pdf_binpass_SIG_obsOnly for bin 0, weight 0.172936
[#0] ERROR:Eval -- RooAbsReal::logEvalError(pass_SIG) evaluation error, 
 origin       : RooAbsReal::pass_SIG[ params=(Backgroundfail_SIG_bin_1-1,Backgroundrpf_2x0_par0,Backgroundrpf_2x0_par1,Backgroundrpf_2x0_par2,Backgroundrpf_2x0_par3,lumi,n_exp_binpass_SIG_proc_Background_2x0,r) catParams=() ]
 message      : Number of events is negative or error
 server values: params=(Backgroundfail_SIG_bin_1-1 = 35.7159 +/- 0,Backgroundrpf_2x0_par0 = 0.456867 +/- 0,Backgroundrpf_2x0_par1 = -12.7415 +/- 0,Backgroundrpf_2x0_par2 = -997.155 +/- 0,Backgroundrpf_2x0_par3 = 0.126304 +/- 0,lumi = -nan +/- 0,n_exp_binpass_SIG_proc_Background_2x0 = 1,r = 2.38807 +/- 0), catParams=()
FASTEXIT from pdf_binpass_SIG_obsOnly
[#0] ERROR:Eval -- RooAbsReal::logEvalError(n_exp_binpass_HIGH_proc_Signal_M1000MeV_SR) evaluation error, 
 origin       : ProcessNormalization::n_exp_binpass_HIGH_proc_Signal_M1000MeV_SR[ thetaList=(lumi) asymmThetaList=() otherFactorList=(r) ]
 message      : function value is NAN
 server values: thetaList=(lumi = -nan +/- 0), asymmThetaList=(), otherFactorList=(r = 2.38807 +/- 0)
WARNING: underflow to -nan in pdf_binpass_HIGH_obsOnly for bin 0, weight 0.0147251
[#0] ERROR:Eval -- RooAbsReal::logEvalError(pass_HIGH) evaluation error, 
 origin       : RooAbsReal::pass_HIGH[ params=(Backgroundfail_HIGH_bin_1-1,Backgroundfail_HIGH_bin_2-1,Backgroundrpf_2x0_par0,Backgroundrpf_2x0_par1,Backgroundrpf_2x0_par2,Backgroundrpf_2x0_par3,lumi,n_exp_binpass_HIGH_proc_Background_2x0,r) catParams=() ]
 message      : Number of events is negative or error
 server values: params=(Backgroundfail_HIGH_bin_1-1 = 6.21111 +/- 0,Backgroundfail_HIGH_bin_2-1 = 1.59431 +/- 0,Backgroundrpf_2x0_par0 = 0.456867 +/- 0,Backgroundrpf_2x0_par1 = -12.7415 +/- 0,Backgroundrpf_2x0_par2 = -997.155 +/- 0,Backgroundrpf_2x0_par3 = 0.126304 +/- 0,lumi = -nan +/- 0,n_exp_binpass_HIGH_proc_Background_2x0 = 1,r = 2.38807 +/- 0), catParams=()
FASTEXIT from pdf_binpass_HIGH_obsOnly
[#0] ERROR:Eval -- RooAbsReal::logEvalError(n_exp_binfail_LOW_proc_Signal_M1000MeV_SR) evaluation error, 
 origin       : ProcessNormalization::n_exp_binfail_LOW_proc_Signal_M1000MeV_SR[ thetaList=(lumi) asymmThetaList=() otherFactorList=(r) ]
 message      : function value is NAN
 server values: thetaList=(lumi = -nan +/- 0), asymmThetaList=(), otherFactorList=(r = 2.38807 +/- 0)
WARNING: underflow to -nan in pdf_binfail_LOW_obsOnly for bin 0, weight 26606
[#0] ERROR:Eval -- RooAbsReal::logEvalError(fail_LOW) evaluation error, 
 origin       : RooAbsReal::fail_LOW[ params=(Backgroundfail_LOW_bin_1-1,Backgroundfail_LOW_bin_2-1,lumi,n_exp_binfail_LOW_proc_Background,r) catParams=() ]
 message      : Number of events is negative or error
 server values: params=(Backgroundfail_LOW_bin_1-1 = 26605.6 +/- 0,Backgroundfail_LOW_bin_2-1 = 158.843 +/- 0,lumi = -nan +/- 0,n_exp_binfail_LOW_proc_Background = 1,r = 2.38807 +/- 0), catParams=()
FASTEXIT from pdf_binfail_LOW_obsOnly
[#0] ERROR:Eval -- RooAbsReal::logEvalError(n_exp_binfail_SIG_proc_Signal_M1000MeV_SR) evaluation error, 
 origin       : ProcessNormalization::n_exp_binfail_SIG_proc_Signal_M1000MeV_SR[ thetaList=(lumi) asymmThetaList=() otherFactorList=(r) ]
 message      : function value is NAN
 server values: thetaList=(lumi = -nan +/- 0), asymmThetaList=(), otherFactorList=(r = 2.38807 +/- 0)
WARNING: underflow to -nan in pdf_binfail_SIG_obsOnly for bin 0, weight 37.0297
[#0] ERROR:Eval -- RooAbsReal::logEvalError(fail_SIG) evaluation error, 
 origin       : RooAbsReal::fail_SIG[ params=(Backgroundfail_SIG_bin_1-1,lumi,n_exp_binfail_SIG_proc_Background,r) catParams=() ]
 message      : Number of events is negative or error
 server values: params=(Backgroundfail_SIG_bin_1-1 = 35.7159 +/- 0,lumi = -nan +/- 0,n_exp_binfail_SIG_proc_Background = 1,r = 2.38807 +/- 0), catParams=()
FASTEXIT from pdf_binfail_SIG_obsOnly
[#0] ERROR:Eval -- RooAbsReal::logEvalError(n_exp_binfail_HIGH_proc_Signal_M1000MeV_SR) evaluation error, 
 origin       : ProcessNormalization::n_exp_binfail_HIGH_proc_Signal_M1000MeV_SR[ thetaList=(lumi) asymmThetaList=() otherFactorList=(r) ]
 message      : function value is NAN
 server values: thetaList=(lumi = -nan +/- 0), asymmThetaList=(), otherFactorList=(r = 2.38807 +/- 0)
WARNING: underflow to -nan in pdf_binfail_HIGH_obsOnly for bin 0, weight 6.84588
[#0] ERROR:Eval -- RooAbsReal::logEvalError(fail_HIGH) evaluation error, 
 origin       : RooAbsReal::fail_HIGH[ params=(Backgroundfail_HIGH_bin_1-1,Backgroundfail_HIGH_bin_2-1,lumi,n_exp_binfail_HIGH_proc_Background,r) catParams=() ]
 message      : Number of events is negative or error
 server values: params=(Backgroundfail_HIGH_bin_1-1 = 6.21111 +/- 0,Backgroundfail_HIGH_bin_2-1 = 1.59431 +/- 0,lumi = -nan +/- 0,n_exp_binfail_HIGH_proc_Background = 1,r = 2.38807 +/- 0), catParams=()
FASTEXIT from pdf_binfail_HIGH_obsOnly
[#0] ERROR:Eval -- RooAbsReal::logEvalError() evaluation error, 
 origin       : RooAbsReal::[ params=(lumi,lumi_In,Backgroundfail_LOW_bin_1-1,Backgroundfail_LOW_bin_2-1,Backgroundrpf_2x0_par0,Backgroundrpf_2x0_par1,Backgroundrpf_2x0_par2,Backgroundrpf_2x0_par3,n_exp_binpass_LOW_proc_Background_2x0,r,Backgroundfail_SIG_bin_1-1,n_exp_binpass_SIG_proc_Background_2x0,Backgroundfail_HIGH_bin_1-1,Backgroundfail_HIGH_bin_2-1,n_exp_binpass_HIGH_proc_Background_2x0,n_exp_binfail_LOW_proc_Background,n_exp_binfail_SIG_proc_Background,n_exp_binfail_HIGH_proc_Background) catParams=() ]
 message      : function value is NAN
 server values: params=(lumi = -nan +/- 0,lumi_In = 0,Backgroundfail_LOW_bin_1-1 = 26605.6 +/- 0,Backgroundfail_LOW_bin_2-1 = 158.843 +/- 0,Backgroundrpf_2x0_par0 = 0.456867 +/- 0,Backgroundrpf_2x0_par1 = -12.7415 +/- 0,Backgroundrpf_2x0_par2 = -997.155 +/- 0,Backgroundrpf_2x0_par3 = 0.126304 +/- 0,n_exp_binpass_LOW_proc_Background_2x0 = 1,r = 2.38807 +/- 0,Backgroundfail_SIG_bin_1-1 = 35.7159 +/- 0,n_exp_binpass_SIG_proc_Background_2x0 = 1,Backgroundfail_HIGH_bin_1-1 = 6.21111 +/- 0,Backgroundfail_HIGH_bin_2-1 = 1.59431 +/- 0,n_exp_binpass_HIGH_proc_Background_2x0 = 1,n_exp_binfail_LOW_proc_Background = 1,n_exp_binfail_SIG_proc_Background = 1,n_exp_binfail_HIGH_proc_Background = 1), catParams=()
[#0] ERROR:Eval -- RooAbsReal::logEvalError(n_exp_binpass_LOW_proc_Signal_M1000MeV_SR) evaluation error, 
 origin       : ProcessNormalization::n_exp_binpass_LOW_proc_Signal_M1000MeV_SR[ thetaList=(lumi) asymmThetaList=() otherFactorList=(r) ]
 message      : function value is NAN
 server values: thetaList=(lumi = -nan +/- 0), asymmThetaList=(), otherFactorList=(r = 2.38807 +/- 0)
WARNING: underflow to -nan in pdf_binpass_LOW_obsOnly for bin 0, weight 43.6954
[#0] ERROR:Eval -- RooAbsReal::logEvalError(pass_LOW) evaluation error, 
 origin       : RooAbsReal::pass_LOW[ params=(Backgroundfail_LOW_bin_1-1,Backgroundfail_LOW_bin_2-1,Backgroundrpf_2x0_par0,Backgroundrpf_2x0_par1,Backgroundrpf_2x0_par2,Backgroundrpf_2x0_par3,lumi,n_exp_binpass_LOW_proc_Background_2x0,r) catParams=() ]
 message      : Number of events is negative or error
 server values: params=(Backgroundfail_LOW_bin_1-1 = 26605.6 +/- 0,Backgroundfail_LOW_bin_2-1 = 158.843 +/- 0,Backgroundrpf_2x0_par0 = 0.784767 +/- 0,Backgroundrpf_2x0_par1 = -12.7415 +/- 0,Backgroundrpf_2x0_par2 = -997.155 +/- 0,Backgroundrpf_2x0_par3 = 0.126304 +/- 0,lumi = -nan +/- 0,n_exp_binpass_LOW_proc_Background_2x0 = 1,r = 2.38807 +/- 0), catParams=()
FASTEXIT from pdf_binpass_LOW_obsOnly
[#0] ERROR:Eval -- RooAbsReal::logEvalError(n_exp_binpass_SIG_proc_Signal_M1000MeV_SR) evaluation error, 
 origin       : ProcessNormalization::n_exp_binpass_SIG_proc_Signal_M1000MeV_SR[ thetaList=(lumi) asymmThetaList=() otherFactorList=(r) ]
 message      : function value is NAN
 server values: thetaList=(lumi = -nan +/- 0), asymmThetaList=(), otherFactorList=(r = 2.38807 +/- 0)
WARNING: underflow to -nan in pdf_binpass_SIG_obsOnly for bin 0, weight 0.172936
[#0] ERROR:Eval -- RooAbsReal::logEvalError(pass_SIG) evaluation error, 
 origin       : RooAbsReal::pass_SIG[ params=(Backgroundfail_SIG_bin_1-1,Backgroundrpf_2x0_par0,Backgroundrpf_2x0_par1,Backgroundrpf_2x0_par2,Backgroundrpf_2x0_par3,lumi,n_exp_binpass_SIG_proc_Background_2x0,r) catParams=() ]
 message      : Number of events is negative or error
 server values: params=(Backgroundfail_SIG_bin_1-1 = 35.7159 +/- 0,Backgroundrpf_2x0_par0 = 0.784767 +/- 0,Backgroundrpf_2x0_par1 = -12.7415 +/- 0,Backgroundrpf_2x0_par2 = -997.155 +/- 0,Backgroundrpf_2x0_par3 = 0.126304 +/- 0,lumi = -nan +/- 0,n_exp_binpass_SIG_proc_Background_2x0 = 1,r = 2.38807 +/- 0), catParams=()
FASTEXIT from pdf_binpass_SIG_obsOnly
[#0] ERROR:Eval -- RooAbsReal::logEvalError(n_exp_binpass_HIGH_proc_Signal_M1000MeV_SR) evaluation error, 
 origin       : ProcessNormalization::n_exp_binpass_HIGH_proc_Signal_M1000MeV_SR[ thetaList=(lumi) asymmThetaList=() otherFactorList=(r) ]
 message      : function value is NAN
 server values: thetaList=(lumi = -nan +/- 0), asymmThetaList=(), otherFactorList=(r = 2.38807 +/- 0)
WARNING: underflow to -nan in pdf_binpass_HIGH_obsOnly for bin 0, weight 0.0147251
[#0] ERROR:Eval -- RooAbsReal::logEvalError(pass_HIGH) evaluation error, 
 origin       : RooAbsReal::pass_HIGH[ params=(Backgroundfail_HIGH_bin_1-1,Backgroundfail_HIGH_bin_2-1,Backgroundrpf_2x0_par0,Backgroundrpf_2x0_par1,Backgroundrpf_2x0_par2,Backgroundrpf_2x0_par3,lumi,n_exp_binpass_HIGH_proc_Background_2x0,r) catParams=() ]
 message      : Number of events is negative or error
 server values: params=(Backgroundfail_HIGH_bin_1-1 = 6.21111 +/- 0,Backgroundfail_HIGH_bin_2-1 = 1.59431 +/- 0,Backgroundrpf_2x0_par0 = 0.784767 +/- 0,Backgroundrpf_2x0_par1 = -12.7415 +/- 0,Backgroundrpf_2x0_par2 = -997.155 +/- 0,Backgroundrpf_2x0_par3 = 0.126304 +/- 0,lumi = -nan +/- 0,n_exp_binpass_HIGH_proc_Background_2x0 = 1,r = 2.38807 +/- 0), catParams=()
FASTEXIT from pdf_binpass_HIGH_obsOnly
[#0] ERROR:Eval -- RooAbsReal::logEvalError(n_exp_binfail_LOW_proc_Signal_M1000MeV_SR) evaluation error, 
 origin       : ProcessNormalization::n_exp_binfail_LOW_proc_Signal_M1000MeV_SR[ thetaList=(lumi) asymmThetaList=() otherFactorList=(r) ]
 message      : function value is NAN
 server values: thetaList=(lumi = -nan +/- 0), asymmThetaList=(), otherFactorList=(r = 2.38807 +/- 0)
WARNING: underflow to -nan in pdf_binfail_LOW_obsOnly for bin 0, weight 26606
[#0] ERROR:Eval -- RooAbsReal::logEvalError(fail_LOW) evaluation error, 
 origin       : RooAbsReal::fail_LOW[ params=(Backgroundfail_LOW_bin_1-1,Backgroundfail_LOW_bin_2-1,lumi,n_exp_binfail_LOW_proc_Background,r) catParams=() ]
 message      : Number of events is negative or error
 server values: params=(Backgroundfail_LOW_bin_1-1 = 26605.6 +/- 0,Backgroundfail_LOW_bin_2-1 = 158.843 +/- 0,lumi = -nan +/- 0,n_exp_binfail_LOW_proc_Background = 1,r = 2.38807 +/- 0), catParams=()
FASTEXIT from pdf_binfail_LOW_obsOnly
[#0] ERROR:Eval -- RooAbsReal::logEvalError(n_exp_binfail_SIG_proc_Signal_M1000MeV_SR) evaluation error, 
 origin       : ProcessNormalization::n_exp_binfail_SIG_proc_Signal_M1000MeV_SR[ thetaList=(lumi) asymmThetaList=() otherFactorList=(r) ]
 message      : function value is NAN
 server values: thetaList=(lumi = -nan +/- 0), asymmThetaList=(), otherFactorList=(r = 2.38807 +/- 0)
WARNING: underflow to -nan in pdf_binfail_SIG_obsOnly for bin 0, weight 37.0297
[#0] ERROR:Eval -- RooAbsReal::logEvalError(fail_SIG) evaluation error, 
 origin       : RooAbsReal::fail_SIG[ params=(Backgroundfail_SIG_bin_1-1,lumi,n_exp_binfail_SIG_proc_Background,r) catParams=() ]
 message      : Number of events is negative or error
 server values: params=(Backgroundfail_SIG_bin_1-1 = 35.7159 +/- 0,lumi = -nan +/- 0,n_exp_binfail_SIG_proc_Background = 1,r = 2.38807 +/- 0), catParams=()
FASTEXIT from pdf_binfail_SIG_obsOnly
[#0] ERROR:Eval -- RooAbsReal::logEvalError(n_exp_binfail_HIGH_proc_Signal_M1000MeV_SR) evaluation error, 
 origin       : ProcessNormalization::n_exp_binfail_HIGH_proc_Signal_M1000MeV_SR[ thetaList=(lumi) asymmThetaList=() otherFactorList=(r) ]
 message      : function value is NAN
 server values: thetaList=(lumi = -nan +/- 0), asymmThetaList=(), otherFactorList=(r = 2.38807 +/- 0)
WARNING: underflow to -nan in pdf_binfail_HIGH_obsOnly for bin 0, weight 6.84588
[#0] ERROR:Eval -- RooAbsReal::logEvalError(fail_HIGH) evaluation error, 
 origin       : RooAbsReal::fail_HIGH[ params=(Backgroundfail_HIGH_bin_1-1,Backgroundfail_HIGH_bin_2-1,lumi,n_exp_binfail_HIGH_proc_Background,r) catParams=() ]
 message      : Number of events is negative or error
 server values: params=(Backgroundfail_HIGH_bin_1-1 = 6.21111 +/- 0,Backgroundfail_HIGH_bin_2-1 = 1.59431 +/- 0,lumi = -nan +/- 0,n_exp_binfail_HIGH_proc_Background = 1,r = 2.38807 +/- 0), catParams=()
FASTEXIT from pdf_binfail_HIGH_obsOnly
[#0] ERROR:Eval -- RooAbsReal::logEvalError() evaluation error, 
 origin       : RooAbsReal::[ params=(lumi,lumi_In,Backgroundfail_LOW_bin_1-1,Backgroundfail_LOW_bin_2-1,Backgroundrpf_2x0_par0,Backgroundrpf_2x0_par1,Backgroundrpf_2x0_par2,Backgroundrpf_2x0_par3,n_exp_binpass_LOW_proc_Background_2x0,r,Backgroundfail_SIG_bin_1-1,n_exp_binpass_SIG_proc_Background_2x0,Backgroundfail_HIGH_bin_1-1,Backgroundfail_HIGH_bin_2-1,n_exp_binpass_HIGH_proc_Background_2x0,n_exp_binfail_LOW_proc_Background,n_exp_binfail_SIG_proc_Background,n_exp_binfail_HIGH_proc_Background) catParams=() ]
 message      : function value is NAN
 server values: params=(lumi = -nan +/- 0,lumi_In = 0,Backgroundfail_LOW_bin_1-1 = 26605.6 +/- 0,Backgroundfail_LOW_bin_2-1 = 158.843 +/- 0,Backgroundrpf_2x0_par0 = 0.784767 +/- 0,Backgroundrpf_2x0_par1 = -12.7415 +/- 0,Backgroundrpf_2x0_par2 = -997.155 +/- 0,Backgroundrpf_2x0_par3 = 0.126304 +/- 0,n_exp_binpass_LOW_proc_Background_2x0 = 1,r = 2.38807 +/- 0,Backgroundfail_SIG_bin_1-1 = 35.7159 +/- 0,n_exp_binpass_SIG_proc_Background_2x0 = 1,Backgroundfail_HIGH_bin_1-1 = 6.21111 +/- 0,Backgroundfail_HIGH_bin_2-1 = 1.59431 +/- 0,n_exp_binpass_HIGH_proc_Background_2x0 = 1,n_exp_binfail_LOW_proc_Background = 1,n_exp_binfail_SIG_proc_Background = 1,n_exp_binfail_HIGH_proc_Background = 1), catParams=()
[#0] ERROR:Eval -- RooAbsReal::logEvalError(n_exp_binpass_LOW_proc_Signal_M1000MeV_SR) evaluation error, 
 origin       : ProcessNormalization::n_exp_binpass_LOW_proc_Signal_M1000MeV_SR[ thetaList=(lumi) asymmThetaList=() otherFactorList=(r) ]
 message      : function value is NAN
 server values: thetaList=(lumi = -nan +/- 0), asymmThetaList=(), otherFactorList=(r = 2.38807 +/- 0)
WARNING: underflow to -nan in pdf_binpass_LOW_obsOnly for bin 0, weight 43.6954
[#0] ERROR:Eval -- RooAbsReal::logEvalError(pass_LOW) evaluation error, 
 origin       : RooAbsReal::pass_LOW[ params=(Backgroundfail_LOW_bin_1-1,Backgroundfail_LOW_bin_2-1,Backgroundrpf_2x0_par0,Backgroundrpf_2x0_par1,Backgroundrpf_2x0_par2,Backgroundrpf_2x0_par3,lumi,n_exp_binpass_LOW_proc_Background_2x0,r) catParams=() ]
 message      : Number of events is negative or error
 server values: params=(Backgroundfail_LOW_bin_1-1 = 26605.6 +/- 0,Backgroundfail_LOW_bin_2-1 = 158.843 +/- 0,Backgroundrpf_2x0_par0 = 0.128968 +/- 0,Backgroundrpf_2x0_par1 = 19.7592 +/- 0,Backgroundrpf_2x0_par2 = -997.155 +/- 0,Backgroundrpf_2x0_par3 = 0.126304 +/- 0,lumi = -nan +/- 0,n_exp_binpass_LOW_proc_Background_2x0 = 1,r = 2.38807 +/- 0), catParams=()
FASTEXIT from pdf_binpass_LOW_obsOnly
[#0] ERROR:Eval -- RooAbsReal::logEvalError(n_exp_binpass_SIG_proc_Signal_M1000MeV_SR) evaluation error, 
 origin       : ProcessNormalization::n_exp_binpass_SIG_proc_Signal_M1000MeV_SR[ thetaList=(lumi) asymmThetaList=() otherFactorList=(r) ]
 message      : function value is NAN
 server values: thetaList=(lumi = -nan +/- 0), asymmThetaList=(), otherFactorList=(r = 2.38807 +/- 0)
WARNING: underflow to -nan in pdf_binpass_SIG_obsOnly for bin 0, weight 0.172936
[#0] ERROR:Eval -- RooAbsReal::logEvalError(pass_SIG) evaluation error, 
 origin       : RooAbsReal::pass_SIG[ params=(Backgroundfail_SIG_bin_1-1,Backgroundrpf_2x0_par0,Backgroundrpf_2x0_par1,Backgroundrpf_2x0_par2,Backgroundrpf_2x0_par3,lumi,n_exp_binpass_SIG_proc_Background_2x0,r) catParams=() ]
 message      : Number of events is negative or error
 server values: params=(Backgroundfail_SIG_bin_1-1 = 35.7159 +/- 0,Backgroundrpf_2x0_par0 = 0.128968 +/- 0,Backgroundrpf_2x0_par1 = 19.7592 +/- 0,Backgroundrpf_2x0_par2 = -997.155 +/- 0,Backgroundrpf_2x0_par3 = 0.126304 +/- 0,lumi = -nan +/- 0,n_exp_binpass_SIG_proc_Background_2x0 = 1,r = 2.38807 +/- 0), catParams=()
FASTEXIT from pdf_binpass_SIG_obsOnly
[#0] ERROR:Eval -- RooAbsReal::logEvalError(n_exp_binpass_HIGH_proc_Signal_M1000MeV_SR) evaluation error, 
 origin       : ProcessNormalization::n_exp_binpass_HIGH_proc_Signal_M1000MeV_SR[ thetaList=(lumi) asymmThetaList=() otherFactorList=(r) ]
 message      : function value is NAN
 server values: thetaList=(lumi = -nan +/- 0), asymmThetaList=(), otherFactorList=(r = 2.38807 +/- 0)
WARNING: underflow to -nan in pdf_binpass_HIGH_obsOnly for bin 0, weight 0.0147251
[#0] ERROR:Eval -- RooAbsReal::logEvalError(pass_HIGH) evaluation error, 
 origin       : RooAbsReal::pass_HIGH[ params=(Backgroundfail_HIGH_bin_1-1,Backgroundfail_HIGH_bin_2-1,Backgroundrpf_2x0_par0,Backgroundrpf_2x0_par1,Backgroundrpf_2x0_par2,Backgroundrpf_2x0_par3,lumi,n_exp_binpass_HIGH_proc_Background_2x0,r) catParams=() ]
 message      : Number of events is negative or error
 server values: params=(Backgroundfail_HIGH_bin_1-1 = 6.21111 +/- 0,Backgroundfail_HIGH_bin_2-1 = 1.59431 +/- 0,Backgroundrpf_2x0_par0 = 0.128968 +/- 0,Backgroundrpf_2x0_par1 = 19.7592 +/- 0,Backgroundrpf_2x0_par2 = -997.155 +/- 0,Backgroundrpf_2x0_par3 = 0.126304 +/- 0,lumi = -nan +/- 0,n_exp_binpass_HIGH_proc_Background_2x0 = 1,r = 2.38807 +/- 0), catParams=()
FASTEXIT from pdf_binpass_HIGH_obsOnly
[#0] ERROR:Eval -- RooAbsReal::logEvalError(n_exp_binfail_LOW_proc_Signal_M1000MeV_SR) evaluation error, 
 origin       : ProcessNormalization::n_exp_binfail_LOW_proc_Signal_M1000MeV_SR[ thetaList=(lumi) asymmThetaList=() otherFactorList=(r) ]
 message      : function value is NAN
 server values: thetaList=(lumi = -nan +/- 0), asymmThetaList=(), otherFactorList=(r = 2.38807 +/- 0)
WARNING: underflow to -nan in pdf_binfail_LOW_obsOnly for bin 0, weight 26606
[#0] ERROR:Eval -- RooAbsReal::logEvalError(fail_LOW) evaluation error, 
 origin       : RooAbsReal::fail_LOW[ params=(Backgroundfail_LOW_bin_1-1,Backgroundfail_LOW_bin_2-1,lumi,n_exp_binfail_LOW_proc_Background,r) catParams=() ]
 message      : Number of events is negative or error
 server values: params=(Backgroundfail_LOW_bin_1-1 = 26605.6 +/- 0,Backgroundfail_LOW_bin_2-1 = 158.843 +/- 0,lumi = -nan +/- 0,n_exp_binfail_LOW_proc_Background = 1,r = 2.38807 +/- 0), catParams=()
FASTEXIT from pdf_binfail_LOW_obsOnly
[#0] ERROR:Eval -- RooAbsReal::logEvalError(n_exp_binfail_SIG_proc_Signal_M1000MeV_SR) evaluation error, 
 origin       : ProcessNormalization::n_exp_binfail_SIG_proc_Signal_M1000MeV_SR[ thetaList=(lumi) asymmThetaList=() otherFactorList=(r) ]
 message      : function value is NAN
 server values: thetaList=(lumi = -nan +/- 0), asymmThetaList=(), otherFactorList=(r = 2.38807 +/- 0)
WARNING: underflow to -nan in pdf_binfail_SIG_obsOnly for bin 0, weight 37.0297
[#0] ERROR:Eval -- RooAbsReal::logEvalError(fail_SIG) evaluation error, 
 origin       : RooAbsReal::fail_SIG[ params=(Backgroundfail_SIG_bin_1-1,lumi,n_exp_binfail_SIG_proc_Background,r) catParams=() ]
 message      : Number of events is negative or error
 server values: params=(Backgroundfail_SIG_bin_1-1 = 35.7159 +/- 0,lumi = -nan +/- 0,n_exp_binfail_SIG_proc_Background = 1,r = 2.38807 +/- 0), catParams=()
FASTEXIT from pdf_binfail_SIG_obsOnly
[#0] ERROR:Eval -- RooAbsReal::logEvalError(n_exp_binfail_HIGH_proc_Signal_M1000MeV_SR) evaluation error, 
 origin       : ProcessNormalization::n_exp_binfail_HIGH_proc_Signal_M1000MeV_SR[ thetaList=(lumi) asymmThetaList=() otherFactorList=(r) ]
 message      : function value is NAN
 server values: thetaList=(lumi = -nan +/- 0), asymmThetaList=(), otherFactorList=(r = 2.38807 +/- 0)
WARNING: underflow to -nan in pdf_binfail_HIGH_obsOnly for bin 0, weight 6.84588
[#0] ERROR:Eval -- RooAbsReal::logEvalError(fail_HIGH) evaluation error, 
 origin       : RooAbsReal::fail_HIGH[ params=(Backgroundfail_HIGH_bin_1-1,Backgroundfail_HIGH_bin_2-1,lumi,n_exp_binfail_HIGH_proc_Background,r) catParams=() ]
 message      : Number of events is negative or error
 server values: params=(Backgroundfail_HIGH_bin_1-1 = 6.21111 +/- 0,Backgroundfail_HIGH_bin_2-1 = 1.59431 +/- 0,lumi = -nan +/- 0,n_exp_binfail_HIGH_proc_Background = 1,r = 2.38807 +/- 0), catParams=()
FASTEXIT from pdf_binfail_HIGH_obsOnly
[#0] ERROR:Eval -- RooAbsReal::logEvalError() evaluation error, 
 origin       : RooAbsReal::[ params=(lumi,lumi_In,Backgroundfail_LOW_bin_1-1,Backgroundfail_LOW_bin_2-1,Backgroundrpf_2x0_par0,Backgroundrpf_2x0_par1,Backgroundrpf_2x0_par2,Backgroundrpf_2x0_par3,n_exp_binpass_LOW_proc_Background_2x0,r,Backgroundfail_SIG_bin_1-1,n_exp_binpass_SIG_proc_Background_2x0,Backgroundfail_HIGH_bin_1-1,Backgroundfail_HIGH_bin_2-1,n_exp_binpass_HIGH_proc_Background_2x0,n_exp_binfail_LOW_proc_Background,n_exp_binfail_SIG_proc_Background,n_exp_binfail_HIGH_proc_Background) catParams=() ]
 message      : function value is NAN
 server values: params=(lumi = -nan +/- 0,lumi_In = 0,Backgroundfail_LOW_bin_1-1 = 26605.6 +/- 0,Backgroundfail_LOW_bin_2-1 = 158.843 +/- 0,Backgroundrpf_2x0_par0 = 0.128968 +/- 0,Backgroundrpf_2x0_par1 = 19.7592 +/- 0,Backgroundrpf_2x0_par2 = -997.155 +/- 0,Backgroundrpf_2x0_par3 = 0.126304 +/- 0,n_exp_binpass_LOW_proc_Background_2x0 = 1,r = 2.38807 +/- 0,Backgroundfail_SIG_bin_1-1 = 35.7159 +/- 0,n_exp_binpass_SIG_proc_Background_2x0 = 1,Backgroundfail_HIGH_bin_1-1 = 6.21111 +/- 0,Backgroundfail_HIGH_bin_2-1 = 1.59431 +/- 0,n_exp_binpass_HIGH_proc_Background_2x0 = 1,n_exp_binfail_LOW_proc_Background = 1,n_exp_binfail_SIG_proc_Background = 1,n_exp_binfail_HIGH_proc_Background = 1), catParams=()
[#0] ERROR:Eval -- RooAbsReal::logEvalError(n_exp_binpass_LOW_proc_Signal_M1000MeV_SR) evaluation error, 
 origin       : ProcessNormalization::n_exp_binpass_LOW_proc_Signal_M1000MeV_SR[ thetaList=(lumi) asymmThetaList=() otherFactorList=(r) ]
 message      : function value is NAN
 server values: thetaList=(lumi = -nan +/- 0), asymmThetaList=(), otherFactorList=(r = 2.38807 +/- 0)
WARNING: underflow to -nan in pdf_binpass_LOW_obsOnly for bin 0, weight 43.6954
[#0] ERROR:Eval -- RooAbsReal::logEvalError(pass_LOW) evaluation error, 
 origin       : RooAbsReal::pass_LOW[ params=(Backgroundfail_LOW_bin_1-1,Backgroundfail_LOW_bin_2-1,Backgroundrpf_2x0_par0,Backgroundrpf_2x0_par1,Backgroundrpf_2x0_par2,Backgroundrpf_2x0_par3,lumi,n_exp_binpass_LOW_proc_Background_2x0,r) catParams=() ]
 message      : Number of events is negative or error
 server values: params=(Backgroundfail_LOW_bin_1-1 = 26605.6 +/- 0,Backgroundfail_LOW_bin_2-1 = 158.843 +/- 0,Backgroundrpf_2x0_par0 = 0.128968 +/- 0,Backgroundrpf_2x0_par1 = 52.2599 +/- 0,Backgroundrpf_2x0_par2 = -997.155 +/- 0,Backgroundrpf_2x0_par3 = 0.126304 +/- 0,lumi = -nan +/- 0,n_exp_binpass_LOW_proc_Background_2x0 = 1,r = 2.38807 +/- 0), catParams=()
FASTEXIT from pdf_binpass_LOW_obsOnly
[#0] ERROR:Eval -- RooAbsReal::logEvalError(n_exp_binpass_SIG_proc_Signal_M1000MeV_SR) evaluation error, 
 origin       : ProcessNormalization::n_exp_binpass_SIG_proc_Signal_M1000MeV_SR[ thetaList=(lumi) asymmThetaList=() otherFactorList=(r) ]
 message      : function value is NAN
 server values: thetaList=(lumi = -nan +/- 0), asymmThetaList=(), otherFactorList=(r = 2.38807 +/- 0)
WARNING: underflow to -nan in pdf_binpass_SIG_obsOnly for bin 0, weight 0.172936
[#0] ERROR:Eval -- RooAbsReal::logEvalError(pass_SIG) evaluation error, 
 origin       : RooAbsReal::pass_SIG[ params=(Backgroundfail_SIG_bin_1-1,Backgroundrpf_2x0_par0,Backgroundrpf_2x0_par1,Backgroundrpf_2x0_par2,Backgroundrpf_2x0_par3,lumi,n_exp_binpass_SIG_proc_Background_2x0,r) catParams=() ]
 message      : Number of events is negative or error
 server values: params=(Backgroundfail_SIG_bin_1-1 = 35.7159 +/- 0,Backgroundrpf_2x0_par0 = 0.128968 +/- 0,Backgroundrpf_2x0_par1 = 52.2599 +/- 0,Backgroundrpf_2x0_par2 = -997.155 +/- 0,Backgroundrpf_2x0_par3 = 0.126304 +/- 0,lumi = -nan +/- 0,n_exp_binpass_SIG_proc_Background_2x0 = 1,r = 2.38807 +/- 0), catParams=()
FASTEXIT from pdf_binpass_SIG_obsOnly
[#0] ERROR:Eval -- RooAbsReal::logEvalError(n_exp_binpass_HIGH_proc_Signal_M1000MeV_SR) evaluation error, 
 origin       : ProcessNormalization::n_exp_binpass_HIGH_proc_Signal_M1000MeV_SR[ thetaList=(lumi) asymmThetaList=() otherFactorList=(r) ]
 message      : function value is NAN
 server values: thetaList=(lumi = -nan +/- 0), asymmThetaList=(), otherFactorList=(r = 2.38807 +/- 0)
WARNING: underflow to -nan in pdf_binpass_HIGH_obsOnly for bin 0, weight 0.0147251
[#0] ERROR:Eval -- RooAbsReal::logEvalError(pass_HIGH) evaluation error, 
 origin       : RooAbsReal::pass_HIGH[ params=(Backgroundfail_HIGH_bin_1-1,Backgroundfail_HIGH_bin_2-1,Backgroundrpf_2x0_par0,Backgroundrpf_2x0_par1,Backgroundrpf_2x0_par2,Backgroundrpf_2x0_par3,lumi,n_exp_binpass_HIGH_proc_Background_2x0,r) catParams=() ]
 message      : Number of events is negative or error
 server values: params=(Backgroundfail_HIGH_bin_1-1 = 6.21111 +/- 0,Backgroundfail_HIGH_bin_2-1 = 1.59431 +/- 0,Backgroundrpf_2x0_par0 = 0.128968 +/- 0,Backgroundrpf_2x0_par1 = 52.2599 +/- 0,Backgroundrpf_2x0_par2 = -997.155 +/- 0,Backgroundrpf_2x0_par3 = 0.126304 +/- 0,lumi = -nan +/- 0,n_exp_binpass_HIGH_proc_Background_2x0 = 1,r = 2.38807 +/- 0), catParams=()
FASTEXIT from pdf_binpass_HIGH_obsOnly
[#0] ERROR:Eval -- RooAbsReal::logEvalError(n_exp_binfail_LOW_proc_Signal_M1000MeV_SR) evaluation error, 
 origin       : ProcessNormalization::n_exp_binfail_LOW_proc_Signal_M1000MeV_SR[ thetaList=(lumi) asymmThetaList=() otherFactorList=(r) ]
 message      : function value is NAN
 server values: thetaList=(lumi = -nan +/- 0), asymmThetaList=(), otherFactorList=(r = 2.38807 +/- 0)
WARNING: underflow to -nan in pdf_binfail_LOW_obsOnly for bin 0, weight 26606
[#0] ERROR:Eval -- RooAbsReal::logEvalError(fail_LOW) evaluation error, 
 origin       : RooAbsReal::fail_LOW[ params=(Backgroundfail_LOW_bin_1-1,Backgroundfail_LOW_bin_2-1,lumi,n_exp_binfail_LOW_proc_Background,r) catParams=() ]
 message      : Number of events is negative or error
 server values: params=(Backgroundfail_LOW_bin_1-1 = 26605.6 +/- 0,Backgroundfail_LOW_bin_2-1 = 158.843 +/- 0,lumi = -nan +/- 0,n_exp_binfail_LOW_proc_Background = 1,r = 2.38807 +/- 0), catParams=()
FASTEXIT from pdf_binfail_LOW_obsOnly
[#0] ERROR:Eval -- RooAbsReal::logEvalError(n_exp_binfail_SIG_proc_Signal_M1000MeV_SR) evaluation error, 
 origin       : ProcessNormalization::n_exp_binfail_SIG_proc_Signal_M1000MeV_SR[ thetaList=(lumi) asymmThetaList=() otherFactorList=(r) ]
 message      : function value is NAN
 server values: thetaList=(lumi = -nan +/- 0), asymmThetaList=(), otherFactorList=(r = 2.38807 +/- 0)
WARNING: underflow to -nan in pdf_binfail_SIG_obsOnly for bin 0, weight 37.0297
[#0] ERROR:Eval -- RooAbsReal::logEvalError(fail_SIG) evaluation error, 
 origin       : RooAbsReal::fail_SIG[ params=(Backgroundfail_SIG_bin_1-1,lumi,n_exp_binfail_SIG_proc_Background,r) catParams=() ]
 message      : Number of events is negative or error
 server values: params=(Backgroundfail_SIG_bin_1-1 = 35.7159 +/- 0,lumi = -nan +/- 0,n_exp_binfail_SIG_proc_Background = 1,r = 2.38807 +/- 0), catParams=()
FASTEXIT from pdf_binfail_SIG_obsOnly
[#0] ERROR:Eval -- RooAbsReal::logEvalError(n_exp_binfail_HIGH_proc_Signal_M1000MeV_SR) evaluation error, 
 origin       : ProcessNormalization::n_exp_binfail_HIGH_proc_Signal_M1000MeV_SR[ thetaList=(lumi) asymmThetaList=() otherFactorList=(r) ]
 message      : function value is NAN
 server values: thetaList=(lumi = -nan +/- 0), asymmThetaList=(), otherFactorList=(r = 2.38807 +/- 0)
WARNING: underflow to -nan in pdf_binfail_HIGH_obsOnly for bin 0, weight 6.84588
[#0] ERROR:Eval -- RooAbsReal::logEvalError(fail_HIGH) evaluation error, 
 origin       : RooAbsReal::fail_HIGH[ params=(Backgroundfail_HIGH_bin_1-1,Backgroundfail_HIGH_bin_2-1,lumi,n_exp_binfail_HIGH_proc_Background,r) catParams=() ]
 message      : Number of events is negative or error
 server values: params=(Backgroundfail_HIGH_bin_1-1 = 6.21111 +/- 0,Backgroundfail_HIGH_bin_2-1 = 1.59431 +/- 0,lumi = -nan +/- 0,n_exp_binfail_HIGH_proc_Background = 1,r = 2.38807 +/- 0), catParams=()
FASTEXIT from pdf_binfail_HIGH_obsOnly
[#0] ERROR:Eval -- RooAbsReal::logEvalError() evaluation error, 
 origin       : RooAbsReal::[ params=(lumi,lumi_In,Backgroundfail_LOW_bin_1-1,Backgroundfail_LOW_bin_2-1,Backgroundrpf_2x0_par0,Backgroundrpf_2x0_par1,Backgroundrpf_2x0_par2,Backgroundrpf_2x0_par3,n_exp_binpass_LOW_proc_Background_2x0,r,Backgroundfail_SIG_bin_1-1,n_exp_binpass_SIG_proc_Background_2x0,Backgroundfail_HIGH_bin_1-1,Backgroundfail_HIGH_bin_2-1,n_exp_binpass_HIGH_proc_Background_2x0,n_exp_binfail_LOW_proc_Background,n_exp_binfail_SIG_proc_Background,n_exp_binfail_HIGH_proc_Background) catParams=() ]
 message      : function value is NAN
 server values: params=(lumi = -nan +/- 0,lumi_In = 0,Backgroundfail_LOW_bin_1-1 = 26605.6 +/- 0,Backgroundfail_LOW_bin_2-1 = 158.843 +/- 0,Backgroundrpf_2x0_par0 = 0.128968 +/- 0,Backgroundrpf_2x0_par1 = 52.2599 +/- 0,Backgroundrpf_2x0_par2 = -997.155 +/- 0,Backgroundrpf_2x0_par3 = 0.126304 +/- 0,n_exp_binpass_LOW_proc_Background_2x0 = 1,r = 2.38807 +/- 0,Backgroundfail_SIG_bin_1-1 = 35.7159 +/- 0,n_exp_binpass_SIG_proc_Background_2x0 = 1,Backgroundfail_HIGH_bin_1-1 = 6.21111 +/- 0,Backgroundfail_HIGH_bin_2-1 = 1.59431 +/- 0,n_exp_binpass_HIGH_proc_Background_2x0 = 1,n_exp_binfail_LOW_proc_Background = 1,n_exp_binfail_SIG_proc_Background = 1,n_exp_binfail_HIGH_proc_Background = 1), catParams=()
[#0] ERROR:Eval -- RooAbsReal::logEvalError(n_exp_binpass_LOW_proc_Signal_M1000MeV_SR) evaluation error, 
 origin       : ProcessNormalization::n_exp_binpass_LOW_proc_Signal_M1000MeV_SR[ thetaList=(lumi) asymmThetaList=() otherFactorList=(r) ]
 message      : function value is NAN
 server values: thetaList=(lumi = -nan +/- 0), asymmThetaList=(), otherFactorList=(r = 2.38807 +/- 0)
WARNING: underflow to -nan in pdf_binpass_LOW_obsOnly for bin 0, weight 43.6954
[#0] ERROR:Eval -- RooAbsReal::logEvalError(pass_LOW) evaluation error, 
 origin       : RooAbsReal::pass_LOW[ params=(Backgroundfail_LOW_bin_1-1,Backgroundfail_LOW_bin_2-1,Backgroundrpf_2x0_par0,Backgroundrpf_2x0_par1,Backgroundrpf_2x0_par2,Backgroundrpf_2x0_par3,lumi,n_exp_binpass_LOW_proc_Background_2x0,r) catParams=() ]
 message      : Number of events is negative or error
 server values: params=(Backgroundfail_LOW_bin_1-1 = 26605.6 +/- 0,Backgroundfail_LOW_bin_2-1 = 158.843 +/- 0,Backgroundrpf_2x0_par0 = 0.128968 +/- 0,Backgroundrpf_2x0_par1 = 19.7592 +/- 0,Backgroundrpf_2x0_par2 = -997.155 +/- 0,Backgroundrpf_2x0_par3 = 0.126304 +/- 0,lumi = -nan +/- 0,n_exp_binpass_LOW_proc_Background_2x0 = 1,r = 2.38807 +/- 0), catParams=()
FASTEXIT from pdf_binpass_LOW_obsOnly
[#0] ERROR:Eval -- RooAbsReal::logEvalError(n_exp_binpass_SIG_proc_Signal_M1000MeV_SR) evaluation error, 
 origin       : ProcessNormalization::n_exp_binpass_SIG_proc_Signal_M1000MeV_SR[ thetaList=(lumi) asymmThetaList=() otherFactorList=(r) ]
 message      : function value is NAN
 server values: thetaList=(lumi = -nan +/- 0), asymmThetaList=(), otherFactorList=(r = 2.38807 +/- 0)
WARNING: underflow to -nan in pdf_binpass_SIG_obsOnly for bin 0, weight 0.172936
[#0] ERROR:Eval -- RooAbsReal::logEvalError(pass_SIG) evaluation error, 
 origin       : RooAbsReal::pass_SIG[ params=(Backgroundfail_SIG_bin_1-1,Backgroundrpf_2x0_par0,Backgroundrpf_2x0_par1,Backgroundrpf_2x0_par2,Backgroundrpf_2x0_par3,lumi,n_exp_binpass_SIG_proc_Background_2x0,r) catParams=() ]
 message      : Number of events is negative or error
 server values: params=(Backgroundfail_SIG_bin_1-1 = 35.7159 +/- 0,Backgroundrpf_2x0_par0 = 0.128968 +/- 0,Backgroundrpf_2x0_par1 = 19.7592 +/- 0,Backgroundrpf_2x0_par2 = -997.155 +/- 0,Backgroundrpf_2x0_par3 = 0.126304 +/- 0,lumi = -nan +/- 0,n_exp_binpass_SIG_proc_Background_2x0 = 1,r = 2.38807 +/- 0), catParams=()
FASTEXIT from pdf_binpass_SIG_obsOnly
[#0] ERROR:Eval -- RooAbsReal::logEvalError(n_exp_binpass_HIGH_proc_Signal_M1000MeV_SR) evaluation error, 
 origin       : ProcessNormalization::n_exp_binpass_HIGH_proc_Signal_M1000MeV_SR[ thetaList=(lumi) asymmThetaList=() otherFactorList=(r) ]
 message      : function value is NAN
 server values: thetaList=(lumi = -nan +/- 0), asymmThetaList=(), otherFactorList=(r = 2.38807 +/- 0)
WARNING: underflow to -nan in pdf_binpass_HIGH_obsOnly for bin 0, weight 0.0147251
[#0] ERROR:Eval -- RooAbsReal::logEvalError(pass_HIGH) evaluation error, 
 origin       : RooAbsReal::pass_HIGH[ params=(Backgroundfail_HIGH_bin_1-1,Backgroundfail_HIGH_bin_2-1,Backgroundrpf_2x0_par0,Backgroundrpf_2x0_par1,Backgroundrpf_2x0_par2,Backgroundrpf_2x0_par3,lumi,n_exp_binpass_HIGH_proc_Background_2x0,r) catParams=() ]
 message      : Number of events is negative or error
 server values: params=(Backgroundfail_HIGH_bin_1-1 = 6.21111 +/- 0,Backgroundfail_HIGH_bin_2-1 = 1.59431 +/- 0,Backgroundrpf_2x0_par0 = 0.128968 +/- 0,Backgroundrpf_2x0_par1 = 19.7592 +/- 0,Backgroundrpf_2x0_par2 = -997.155 +/- 0,Backgroundrpf_2x0_par3 = 0.126304 +/- 0,lumi = -nan +/- 0,n_exp_binpass_HIGH_proc_Background_2x0 = 1,r = 2.38807 +/- 0), catParams=()
FASTEXIT from pdf_binpass_HIGH_obsOnly
[#0] ERROR:Eval -- RooAbsReal::logEvalError(n_exp_binfail_LOW_proc_Signal_M1000MeV_SR) evaluation error, 
 origin       : ProcessNormalization::n_exp_binfail_LOW_proc_Signal_M1000MeV_SR[ thetaList=(lumi) asymmThetaList=() otherFactorList=(r) ]
 message      : function value is NAN
 server values: thetaList=(lumi = -nan +/- 0), asymmThetaList=(), otherFactorList=(r = 2.38807 +/- 0)
WARNING: underflow to -nan in pdf_binfail_LOW_obsOnly for bin 0, weight 26606
[#0] ERROR:Eval -- RooAbsReal::logEvalError(fail_LOW) evaluation error, 
 origin       : RooAbsReal::fail_LOW[ params=(Backgroundfail_LOW_bin_1-1,Backgroundfail_LOW_bin_2-1,lumi,n_exp_binfail_LOW_proc_Background,r) catParams=() ]
 message      : Number of events is negative or error
 server values: params=(Backgroundfail_LOW_bin_1-1 = 26605.6 +/- 0,Backgroundfail_LOW_bin_2-1 = 158.843 +/- 0,lumi = -nan +/- 0,n_exp_binfail_LOW_proc_Background = 1,r = 2.38807 +/- 0), catParams=()
FASTEXIT from pdf_binfail_LOW_obsOnly
[#0] ERROR:Eval -- RooAbsReal::logEvalError(n_exp_binfail_SIG_proc_Signal_M1000MeV_SR) evaluation error, 
 origin       : ProcessNormalization::n_exp_binfail_SIG_proc_Signal_M1000MeV_SR[ thetaList=(lumi) asymmThetaList=() otherFactorList=(r) ]
 message      : function value is NAN
 server values: thetaList=(lumi = -nan +/- 0), asymmThetaList=(), otherFactorList=(r = 2.38807 +/- 0)
WARNING: underflow to -nan in pdf_binfail_SIG_obsOnly for bin 0, weight 37.0297
[#0] ERROR:Eval -- RooAbsReal::logEvalError(fail_SIG) evaluation error, 
 origin       : RooAbsReal::fail_SIG[ params=(Backgroundfail_SIG_bin_1-1,lumi,n_exp_binfail_SIG_proc_Background,r) catParams=() ]
 message      : Number of events is negative or error
 server values: params=(Backgroundfail_SIG_bin_1-1 = 35.7159 +/- 0,lumi = -nan +/- 0,n_exp_binfail_SIG_proc_Background = 1,r = 2.38807 +/- 0), catParams=()
FASTEXIT from pdf_binfail_SIG_obsOnly
[#0] ERROR:Eval -- RooAbsReal::logEvalError(n_exp_binfail_HIGH_proc_Signal_M1000MeV_SR) evaluation error, 
 origin       : ProcessNormalization::n_exp_binfail_HIGH_proc_Signal_M1000MeV_SR[ thetaList=(lumi) asymmThetaList=() otherFactorList=(r) ]
 message      : function value is NAN
 server values: thetaList=(lumi = -nan +/- 0), asymmThetaList=(), otherFactorList=(r = 2.38807 +/- 0)
WARNING: underflow to -nan in pdf_binfail_HIGH_obsOnly for bin 0, weight 6.84588
[#0] ERROR:Eval -- RooAbsReal::logEvalError(fail_HIGH) evaluation error, 
 origin       : RooAbsReal::fail_HIGH[ params=(Backgroundfail_HIGH_bin_1-1,Backgroundfail_HIGH_bin_2-1,lumi,n_exp_binfail_HIGH_proc_Background,r) catParams=() ]
 message      : Number of events is negative or error
 server values: params=(Backgroundfail_HIGH_bin_1-1 = 6.21111 +/- 0,Backgroundfail_HIGH_bin_2-1 = 1.59431 +/- 0,lumi = -nan +/- 0,n_exp_binfail_HIGH_proc_Background = 1,r = 2.38807 +/- 0), catParams=()
FASTEXIT from pdf_binfail_HIGH_obsOnly
[#0] ERROR:Eval -- RooAbsReal::logEvalError() evaluation error, 
 origin       : RooAbsReal::[ params=(lumi,lumi_In,Backgroundfail_LOW_bin_1-1,Backgroundfail_LOW_bin_2-1,Backgroundrpf_2x0_par0,Backgroundrpf_2x0_par1,Backgroundrpf_2x0_par2,Backgroundrpf_2x0_par3,n_exp_binpass_LOW_proc_Background_2x0,r,Backgroundfail_SIG_bin_1-1,n_exp_binpass_SIG_proc_Background_2x0,Backgroundfail_HIGH_bin_1-1,Backgroundfail_HIGH_bin_2-1,n_exp_binpass_HIGH_proc_Background_2x0,n_exp_binfail_LOW_proc_Background,n_exp_binfail_SIG_proc_Background,n_exp_binfail_HIGH_proc_Background) catParams=() ]
 message      : function value is NAN
 server values: params=(lumi = -nan +/- 0,lumi_In = 0,Backgroundfail_LOW_bin_1-1 = 26605.6 +/- 0,Backgroundfail_LOW_bin_2-1 = 158.843 +/- 0,Backgroundrpf_2x0_par0 = 0.128968 +/- 0,Backgroundrpf_2x0_par1 = 19.7592 +/- 0,Backgroundrpf_2x0_par2 = -997.155 +/- 0,Backgroundrpf_2x0_par3 = 0.126304 +/- 0,n_exp_binpass_LOW_proc_Background_2x0 = 1,r = 2.38807 +/- 0,Backgroundfail_SIG_bin_1-1 = 35.7159 +/- 0,n_exp_binpass_SIG_proc_Background_2x0 = 1,Backgroundfail_HIGH_bin_1-1 = 6.21111 +/- 0,Backgroundfail_HIGH_bin_2-1 = 1.59431 +/- 0,n_exp_binpass_HIGH_proc_Background_2x0 = 1,n_exp_binfail_LOW_proc_Background = 1,n_exp_binfail_SIG_proc_Background = 1,n_exp_binfail_HIGH_proc_Background = 1), catParams=()
[#0] ERROR:Eval -- RooAbsReal::logEvalError(n_exp_binpass_LOW_proc_Signal_M1000MeV_SR) evaluation error, 
 origin       : ProcessNormalization::n_exp_binpass_LOW_proc_Signal_M1000MeV_SR[ thetaList=(lumi) asymmThetaList=() otherFactorList=(r) ]
 message      : function value is NAN
 server values: thetaList=(lumi = -nan +/- 0), asymmThetaList=(), otherFactorList=(r = 2.38807 +/- 0)
WARNING: underflow to -nan in pdf_binpass_LOW_obsOnly for bin 0, weight 43.6954
[#0] ERROR:Eval -- RooAbsReal::logEvalError(pass_LOW) evaluation error, 
 origin       : RooAbsReal::pass_LOW[ params=(Backgroundfail_LOW_bin_1-1,Backgroundfail_LOW_bin_2-1,Backgroundrpf_2x0_par0,Backgroundrpf_2x0_par1,Backgroundrpf_2x0_par2,Backgroundrpf_2x0_par3,lumi,n_exp_binpass_LOW_proc_Background_2x0,r) catParams=() ]
 message      : Number of events is negative or error
 server values: params=(Backgroundfail_LOW_bin_1-1 = 26605.6 +/- 0,Backgroundfail_LOW_bin_2-1 = 158.843 +/- 0,Backgroundrpf_2x0_par0 = 0.128968 +/- 0,Backgroundrpf_2x0_par1 = 52.2599 +/- 0,Backgroundrpf_2x0_par2 = -997.155 +/- 0,Backgroundrpf_2x0_par3 = 0.126304 +/- 0,lumi = -nan +/- 0,n_exp_binpass_LOW_proc_Background_2x0 = 1,r = 2.38807 +/- 0), catParams=()
FASTEXIT from pdf_binpass_LOW_obsOnly
[#0] ERROR:Eval -- RooAbsReal::logEvalError(n_exp_binpass_SIG_proc_Signal_M1000MeV_SR) evaluation error, 
 origin       : ProcessNormalization::n_exp_binpass_SIG_proc_Signal_M1000MeV_SR[ thetaList=(lumi) asymmThetaList=() otherFactorList=(r) ]
 message      : function value is NAN
 server values: thetaList=(lumi = -nan +/- 0), asymmThetaList=(), otherFactorList=(r = 2.38807 +/- 0)
WARNING: underflow to -nan in pdf_binpass_SIG_obsOnly for bin 0, weight 0.172936
[#0] ERROR:Eval -- RooAbsReal::logEvalError(pass_SIG) evaluation error, 
 origin       : RooAbsReal::pass_SIG[ params=(Backgroundfail_SIG_bin_1-1,Backgroundrpf_2x0_par0,Backgroundrpf_2x0_par1,Backgroundrpf_2x0_par2,Backgroundrpf_2x0_par3,lumi,n_exp_binpass_SIG_proc_Background_2x0,r) catParams=() ]
 message      : Number of events is negative or error
 server values: params=(Backgroundfail_SIG_bin_1-1 = 35.7159 +/- 0,Backgroundrpf_2x0_par0 = 0.128968 +/- 0,Backgroundrpf_2x0_par1 = 52.2599 +/- 0,Backgroundrpf_2x0_par2 = -997.155 +/- 0,Backgroundrpf_2x0_par3 = 0.126304 +/- 0,lumi = -nan +/- 0,n_exp_binpass_SIG_proc_Background_2x0 = 1,r = 2.38807 +/- 0), catParams=()
FASTEXIT from pdf_binpass_SIG_obsOnly
[#0] ERROR:Eval -- RooAbsReal::logEvalError(n_exp_binpass_HIGH_proc_Signal_M1000MeV_SR) evaluation error, 
 origin       : ProcessNormalization::n_exp_binpass_HIGH_proc_Signal_M1000MeV_SR[ thetaList=(lumi) asymmThetaList=() otherFactorList=(r) ]
 message      : function value is NAN
 server values: thetaList=(lumi = -nan +/- 0), asymmThetaList=(), otherFactorList=(r = 2.38807 +/- 0)
WARNING: underflow to -nan in pdf_binpass_HIGH_obsOnly for bin 0, weight 0.0147251
[#0] ERROR:Eval -- RooAbsReal::logEvalError(pass_HIGH) evaluation error, 
 origin       : RooAbsReal::pass_HIGH[ params=(Backgroundfail_HIGH_bin_1-1,Backgroundfail_HIGH_bin_2-1,Backgroundrpf_2x0_par0,Backgroundrpf_2x0_par1,Backgroundrpf_2x0_par2,Backgroundrpf_2x0_par3,lumi,n_exp_binpass_HIGH_proc_Background_2x0,r) catParams=() ]
 message      : Number of events is negative or error
 server values: params=(Backgroundfail_HIGH_bin_1-1 = 6.21111 +/- 0,Backgroundfail_HIGH_bin_2-1 = 1.59431 +/- 0,Backgroundrpf_2x0_par0 = 0.128968 +/- 0,Backgroundrpf_2x0_par1 = 52.2599 +/- 0,Backgroundrpf_2x0_par2 = -997.155 +/- 0,Backgroundrpf_2x0_par3 = 0.126304 +/- 0,lumi = -nan +/- 0,n_exp_binpass_HIGH_proc_Background_2x0 = 1,r = 2.38807 +/- 0), catParams=()
FASTEXIT from pdf_binpass_HIGH_obsOnly
[#0] ERROR:Eval -- RooAbsReal::logEvalError(n_exp_binfail_LOW_proc_Signal_M1000MeV_SR) evaluation error, 
 origin       : ProcessNormalization::n_exp_binfail_LOW_proc_Signal_M1000MeV_SR[ thetaList=(lumi) asymmThetaList=() otherFactorList=(r) ]
 message      : function value is NAN
 server values: thetaList=(lumi = -nan +/- 0), asymmThetaList=(), otherFactorList=(r = 2.38807 +/- 0)
WARNING: underflow to -nan in pdf_binfail_LOW_obsOnly for bin 0, weight 26606
[#0] ERROR:Eval -- RooAbsReal::logEvalError(fail_LOW) evaluation error, 
 origin       : RooAbsReal::fail_LOW[ params=(Backgroundfail_LOW_bin_1-1,Backgroundfail_LOW_bin_2-1,lumi,n_exp_binfail_LOW_proc_Background,r) catParams=() ]
 message      : Number of events is negative or error
 server values: params=(Backgroundfail_LOW_bin_1-1 = 26605.6 +/- 0,Backgroundfail_LOW_bin_2-1 = 158.843 +/- 0,lumi = -nan +/- 0,n_exp_binfail_LOW_proc_Background = 1,r = 2.38807 +/- 0), catParams=()
FASTEXIT from pdf_binfail_LOW_obsOnly
[#0] ERROR:Eval -- RooAbsReal::logEvalError(n_exp_binfail_SIG_proc_Signal_M1000MeV_SR) evaluation error, 
 origin       : ProcessNormalization::n_exp_binfail_SIG_proc_Signal_M1000MeV_SR[ thetaList=(lumi) asymmThetaList=() otherFactorList=(r) ]
 message      : function value is NAN
 server values: thetaList=(lumi = -nan +/- 0), asymmThetaList=(), otherFactorList=(r = 2.38807 +/- 0)
WARNING: underflow to -nan in pdf_binfail_SIG_obsOnly for bin 0, weight 37.0297
[#0] ERROR:Eval -- RooAbsReal::logEvalError(fail_SIG) evaluation error, 
 origin       : RooAbsReal::fail_SIG[ params=(Backgroundfail_SIG_bin_1-1,lumi,n_exp_binfail_SIG_proc_Background,r) catParams=() ]
 message      : Number of events is negative or error
 server values: params=(Backgroundfail_SIG_bin_1-1 = 35.7159 +/- 0,lumi = -nan +/- 0,n_exp_binfail_SIG_proc_Background = 1,r = 2.38807 +/- 0), catParams=()
FASTEXIT from pdf_binfail_SIG_obsOnly
[#0] ERROR:Eval -- RooAbsReal::logEvalError(n_exp_binfail_HIGH_proc_Signal_M1000MeV_SR) evaluation error, 
 origin       : ProcessNormalization::n_exp_binfail_HIGH_proc_Signal_M1000MeV_SR[ thetaList=(lumi) asymmThetaList=() otherFactorList=(r) ]
 message      : function value is NAN
 server values: thetaList=(lumi = -nan +/- 0), asymmThetaList=(), otherFactorList=(r = 2.38807 +/- 0)
WARNING: underflow to -nan in pdf_binfail_HIGH_obsOnly for bin 0, weight 6.84588
[#0] ERROR:Eval -- RooAbsReal::logEvalError(fail_HIGH) evaluation error, 
 origin       : RooAbsReal::fail_HIGH[ params=(Backgroundfail_HIGH_bin_1-1,Backgroundfail_HIGH_bin_2-1,lumi,n_exp_binfail_HIGH_proc_Background,r) catParams=() ]
 message      : Number of events is negative or error
 server values: params=(Backgroundfail_HIGH_bin_1-1 = 6.21111 +/- 0,Backgroundfail_HIGH_bin_2-1 = 1.59431 +/- 0,lumi = -nan +/- 0,n_exp_binfail_HIGH_proc_Background = 1,r = 2.38807 +/- 0), catParams=()
FASTEXIT from pdf_binfail_HIGH_obsOnly
[#0] ERROR:Eval -- RooAbsReal::logEvalError() evaluation error, 
 origin       : RooAbsReal::[ params=(lumi,lumi_In,Backgroundfail_LOW_bin_1-1,Backgroundfail_LOW_bin_2-1,Backgroundrpf_2x0_par0,Backgroundrpf_2x0_par1,Backgroundrpf_2x0_par2,Backgroundrpf_2x0_par3,n_exp_binpass_LOW_proc_Background_2x0,r,Backgroundfail_SIG_bin_1-1,n_exp_binpass_SIG_proc_Background_2x0,Backgroundfail_HIGH_bin_1-1,Backgroundfail_HIGH_bin_2-1,n_exp_binpass_HIGH_proc_Background_2x0,n_exp_binfail_LOW_proc_Background,n_exp_binfail_SIG_proc_Background,n_exp_binfail_HIGH_proc_Background) catParams=() ]
 message      : function value is NAN
 server values: params=(lumi = -nan +/- 0,lumi_In = 0,Backgroundfail_LOW_bin_1-1 = 26605.6 +/- 0,Backgroundfail_LOW_bin_2-1 = 158.843 +/- 0,Backgroundrpf_2x0_par0 = 0.128968 +/- 0,Backgroundrpf_2x0_par1 = 52.2599 +/- 0,Backgroundrpf_2x0_par2 = -997.155 +/- 0,Backgroundrpf_2x0_par3 = 0.126304 +/- 0,n_exp_binpass_LOW_proc_Background_2x0 = 1,r = 2.38807 +/- 0,Backgroundfail_SIG_bin_1-1 = 35.7159 +/- 0,n_exp_binpass_SIG_proc_Background_2x0 = 1,Backgroundfail_HIGH_bin_1-1 = 6.21111 +/- 0,Backgroundfail_HIGH_bin_2-1 = 1.59431 +/- 0,n_exp_binpass_HIGH_proc_Background_2x0 = 1,n_exp_binfail_LOW_proc_Background = 1,n_exp_binfail_SIG_proc_Background = 1,n_exp_binfail_HIGH_proc_Background = 1), catParams=()
[#0] ERROR:Eval -- RooAbsReal::logEvalError(n_exp_binpass_LOW_proc_Signal_M1000MeV_SR) evaluation error, 
 origin       : ProcessNormalization::n_exp_binpass_LOW_proc_Signal_M1000MeV_SR[ thetaList=(lumi) asymmThetaList=() otherFactorList=(r) ]
 message      : function value is NAN
 server values: thetaList=(lumi = -nan +/- 0), asymmThetaList=(), otherFactorList=(r = 2.38807 +/- 0)
WARNING: underflow to -nan in pdf_binpass_LOW_obsOnly for bin 0, weight 43.6954
[#0] ERROR:Eval -- RooAbsReal::logEvalError(pass_LOW) evaluation error, 
 origin       : RooAbsReal::pass_LOW[ params=(Backgroundfail_LOW_bin_1-1,Backgroundfail_LOW_bin_2-1,Backgroundrpf_2x0_par0,Backgroundrpf_2x0_par1,Backgroundrpf_2x0_par2,Backgroundrpf_2x0_par3,lumi,n_exp_binpass_LOW_proc_Background_2x0,r) catParams=() ]
 message      : Number of events is negative or error
 server values: params=(Backgroundfail_LOW_bin_1-1 = 26605.6 +/- 0,Backgroundfail_LOW_bin_2-1 = 158.843 +/- 0,Backgroundrpf_2x0_par0 = 0.128968 +/- 0,Backgroundrpf_2x0_par1 = -12.7415 +/- 0,Backgroundrpf_2x0_par2 = -997.155 +/- 0,Backgroundrpf_2x0_par3 = -0.437427 +/- 0,lumi = -nan +/- 0,n_exp_binpass_LOW_proc_Background_2x0 = 1,r = 2.38807 +/- 0), catParams=()
FASTEXIT from pdf_binpass_LOW_obsOnly
[#0] ERROR:Eval -- RooAbsReal::logEvalError(n_exp_binpass_SIG_proc_Signal_M1000MeV_SR) evaluation error, 
 origin       : ProcessNormalization::n_exp_binpass_SIG_proc_Signal_M1000MeV_SR[ thetaList=(lumi) asymmThetaList=() otherFactorList=(r) ]
 message      : function value is NAN
 server values: thetaList=(lumi = -nan +/- 0), asymmThetaList=(), otherFactorList=(r = 2.38807 +/- 0)
WARNING: underflow to -nan in pdf_binpass_SIG_obsOnly for bin 0, weight 0.172936
[#0] ERROR:Eval -- RooAbsReal::logEvalError(pass_SIG) evaluation error, 
 origin       : RooAbsReal::pass_SIG[ params=(Backgroundfail_SIG_bin_1-1,Backgroundrpf_2x0_par0,Backgroundrpf_2x0_par1,Backgroundrpf_2x0_par2,Backgroundrpf_2x0_par3,lumi,n_exp_binpass_SIG_proc_Background_2x0,r) catParams=() ]
 message      : Number of events is negative or error
 server values: params=(Backgroundfail_SIG_bin_1-1 = 35.7159 +/- 0,Backgroundrpf_2x0_par0 = 0.128968 +/- 0,Backgroundrpf_2x0_par1 = -12.7415 +/- 0,Backgroundrpf_2x0_par2 = -997.155 +/- 0,Backgroundrpf_2x0_par3 = -0.437427 +/- 0,lumi = -nan +/- 0,n_exp_binpass_SIG_proc_Background_2x0 = 1,r = 2.38807 +/- 0), catParams=()
FASTEXIT from pdf_binpass_SIG_obsOnly
[#0] ERROR:Eval -- RooAbsReal::logEvalError(n_exp_binpass_HIGH_proc_Signal_M1000MeV_SR) evaluation error, 
 origin       : ProcessNormalization::n_exp_binpass_HIGH_proc_Signal_M1000MeV_SR[ thetaList=(lumi) asymmThetaList=() otherFactorList=(r) ]
 message      : function value is NAN
 server values: thetaList=(lumi = -nan +/- 0), asymmThetaList=(), otherFactorList=(r = 2.38807 +/- 0)
WARNING: underflow to -nan in pdf_binpass_HIGH_obsOnly for bin 0, weight 0.0147251
[#0] ERROR:Eval -- RooAbsReal::logEvalError(pass_HIGH) evaluation error, 
 origin       : RooAbsReal::pass_HIGH[ params=(Backgroundfail_HIGH_bin_1-1,Backgroundfail_HIGH_bin_2-1,Backgroundrpf_2x0_par0,Backgroundrpf_2x0_par1,Backgroundrpf_2x0_par2,Backgroundrpf_2x0_par3,lumi,n_exp_binpass_HIGH_proc_Background_2x0,r) catParams=() ]
 message      : Number of events is negative or error
 server values: params=(Backgroundfail_HIGH_bin_1-1 = 6.21111 +/- 0,Backgroundfail_HIGH_bin_2-1 = 1.59431 +/- 0,Backgroundrpf_2x0_par0 = 0.128968 +/- 0,Backgroundrpf_2x0_par1 = -12.7415 +/- 0,Backgroundrpf_2x0_par2 = -997.155 +/- 0,Backgroundrpf_2x0_par3 = -0.437427 +/- 0,lumi = -nan +/- 0,n_exp_binpass_HIGH_proc_Background_2x0 = 1,r = 2.38807 +/- 0), catParams=()
FASTEXIT from pdf_binpass_HIGH_obsOnly
[#0] ERROR:Eval -- RooAbsReal::logEvalError(n_exp_binfail_LOW_proc_Signal_M1000MeV_SR) evaluation error, 
 origin       : ProcessNormalization::n_exp_binfail_LOW_proc_Signal_M1000MeV_SR[ thetaList=(lumi) asymmThetaList=() otherFactorList=(r) ]
 message      : function value is NAN
 server values: thetaList=(lumi = -nan +/- 0), asymmThetaList=(), otherFactorList=(r = 2.38807 +/- 0)
WARNING: underflow to -nan in pdf_binfail_LOW_obsOnly for bin 0, weight 26606
[#0] ERROR:Eval -- RooAbsReal::logEvalError(fail_LOW) evaluation error, 
 origin       : RooAbsReal::fail_LOW[ params=(Backgroundfail_LOW_bin_1-1,Backgroundfail_LOW_bin_2-1,lumi,n_exp_binfail_LOW_proc_Background,r) catParams=() ]
 message      : Number of events is negative or error
 server values: params=(Backgroundfail_LOW_bin_1-1 = 26605.6 +/- 0,Backgroundfail_LOW_bin_2-1 = 158.843 +/- 0,lumi = -nan +/- 0,n_exp_binfail_LOW_proc_Background = 1,r = 2.38807 +/- 0), catParams=()
FASTEXIT from pdf_binfail_LOW_obsOnly
[#0] ERROR:Eval -- RooAbsReal::logEvalError(n_exp_binfail_SIG_proc_Signal_M1000MeV_SR) evaluation error, 
 origin       : ProcessNormalization::n_exp_binfail_SIG_proc_Signal_M1000MeV_SR[ thetaList=(lumi) asymmThetaList=() otherFactorList=(r) ]
 message      : function value is NAN
 server values: thetaList=(lumi = -nan +/- 0), asymmThetaList=(), otherFactorList=(r = 2.38807 +/- 0)
WARNING: underflow to -nan in pdf_binfail_SIG_obsOnly for bin 0, weight 37.0297
[#0] ERROR:Eval -- RooAbsReal::logEvalError(fail_SIG) evaluation error, 
 origin       : RooAbsReal::fail_SIG[ params=(Backgroundfail_SIG_bin_1-1,lumi,n_exp_binfail_SIG_proc_Background,r) catParams=() ]
 message      : Number of events is negative or error
 server values: params=(Backgroundfail_SIG_bin_1-1 = 35.7159 +/- 0,lumi = -nan +/- 0,n_exp_binfail_SIG_proc_Background = 1,r = 2.38807 +/- 0), catParams=()
FASTEXIT from pdf_binfail_SIG_obsOnly
[#0] ERROR:Eval -- RooAbsReal::logEvalError(n_exp_binfail_HIGH_proc_Signal_M1000MeV_SR) evaluation error, 
 origin       : ProcessNormalization::n_exp_binfail_HIGH_proc_Signal_M1000MeV_SR[ thetaList=(lumi) asymmThetaList=() otherFactorList=(r) ]
 message      : function value is NAN
 server values: thetaList=(lumi = -nan +/- 0), asymmThetaList=(), otherFactorList=(r = 2.38807 +/- 0)
WARNING: underflow to -nan in pdf_binfail_HIGH_obsOnly for bin 0, weight 6.84588
[#0] ERROR:Eval -- RooAbsReal::logEvalError(fail_HIGH) evaluation error, 
 origin       : RooAbsReal::fail_HIGH[ params=(Backgroundfail_HIGH_bin_1-1,Backgroundfail_HIGH_bin_2-1,lumi,n_exp_binfail_HIGH_proc_Background,r) catParams=() ]
 message      : Number of events is negative or error
 server values: params=(Backgroundfail_HIGH_bin_1-1 = 6.21111 +/- 0,Backgroundfail_HIGH_bin_2-1 = 1.59431 +/- 0,lumi = -nan +/- 0,n_exp_binfail_HIGH_proc_Background = 1,r = 2.38807 +/- 0), catParams=()
FASTEXIT from pdf_binfail_HIGH_obsOnly
[#0] ERROR:Eval -- RooAbsReal::logEvalError() evaluation error, 
 origin       : RooAbsReal::[ params=(lumi,lumi_In,Backgroundfail_LOW_bin_1-1,Backgroundfail_LOW_bin_2-1,Backgroundrpf_2x0_par0,Backgroundrpf_2x0_par1,Backgroundrpf_2x0_par2,Backgroundrpf_2x0_par3,n_exp_binpass_LOW_proc_Background_2x0,r,Backgroundfail_SIG_bin_1-1,n_exp_binpass_SIG_proc_Background_2x0,Backgroundfail_HIGH_bin_1-1,Backgroundfail_HIGH_bin_2-1,n_exp_binpass_HIGH_proc_Background_2x0,n_exp_binfail_LOW_proc_Background,n_exp_binfail_SIG_proc_Background,n_exp_binfail_HIGH_proc_Background) catParams=() ]
 message      : function value is NAN
 server values: params=(lumi = -nan +/- 0,lumi_In = 0,Backgroundfail_LOW_bin_1-1 = 26605.6 +/- 0,Backgroundfail_LOW_bin_2-1 = 158.843 +/- 0,Backgroundrpf_2x0_par0 = 0.128968 +/- 0,Backgroundrpf_2x0_par1 = -12.7415 +/- 0,Backgroundrpf_2x0_par2 = -997.155 +/- 0,Backgroundrpf_2x0_par3 = -0.437427 +/- 0,n_exp_binpass_LOW_proc_Background_2x0 = 1,r = 2.38807 +/- 0,Backgroundfail_SIG_bin_1-1 = 35.7159 +/- 0,n_exp_binpass_SIG_proc_Background_2x0 = 1,Backgroundfail_HIGH_bin_1-1 = 6.21111 +/- 0,Backgroundfail_HIGH_bin_2-1 = 1.59431 +/- 0,n_exp_binpass_HIGH_proc_Background_2x0 = 1,n_exp_binfail_LOW_proc_Background = 1,n_exp_binfail_SIG_proc_Background = 1,n_exp_binfail_HIGH_proc_Background = 1), catParams=()
[#0] ERROR:Eval -- RooAbsReal::logEvalError(n_exp_binpass_LOW_proc_Signal_M1000MeV_SR) evaluation error, 
 origin       : ProcessNormalization::n_exp_binpass_LOW_proc_Signal_M1000MeV_SR[ thetaList=(lumi) asymmThetaList=() otherFactorList=(r) ]
 message      : function value is NAN
 server values: thetaList=(lumi = -nan +/- 0), asymmThetaList=(), otherFactorList=(r = 2.38807 +/- 0)
WARNING: underflow to -nan in pdf_binpass_LOW_obsOnly for bin 0, weight 43.6954
[#0] ERROR:Eval -- RooAbsReal::logEvalError(pass_LOW) evaluation error, 
 origin       : RooAbsReal::pass_LOW[ params=(Backgroundfail_LOW_bin_1-1,Backgroundfail_LOW_bin_2-1,Backgroundrpf_2x0_par0,Backgroundrpf_2x0_par1,Backgroundrpf_2x0_par2,Backgroundrpf_2x0_par3,lumi,n_exp_binpass_LOW_proc_Background_2x0,r) catParams=() ]
 message      : Number of events is negative or error
 server values: params=(Backgroundfail_LOW_bin_1-1 = 26605.6 +/- 0,Backgroundfail_LOW_bin_2-1 = 158.843 +/- 0,Backgroundrpf_2x0_par0 = 0.128968 +/- 0,Backgroundrpf_2x0_par1 = -12.7415 +/- 0,Backgroundrpf_2x0_par2 = -997.155 +/- 0,Backgroundrpf_2x0_par3 = -0.155562 +/- 0,lumi = -nan +/- 0,n_exp_binpass_LOW_proc_Background_2x0 = 1,r = 2.38807 +/- 0), catParams=()
FASTEXIT from pdf_binpass_LOW_obsOnly
[#0] ERROR:Eval -- RooAbsReal::logEvalError(n_exp_binpass_SIG_proc_Signal_M1000MeV_SR) evaluation error, 
 origin       : ProcessNormalization::n_exp_binpass_SIG_proc_Signal_M1000MeV_SR[ thetaList=(lumi) asymmThetaList=() otherFactorList=(r) ]
 message      : function value is NAN
 server values: thetaList=(lumi = -nan +/- 0), asymmThetaList=(), otherFactorList=(r = 2.38807 +/- 0)
WARNING: underflow to -nan in pdf_binpass_SIG_obsOnly for bin 0, weight 0.172936
[#0] ERROR:Eval -- RooAbsReal::logEvalError(pass_SIG) evaluation error, 
 origin       : RooAbsReal::pass_SIG[ params=(Backgroundfail_SIG_bin_1-1,Backgroundrpf_2x0_par0,Backgroundrpf_2x0_par1,Backgroundrpf_2x0_par2,Backgroundrpf_2x0_par3,lumi,n_exp_binpass_SIG_proc_Background_2x0,r) catParams=() ]
 message      : Number of events is negative or error
 server values: params=(Backgroundfail_SIG_bin_1-1 = 35.7159 +/- 0,Backgroundrpf_2x0_par0 = 0.128968 +/- 0,Backgroundrpf_2x0_par1 = -12.7415 +/- 0,Backgroundrpf_2x0_par2 = -997.155 +/- 0,Backgroundrpf_2x0_par3 = -0.155562 +/- 0,lumi = -nan +/- 0,n_exp_binpass_SIG_proc_Background_2x0 = 1,r = 2.38807 +/- 0), catParams=()
FASTEXIT from pdf_binpass_SIG_obsOnly
[#0] ERROR:Eval -- RooAbsReal::logEvalError(n_exp_binpass_HIGH_proc_Signal_M1000MeV_SR) evaluation error, 
 origin       : ProcessNormalization::n_exp_binpass_HIGH_proc_Signal_M1000MeV_SR[ thetaList=(lumi) asymmThetaList=() otherFactorList=(r) ]
 message      : function value is NAN
 server values: thetaList=(lumi = -nan +/- 0), asymmThetaList=(), otherFactorList=(r = 2.38807 +/- 0)
WARNING: underflow to -nan in pdf_binpass_HIGH_obsOnly for bin 0, weight 0.0147251
[#0] ERROR:Eval -- RooAbsReal::logEvalError(pass_HIGH) evaluation error, 
 origin       : RooAbsReal::pass_HIGH[ params=(Backgroundfail_HIGH_bin_1-1,Backgroundfail_HIGH_bin_2-1,Backgroundrpf_2x0_par0,Backgroundrpf_2x0_par1,Backgroundrpf_2x0_par2,Backgroundrpf_2x0_par3,lumi,n_exp_binpass_HIGH_proc_Background_2x0,r) catParams=() ]
 message      : Number of events is negative or error
 server values: params=(Backgroundfail_HIGH_bin_1-1 = 6.21111 +/- 0,Backgroundfail_HIGH_bin_2-1 = 1.59431 +/- 0,Backgroundrpf_2x0_par0 = 0.128968 +/- 0,Backgroundrpf_2x0_par1 = -12.7415 +/- 0,Backgroundrpf_2x0_par2 = -997.155 +/- 0,Backgroundrpf_2x0_par3 = -0.155562 +/- 0,lumi = -nan +/- 0,n_exp_binpass_HIGH_proc_Background_2x0 = 1,r = 2.38807 +/- 0), catParams=()
FASTEXIT from pdf_binpass_HIGH_obsOnly
[#0] ERROR:Eval -- RooAbsReal::logEvalError(n_exp_binfail_LOW_proc_Signal_M1000MeV_SR) evaluation error, 
 origin       : ProcessNormalization::n_exp_binfail_LOW_proc_Signal_M1000MeV_SR[ thetaList=(lumi) asymmThetaList=() otherFactorList=(r) ]
 message      : function value is NAN
 server values: thetaList=(lumi = -nan +/- 0), asymmThetaList=(), otherFactorList=(r = 2.38807 +/- 0)
WARNING: underflow to -nan in pdf_binfail_LOW_obsOnly for bin 0, weight 26606
[#0] ERROR:Eval -- RooAbsReal::logEvalError(fail_LOW) evaluation error, 
 origin       : RooAbsReal::fail_LOW[ params=(Backgroundfail_LOW_bin_1-1,Backgroundfail_LOW_bin_2-1,lumi,n_exp_binfail_LOW_proc_Background,r) catParams=() ]
 message      : Number of events is negative or error
 server values: params=(Backgroundfail_LOW_bin_1-1 = 26605.6 +/- 0,Backgroundfail_LOW_bin_2-1 = 158.843 +/- 0,lumi = -nan +/- 0,n_exp_binfail_LOW_proc_Background = 1,r = 2.38807 +/- 0), catParams=()
FASTEXIT from pdf_binfail_LOW_obsOnly
[#0] ERROR:Eval -- RooAbsReal::logEvalError(n_exp_binfail_SIG_proc_Signal_M1000MeV_SR) evaluation error, 
 origin       : ProcessNormalization::n_exp_binfail_SIG_proc_Signal_M1000MeV_SR[ thetaList=(lumi) asymmThetaList=() otherFactorList=(r) ]
 message      : function value is NAN
 server values: thetaList=(lumi = -nan +/- 0), asymmThetaList=(), otherFactorList=(r = 2.38807 +/- 0)
WARNING: underflow to -nan in pdf_binfail_SIG_obsOnly for bin 0, weight 37.0297
[#0] ERROR:Eval -- RooAbsReal::logEvalError(fail_SIG) evaluation error, 
 origin       : RooAbsReal::fail_SIG[ params=(Backgroundfail_SIG_bin_1-1,lumi,n_exp_binfail_SIG_proc_Background,r) catParams=() ]
 message      : Number of events is negative or error
 server values: params=(Backgroundfail_SIG_bin_1-1 = 35.7159 +/- 0,lumi = -nan +/- 0,n_exp_binfail_SIG_proc_Background = 1,r = 2.38807 +/- 0), catParams=()
FASTEXIT from pdf_binfail_SIG_obsOnly
[#0] ERROR:Eval -- RooAbsReal::logEvalError(n_exp_binfail_HIGH_proc_Signal_M1000MeV_SR) evaluation error, 
 origin       : ProcessNormalization::n_exp_binfail_HIGH_proc_Signal_M1000MeV_SR[ thetaList=(lumi) asymmThetaList=() otherFactorList=(r) ]
 message      : function value is NAN
 server values: thetaList=(lumi = -nan +/- 0), asymmThetaList=(), otherFactorList=(r = 2.38807 +/- 0)
WARNING: underflow to -nan in pdf_binfail_HIGH_obsOnly for bin 0, weight 6.84588
[#0] ERROR:Eval -- RooAbsReal::logEvalError(fail_HIGH) evaluation error, 
 origin       : RooAbsReal::fail_HIGH[ params=(Backgroundfail_HIGH_bin_1-1,Backgroundfail_HIGH_bin_2-1,lumi,n_exp_binfail_HIGH_proc_Background,r) catParams=() ]
 message      : Number of events is negative or error
 server values: params=(Backgroundfail_HIGH_bin_1-1 = 6.21111 +/- 0,Backgroundfail_HIGH_bin_2-1 = 1.59431 +/- 0,lumi = -nan +/- 0,n_exp_binfail_HIGH_proc_Background = 1,r = 2.38807 +/- 0), catParams=()
FASTEXIT from pdf_binfail_HIGH_obsOnly
[#0] ERROR:Eval -- RooAbsReal::logEvalError() evaluation error, 
 origin       : RooAbsReal::[ params=(lumi,lumi_In,Backgroundfail_LOW_bin_1-1,Backgroundfail_LOW_bin_2-1,Backgroundrpf_2x0_par0,Backgroundrpf_2x0_par1,Backgroundrpf_2x0_par2,Backgroundrpf_2x0_par3,n_exp_binpass_LOW_proc_Background_2x0,r,Backgroundfail_SIG_bin_1-1,n_exp_binpass_SIG_proc_Background_2x0,Backgroundfail_HIGH_bin_1-1,Backgroundfail_HIGH_bin_2-1,n_exp_binpass_HIGH_proc_Background_2x0,n_exp_binfail_LOW_proc_Background,n_exp_binfail_SIG_proc_Background,n_exp_binfail_HIGH_proc_Background) catParams=() ]
 message      : function value is NAN
 server values: params=(lumi = -nan +/- 0,lumi_In = 0,Backgroundfail_LOW_bin_1-1 = 26605.6 +/- 0,Backgroundfail_LOW_bin_2-1 = 158.843 +/- 0,Backgroundrpf_2x0_par0 = 0.128968 +/- 0,Backgroundrpf_2x0_par1 = -12.7415 +/- 0,Backgroundrpf_2x0_par2 = -997.155 +/- 0,Backgroundrpf_2x0_par3 = -0.155562 +/- 0,n_exp_binpass_LOW_proc_Background_2x0 = 1,r = 2.38807 +/- 0,Backgroundfail_SIG_bin_1-1 = 35.7159 +/- 0,n_exp_binpass_SIG_proc_Background_2x0 = 1,Backgroundfail_HIGH_bin_1-1 = 6.21111 +/- 0,Backgroundfail_HIGH_bin_2-1 = 1.59431 +/- 0,n_exp_binpass_HIGH_proc_Background_2x0 = 1,n_exp_binfail_LOW_proc_Background = 1,n_exp_binfail_SIG_proc_Background = 1,n_exp_binfail_HIGH_proc_Background = 1), catParams=()
[#0] ERROR:Eval -- RooAbsReal::logEvalError(n_exp_binpass_LOW_proc_Signal_M1000MeV_SR) evaluation error, 
 origin       : ProcessNormalization::n_exp_binpass_LOW_proc_Signal_M1000MeV_SR[ thetaList=(lumi) asymmThetaList=() otherFactorList=(r) ]
 message      : function value is NAN
 server values: thetaList=(lumi = -nan +/- 0), asymmThetaList=(), otherFactorList=(r = 2.38807 +/- 0)
WARNING: underflow to -nan in pdf_binpass_LOW_obsOnly for bin 0, weight 43.6954
[#0] ERROR:Eval -- RooAbsReal::logEvalError(pass_LOW) evaluation error, 
 origin       : RooAbsReal::pass_LOW[ params=(Backgroundfail_LOW_bin_1-1,Backgroundfail_LOW_bin_2-1,Backgroundrpf_2x0_par0,Backgroundrpf_2x0_par1,Backgroundrpf_2x0_par2,Backgroundrpf_2x0_par3,lumi,n_exp_binpass_LOW_proc_Background_2x0,r) catParams=() ]
 message      : Number of events is negative or error
 server values: params=(Backgroundfail_LOW_bin_1-1 = 26605.6 +/- 0,Backgroundfail_LOW_bin_2-1 = 158.843 +/- 0,Backgroundrpf_2x0_par0 = 0.128968 +/- 0,Backgroundrpf_2x0_par1 = -12.7415 +/- 0,Backgroundrpf_2x0_par2 = -997.155 +/- 0,Backgroundrpf_2x0_par3 = -0.437427 +/- 0,lumi = -nan +/- 0,n_exp_binpass_LOW_proc_Background_2x0 = 1,r = 2.38807 +/- 0), catParams=()
FASTEXIT from pdf_binpass_LOW_obsOnly
[#0] ERROR:Eval -- RooAbsReal::logEvalError(n_exp_binpass_SIG_proc_Signal_M1000MeV_SR) evaluation error, 
 origin       : ProcessNormalization::n_exp_binpass_SIG_proc_Signal_M1000MeV_SR[ thetaList=(lumi) asymmThetaList=() otherFactorList=(r) ]
 message      : function value is NAN
 server values: thetaList=(lumi = -nan +/- 0), asymmThetaList=(), otherFactorList=(r = 2.38807 +/- 0)
WARNING: underflow to -nan in pdf_binpass_SIG_obsOnly for bin 0, weight 0.172936
[#0] ERROR:Eval -- RooAbsReal::logEvalError(pass_SIG) evaluation error, 
 origin       : RooAbsReal::pass_SIG[ params=(Backgroundfail_SIG_bin_1-1,Backgroundrpf_2x0_par0,Backgroundrpf_2x0_par1,Backgroundrpf_2x0_par2,Backgroundrpf_2x0_par3,lumi,n_exp_binpass_SIG_proc_Background_2x0,r) catParams=() ]
 message      : Number of events is negative or error
 server values: params=(Backgroundfail_SIG_bin_1-1 = 35.7159 +/- 0,Backgroundrpf_2x0_par0 = 0.128968 +/- 0,Backgroundrpf_2x0_par1 = -12.7415 +/- 0,Backgroundrpf_2x0_par2 = -997.155 +/- 0,Backgroundrpf_2x0_par3 = -0.437427 +/- 0,lumi = -nan +/- 0,n_exp_binpass_SIG_proc_Background_2x0 = 1,r = 2.38807 +/- 0), catParams=()
FASTEXIT from pdf_binpass_SIG_obsOnly
[#0] ERROR:Eval -- RooAbsReal::logEvalError(n_exp_binpass_HIGH_proc_Signal_M1000MeV_SR) evaluation error, 
 origin       : ProcessNormalization::n_exp_binpass_HIGH_proc_Signal_M1000MeV_SR[ thetaList=(lumi) asymmThetaList=() otherFactorList=(r) ]
 message      : function value is NAN
 server values: thetaList=(lumi = -nan +/- 0), asymmThetaList=(), otherFactorList=(r = 2.38807 +/- 0)
WARNING: underflow to -nan in pdf_binpass_HIGH_obsOnly for bin 0, weight 0.0147251
[#0] ERROR:Eval -- RooAbsReal::logEvalError(pass_HIGH) evaluation error, 
 origin       : RooAbsReal::pass_HIGH[ params=(Backgroundfail_HIGH_bin_1-1,Backgroundfail_HIGH_bin_2-1,Backgroundrpf_2x0_par0,Backgroundrpf_2x0_par1,Backgroundrpf_2x0_par2,Backgroundrpf_2x0_par3,lumi,n_exp_binpass_HIGH_proc_Background_2x0,r) catParams=() ]
 message      : Number of events is negative or error
 server values: params=(Backgroundfail_HIGH_bin_1-1 = 6.21111 +/- 0,Backgroundfail_HIGH_bin_2-1 = 1.59431 +/- 0,Backgroundrpf_2x0_par0 = 0.128968 +/- 0,Backgroundrpf_2x0_par1 = -12.7415 +/- 0,Backgroundrpf_2x0_par2 = -997.155 +/- 0,Backgroundrpf_2x0_par3 = -0.437427 +/- 0,lumi = -nan +/- 0,n_exp_binpass_HIGH_proc_Background_2x0 = 1,r = 2.38807 +/- 0), catParams=()
FASTEXIT from pdf_binpass_HIGH_obsOnly
[#0] ERROR:Eval -- RooAbsReal::logEvalError(n_exp_binfail_LOW_proc_Signal_M1000MeV_SR) evaluation error, 
 origin       : ProcessNormalization::n_exp_binfail_LOW_proc_Signal_M1000MeV_SR[ thetaList=(lumi) asymmThetaList=() otherFactorList=(r) ]
 message      : function value is NAN
 server values: thetaList=(lumi = -nan +/- 0), asymmThetaList=(), otherFactorList=(r = 2.38807 +/- 0)
WARNING: underflow to -nan in pdf_binfail_LOW_obsOnly for bin 0, weight 26606
[#0] ERROR:Eval -- RooAbsReal::logEvalError(fail_LOW) evaluation error, 
 origin       : RooAbsReal::fail_LOW[ params=(Backgroundfail_LOW_bin_1-1,Backgroundfail_LOW_bin_2-1,lumi,n_exp_binfail_LOW_proc_Background,r) catParams=() ]
 message      : Number of events is negative or error
 server values: params=(Backgroundfail_LOW_bin_1-1 = 26605.6 +/- 0,Backgroundfail_LOW_bin_2-1 = 158.843 +/- 0,lumi = -nan +/- 0,n_exp_binfail_LOW_proc_Background = 1,r = 2.38807 +/- 0), catParams=()
FASTEXIT from pdf_binfail_LOW_obsOnly
[#0] ERROR:Eval -- RooAbsReal::logEvalError(n_exp_binfail_SIG_proc_Signal_M1000MeV_SR) evaluation error, 
 origin       : ProcessNormalization::n_exp_binfail_SIG_proc_Signal_M1000MeV_SR[ thetaList=(lumi) asymmThetaList=() otherFactorList=(r) ]
 message      : function value is NAN
 server values: thetaList=(lumi = -nan +/- 0), asymmThetaList=(), otherFactorList=(r = 2.38807 +/- 0)
WARNING: underflow to -nan in pdf_binfail_SIG_obsOnly for bin 0, weight 37.0297
[#0] ERROR:Eval -- RooAbsReal::logEvalError(fail_SIG) evaluation error, 
 origin       : RooAbsReal::fail_SIG[ params=(Backgroundfail_SIG_bin_1-1,lumi,n_exp_binfail_SIG_proc_Background,r) catParams=() ]
 message      : Number of events is negative or error
 server values: params=(Backgroundfail_SIG_bin_1-1 = 35.7159 +/- 0,lumi = -nan +/- 0,n_exp_binfail_SIG_proc_Background = 1,r = 2.38807 +/- 0), catParams=()
FASTEXIT from pdf_binfail_SIG_obsOnly
[#0] ERROR:Eval -- RooAbsReal::logEvalError(n_exp_binfail_HIGH_proc_Signal_M1000MeV_SR) evaluation error, 
 origin       : ProcessNormalization::n_exp_binfail_HIGH_proc_Signal_M1000MeV_SR[ thetaList=(lumi) asymmThetaList=() otherFactorList=(r) ]
 message      : function value is NAN
 server values: thetaList=(lumi = -nan +/- 0), asymmThetaList=(), otherFactorList=(r = 2.38807 +/- 0)
WARNING: underflow to -nan in pdf_binfail_HIGH_obsOnly for bin 0, weight 6.84588
[#0] ERROR:Eval -- RooAbsReal::logEvalError(fail_HIGH) evaluation error, 
 origin       : RooAbsReal::fail_HIGH[ params=(Backgroundfail_HIGH_bin_1-1,Backgroundfail_HIGH_bin_2-1,lumi,n_exp_binfail_HIGH_proc_Background,r) catParams=() ]
 message      : Number of events is negative or error
 server values: params=(Backgroundfail_HIGH_bin_1-1 = 6.21111 +/- 0,Backgroundfail_HIGH_bin_2-1 = 1.59431 +/- 0,lumi = -nan +/- 0,n_exp_binfail_HIGH_proc_Background = 1,r = 2.38807 +/- 0), catParams=()
FASTEXIT from pdf_binfail_HIGH_obsOnly
[#0] ERROR:Eval -- RooAbsReal::logEvalError() evaluation error, 
 origin       : RooAbsReal::[ params=(lumi,lumi_In,Backgroundfail_LOW_bin_1-1,Backgroundfail_LOW_bin_2-1,Backgroundrpf_2x0_par0,Backgroundrpf_2x0_par1,Backgroundrpf_2x0_par2,Backgroundrpf_2x0_par3,n_exp_binpass_LOW_proc_Background_2x0,r,Backgroundfail_SIG_bin_1-1,n_exp_binpass_SIG_proc_Background_2x0,Backgroundfail_HIGH_bin_1-1,Backgroundfail_HIGH_bin_2-1,n_exp_binpass_HIGH_proc_Background_2x0,n_exp_binfail_LOW_proc_Background,n_exp_binfail_SIG_proc_Background,n_exp_binfail_HIGH_proc_Background) catParams=() ]
 message      : function value is NAN
 server values: params=(lumi = -nan +/- 0,lumi_In = 0,Backgroundfail_LOW_bin_1-1 = 26605.6 +/- 0,Backgroundfail_LOW_bin_2-1 = 158.843 +/- 0,Backgroundrpf_2x0_par0 = 0.128968 +/- 0,Backgroundrpf_2x0_par1 = -12.7415 +/- 0,Backgroundrpf_2x0_par2 = -997.155 +/- 0,Backgroundrpf_2x0_par3 = -0.437427 +/- 0,n_exp_binpass_LOW_proc_Background_2x0 = 1,r = 2.38807 +/- 0,Backgroundfail_SIG_bin_1-1 = 35.7159 +/- 0,n_exp_binpass_SIG_proc_Background_2x0 = 1,Backgroundfail_HIGH_bin_1-1 = 6.21111 +/- 0,Backgroundfail_HIGH_bin_2-1 = 1.59431 +/- 0,n_exp_binpass_HIGH_proc_Background_2x0 = 1,n_exp_binfail_LOW_proc_Background = 1,n_exp_binfail_SIG_proc_Background = 1,n_exp_binfail_HIGH_proc_Background = 1), catParams=()
[#0] ERROR:Eval -- RooAbsReal::logEvalError(n_exp_binpass_LOW_proc_Signal_M1000MeV_SR) evaluation error, 
 origin       : ProcessNormalization::n_exp_binpass_LOW_proc_Signal_M1000MeV_SR[ thetaList=(lumi) asymmThetaList=() otherFactorList=(r) ]
 message      : function value is NAN
 server values: thetaList=(lumi = -nan +/- 0), asymmThetaList=(), otherFactorList=(r = 2.38807 +/- 0)
WARNING: underflow to -nan in pdf_binpass_LOW_obsOnly for bin 0, weight 43.6954
[#0] ERROR:Eval -- RooAbsReal::logEvalError(pass_LOW) evaluation error, 
 origin       : RooAbsReal::pass_LOW[ params=(Backgroundfail_LOW_bin_1-1,Backgroundfail_LOW_bin_2-1,Backgroundrpf_2x0_par0,Backgroundrpf_2x0_par1,Backgroundrpf_2x0_par2,Backgroundrpf_2x0_par3,lumi,n_exp_binpass_LOW_proc_Background_2x0,r) catParams=() ]
 message      : Number of events is negative or error
 server values: params=(Backgroundfail_LOW_bin_1-1 = 26605.6 +/- 0,Backgroundfail_LOW_bin_2-1 = 158.843 +/- 0,Backgroundrpf_2x0_par0 = 0.128968 +/- 0,Backgroundrpf_2x0_par1 = -12.7415 +/- 0,Backgroundrpf_2x0_par2 = -997.155 +/- 0,Backgroundrpf_2x0_par3 = -0.155562 +/- 0,lumi = -nan +/- 0,n_exp_binpass_LOW_proc_Background_2x0 = 1,r = 2.38807 +/- 0), catParams=()
FASTEXIT from pdf_binpass_LOW_obsOnly
[#0] ERROR:Eval -- RooAbsReal::logEvalError(n_exp_binpass_SIG_proc_Signal_M1000MeV_SR) evaluation error, 
 origin       : ProcessNormalization::n_exp_binpass_SIG_proc_Signal_M1000MeV_SR[ thetaList=(lumi) asymmThetaList=() otherFactorList=(r) ]
 message      : function value is NAN
 server values: thetaList=(lumi = -nan +/- 0), asymmThetaList=(), otherFactorList=(r = 2.38807 +/- 0)
WARNING: underflow to -nan in pdf_binpass_SIG_obsOnly for bin 0, weight 0.172936
[#0] ERROR:Eval -- RooAbsReal::logEvalError(pass_SIG) evaluation error, 
 origin       : RooAbsReal::pass_SIG[ params=(Backgroundfail_SIG_bin_1-1,Backgroundrpf_2x0_par0,Backgroundrpf_2x0_par1,Backgroundrpf_2x0_par2,Backgroundrpf_2x0_par3,lumi,n_exp_binpass_SIG_proc_Background_2x0,r) catParams=() ]
 message      : Number of events is negative or error
 server values: params=(Backgroundfail_SIG_bin_1-1 = 35.7159 +/- 0,Backgroundrpf_2x0_par0 = 0.128968 +/- 0,Backgroundrpf_2x0_par1 = -12.7415 +/- 0,Backgroundrpf_2x0_par2 = -997.155 +/- 0,Backgroundrpf_2x0_par3 = -0.155562 +/- 0,lumi = -nan +/- 0,n_exp_binpass_SIG_proc_Background_2x0 = 1,r = 2.38807 +/- 0), catParams=()
FASTEXIT from pdf_binpass_SIG_obsOnly
[#0] ERROR:Eval -- RooAbsReal::logEvalError(n_exp_binpass_HIGH_proc_Signal_M1000MeV_SR) evaluation error, 
 origin       : ProcessNormalization::n_exp_binpass_HIGH_proc_Signal_M1000MeV_SR[ thetaList=(lumi) asymmThetaList=() otherFactorList=(r) ]
 message      : function value is NAN
 server values: thetaList=(lumi = -nan +/- 0), asymmThetaList=(), otherFactorList=(r = 2.38807 +/- 0)
WARNING: underflow to -nan in pdf_binpass_HIGH_obsOnly for bin 0, weight 0.0147251
[#0] ERROR:Eval -- RooAbsReal::logEvalError(pass_HIGH) evaluation error, 
 origin       : RooAbsReal::pass_HIGH[ params=(Backgroundfail_HIGH_bin_1-1,Backgroundfail_HIGH_bin_2-1,Backgroundrpf_2x0_par0,Backgroundrpf_2x0_par1,Backgroundrpf_2x0_par2,Backgroundrpf_2x0_par3,lumi,n_exp_binpass_HIGH_proc_Background_2x0,r) catParams=() ]
 message      : Number of events is negative or error
 server values: params=(Backgroundfail_HIGH_bin_1-1 = 6.21111 +/- 0,Backgroundfail_HIGH_bin_2-1 = 1.59431 +/- 0,Backgroundrpf_2x0_par0 = 0.128968 +/- 0,Backgroundrpf_2x0_par1 = -12.7415 +/- 0,Backgroundrpf_2x0_par2 = -997.155 +/- 0,Backgroundrpf_2x0_par3 = -0.155562 +/- 0,lumi = -nan +/- 0,n_exp_binpass_HIGH_proc_Background_2x0 = 1,r = 2.38807 +/- 0), catParams=()
FASTEXIT from pdf_binpass_HIGH_obsOnly
[#0] ERROR:Eval -- RooAbsReal::logEvalError(n_exp_binfail_LOW_proc_Signal_M1000MeV_SR) evaluation error, 
 origin       : ProcessNormalization::n_exp_binfail_LOW_proc_Signal_M1000MeV_SR[ thetaList=(lumi) asymmThetaList=() otherFactorList=(r) ]
 message      : function value is NAN
 server values: thetaList=(lumi = -nan +/- 0), asymmThetaList=(), otherFactorList=(r = 2.38807 +/- 0)
WARNING: underflow to -nan in pdf_binfail_LOW_obsOnly for bin 0, weight 26606
[#0] ERROR:Eval -- RooAbsReal::logEvalError(fail_LOW) evaluation error, 
 origin       : RooAbsReal::fail_LOW[ params=(Backgroundfail_LOW_bin_1-1,Backgroundfail_LOW_bin_2-1,lumi,n_exp_binfail_LOW_proc_Background,r) catParams=() ]
 message      : Number of events is negative or error
 server values: params=(Backgroundfail_LOW_bin_1-1 = 26605.6 +/- 0,Backgroundfail_LOW_bin_2-1 = 158.843 +/- 0,lumi = -nan +/- 0,n_exp_binfail_LOW_proc_Background = 1,r = 2.38807 +/- 0), catParams=()
FASTEXIT from pdf_binfail_LOW_obsOnly
[#0] ERROR:Eval -- RooAbsReal::logEvalError(n_exp_binfail_SIG_proc_Signal_M1000MeV_SR) evaluation error, 
 origin       : ProcessNormalization::n_exp_binfail_SIG_proc_Signal_M1000MeV_SR[ thetaList=(lumi) asymmThetaList=() otherFactorList=(r) ]
 message      : function value is NAN
 server values: thetaList=(lumi = -nan +/- 0), asymmThetaList=(), otherFactorList=(r = 2.38807 +/- 0)
WARNING: underflow to -nan in pdf_binfail_SIG_obsOnly for bin 0, weight 37.0297
[#0] ERROR:Eval -- RooAbsReal::logEvalError(fail_SIG) evaluation error, 
 origin       : RooAbsReal::fail_SIG[ params=(Backgroundfail_SIG_bin_1-1,lumi,n_exp_binfail_SIG_proc_Background,r) catParams=() ]
 message      : Number of events is negative or error
 server values: params=(Backgroundfail_SIG_bin_1-1 = 35.7159 +/- 0,lumi = -nan +/- 0,n_exp_binfail_SIG_proc_Background = 1,r = 2.38807 +/- 0), catParams=()
FASTEXIT from pdf_binfail_SIG_obsOnly
[#0] ERROR:Eval -- RooAbsReal::logEvalError(n_exp_binfail_HIGH_proc_Signal_M1000MeV_SR) evaluation error, 
 origin       : ProcessNormalization::n_exp_binfail_HIGH_proc_Signal_M1000MeV_SR[ thetaList=(lumi) asymmThetaList=() otherFactorList=(r) ]
 message      : function value is NAN
 server values: thetaList=(lumi = -nan +/- 0), asymmThetaList=(), otherFactorList=(r = 2.38807 +/- 0)
WARNING: underflow to -nan in pdf_binfail_HIGH_obsOnly for bin 0, weight 6.84588
[#0] ERROR:Eval -- RooAbsReal::logEvalError(fail_HIGH) evaluation error, 
 origin       : RooAbsReal::fail_HIGH[ params=(Backgroundfail_HIGH_bin_1-1,Backgroundfail_HIGH_bin_2-1,lumi,n_exp_binfail_HIGH_proc_Background,r) catParams=() ]
 message      : Number of events is negative or error
 server values: params=(Backgroundfail_HIGH_bin_1-1 = 6.21111 +/- 0,Backgroundfail_HIGH_bin_2-1 = 1.59431 +/- 0,lumi = -nan +/- 0,n_exp_binfail_HIGH_proc_Background = 1,r = 2.38807 +/- 0), catParams=()
FASTEXIT from pdf_binfail_HIGH_obsOnly
[#0] ERROR:Eval -- RooAbsReal::logEvalError() evaluation error, 
 origin       : RooAbsReal::[ params=(lumi,lumi_In,Backgroundfail_LOW_bin_1-1,Backgroundfail_LOW_bin_2-1,Backgroundrpf_2x0_par0,Backgroundrpf_2x0_par1,Backgroundrpf_2x0_par2,Backgroundrpf_2x0_par3,n_exp_binpass_LOW_proc_Background_2x0,r,Backgroundfail_SIG_bin_1-1,n_exp_binpass_SIG_proc_Background_2x0,Backgroundfail_HIGH_bin_1-1,Backgroundfail_HIGH_bin_2-1,n_exp_binpass_HIGH_proc_Background_2x0,n_exp_binfail_LOW_proc_Background,n_exp_binfail_SIG_proc_Background,n_exp_binfail_HIGH_proc_Background) catParams=() ]
 message      : function value is NAN
 server values: params=(lumi = -nan +/- 0,lumi_In = 0,Backgroundfail_LOW_bin_1-1 = 26605.6 +/- 0,Backgroundfail_LOW_bin_2-1 = 158.843 +/- 0,Backgroundrpf_2x0_par0 = 0.128968 +/- 0,Backgroundrpf_2x0_par1 = -12.7415 +/- 0,Backgroundrpf_2x0_par2 = -997.155 +/- 0,Backgroundrpf_2x0_par3 = -0.155562 +/- 0,n_exp_binpass_LOW_proc_Background_2x0 = 1,r = 2.38807 +/- 0,Backgroundfail_SIG_bin_1-1 = 35.7159 +/- 0,n_exp_binpass_SIG_proc_Background_2x0 = 1,Backgroundfail_HIGH_bin_1-1 = 6.21111 +/- 0,Backgroundfail_HIGH_bin_2-1 = 1.59431 +/- 0,n_exp_binpass_HIGH_proc_Background_2x0 = 1,n_exp_binfail_LOW_proc_Background = 1,n_exp_binfail_SIG_proc_Background = 1,n_exp_binfail_HIGH_proc_Background = 1), catParams=()
[#0] ERROR:Eval -- RooAbsReal::logEvalError(n_exp_binpass_LOW_proc_Signal_M1000MeV_SR) evaluation error, 
 origin       : ProcessNormalization::n_exp_binpass_LOW_proc_Signal_M1000MeV_SR[ thetaList=(lumi) asymmThetaList=() otherFactorList=(r) ]
 message      : function value is NAN
 server values: thetaList=(lumi = -nan +/- 0), asymmThetaList=(), otherFactorList=(r = 2.23523 +/- 0)
WARNING: underflow to -nan in pdf_binpass_LOW_obsOnly for bin 0, weight 43.6954
[#0] ERROR:Eval -- RooAbsReal::logEvalError(pass_LOW) evaluation error, 
 origin       : RooAbsReal::pass_LOW[ params=(Backgroundfail_LOW_bin_1-1,Backgroundfail_LOW_bin_2-1,Backgroundrpf_2x0_par0,Backgroundrpf_2x0_par1,Backgroundrpf_2x0_par2,Backgroundrpf_2x0_par3,lumi,n_exp_binpass_LOW_proc_Background_2x0,r) catParams=() ]
 message      : Number of events is negative or error
 server values: params=(Backgroundfail_LOW_bin_1-1 = 26605.6 +/- 0,Backgroundfail_LOW_bin_2-1 = 158.843 +/- 0,Backgroundrpf_2x0_par0 = 0.128968 +/- 0,Backgroundrpf_2x0_par1 = -12.7415 +/- 0,Backgroundrpf_2x0_par2 = -997.155 +/- 0,Backgroundrpf_2x0_par3 = 0.126304 +/- 0,lumi = -nan +/- 0,n_exp_binpass_LOW_proc_Background_2x0 = 1,r = 2.23523 +/- 0), catParams=()
FASTEXIT from pdf_binpass_LOW_obsOnly
[#0] ERROR:Eval -- RooAbsReal::logEvalError(n_exp_binpass_SIG_proc_Signal_M1000MeV_SR) evaluation error, 
 origin       : ProcessNormalization::n_exp_binpass_SIG_proc_Signal_M1000MeV_SR[ thetaList=(lumi) asymmThetaList=() otherFactorList=(r) ]
 message      : function value is NAN
 server values: thetaList=(lumi = -nan +/- 0), asymmThetaList=(), otherFactorList=(r = 2.23523 +/- 0)
WARNING: underflow to -nan in pdf_binpass_SIG_obsOnly for bin 0, weight 0.172936
[#0] ERROR:Eval -- RooAbsReal::logEvalError(pass_SIG) evaluation error, 
 origin       : RooAbsReal::pass_SIG[ params=(Backgroundfail_SIG_bin_1-1,Backgroundrpf_2x0_par0,Backgroundrpf_2x0_par1,Backgroundrpf_2x0_par2,Backgroundrpf_2x0_par3,lumi,n_exp_binpass_SIG_proc_Background_2x0,r) catParams=() ]
 message      : Number of events is negative or error
 server values: params=(Backgroundfail_SIG_bin_1-1 = 35.7159 +/- 0,Backgroundrpf_2x0_par0 = 0.128968 +/- 0,Backgroundrpf_2x0_par1 = -12.7415 +/- 0,Backgroundrpf_2x0_par2 = -997.155 +/- 0,Backgroundrpf_2x0_par3 = 0.126304 +/- 0,lumi = -nan +/- 0,n_exp_binpass_SIG_proc_Background_2x0 = 1,r = 2.23523 +/- 0), catParams=()
FASTEXIT from pdf_binpass_SIG_obsOnly
[#0] ERROR:Eval -- RooAbsReal::logEvalError(n_exp_binpass_HIGH_proc_Signal_M1000MeV_SR) evaluation error, 
 origin       : ProcessNormalization::n_exp_binpass_HIGH_proc_Signal_M1000MeV_SR[ thetaList=(lumi) asymmThetaList=() otherFactorList=(r) ]
 message      : function value is NAN
 server values: thetaList=(lumi = -nan +/- 0), asymmThetaList=(), otherFactorList=(r = 2.23523 +/- 0)
WARNING: underflow to -nan in pdf_binpass_HIGH_obsOnly for bin 0, weight 0.0147251
[#0] ERROR:Eval -- RooAbsReal::logEvalError(pass_HIGH) evaluation error, 
 origin       : RooAbsReal::pass_HIGH[ params=(Backgroundfail_HIGH_bin_1-1,Backgroundfail_HIGH_bin_2-1,Backgroundrpf_2x0_par0,Backgroundrpf_2x0_par1,Backgroundrpf_2x0_par2,Backgroundrpf_2x0_par3,lumi,n_exp_binpass_HIGH_proc_Background_2x0,r) catParams=() ]
 message      : Number of events is negative or error
 server values: params=(Backgroundfail_HIGH_bin_1-1 = 6.21111 +/- 0,Backgroundfail_HIGH_bin_2-1 = 1.59431 +/- 0,Backgroundrpf_2x0_par0 = 0.128968 +/- 0,Backgroundrpf_2x0_par1 = -12.7415 +/- 0,Backgroundrpf_2x0_par2 = -997.155 +/- 0,Backgroundrpf_2x0_par3 = 0.126304 +/- 0,lumi = -nan +/- 0,n_exp_binpass_HIGH_proc_Background_2x0 = 1,r = 2.23523 +/- 0), catParams=()
FASTEXIT from pdf_binpass_HIGH_obsOnly
[#0] ERROR:Eval -- RooAbsReal::logEvalError(n_exp_binfail_LOW_proc_Signal_M1000MeV_SR) evaluation error, 
 origin       : ProcessNormalization::n_exp_binfail_LOW_proc_Signal_M1000MeV_SR[ thetaList=(lumi) asymmThetaList=() otherFactorList=(r) ]
 message      : function value is NAN
 server values: thetaList=(lumi = -nan +/- 0), asymmThetaList=(), otherFactorList=(r = 2.23523 +/- 0)
WARNING: underflow to -nan in pdf_binfail_LOW_obsOnly for bin 0, weight 26606
[#0] ERROR:Eval -- RooAbsReal::logEvalError(fail_LOW) evaluation error, 
 origin       : RooAbsReal::fail_LOW[ params=(Backgroundfail_LOW_bin_1-1,Backgroundfail_LOW_bin_2-1,lumi,n_exp_binfail_LOW_proc_Background,r) catParams=() ]
 message      : Number of events is negative or error
 server values: params=(Backgroundfail_LOW_bin_1-1 = 26605.6 +/- 0,Backgroundfail_LOW_bin_2-1 = 158.843 +/- 0,lumi = -nan +/- 0,n_exp_binfail_LOW_proc_Background = 1,r = 2.23523 +/- 0), catParams=()
FASTEXIT from pdf_binfail_LOW_obsOnly
[#0] ERROR:Eval -- RooAbsReal::logEvalError(n_exp_binfail_SIG_proc_Signal_M1000MeV_SR) evaluation error, 
 origin       : ProcessNormalization::n_exp_binfail_SIG_proc_Signal_M1000MeV_SR[ thetaList=(lumi) asymmThetaList=() otherFactorList=(r) ]
 message      : function value is NAN
 server values: thetaList=(lumi = -nan +/- 0), asymmThetaList=(), otherFactorList=(r = 2.23523 +/- 0)
WARNING: underflow to -nan in pdf_binfail_SIG_obsOnly for bin 0, weight 37.0297
[#0] ERROR:Eval -- RooAbsReal::logEvalError(fail_SIG) evaluation error, 
 origin       : RooAbsReal::fail_SIG[ params=(Backgroundfail_SIG_bin_1-1,lumi,n_exp_binfail_SIG_proc_Background,r) catParams=() ]
 message      : Number of events is negative or error
 server values: params=(Backgroundfail_SIG_bin_1-1 = 35.7159 +/- 0,lumi = -nan +/- 0,n_exp_binfail_SIG_proc_Background = 1,r = 2.23523 +/- 0), catParams=()
FASTEXIT from pdf_binfail_SIG_obsOnly
[#0] ERROR:Eval -- RooAbsReal::logEvalError(n_exp_binfail_HIGH_proc_Signal_M1000MeV_SR) evaluation error, 
 origin       : ProcessNormalization::n_exp_binfail_HIGH_proc_Signal_M1000MeV_SR[ thetaList=(lumi) asymmThetaList=() otherFactorList=(r) ]
 message      : function value is NAN
 server values: thetaList=(lumi = -nan +/- 0), asymmThetaList=(), otherFactorList=(r = 2.23523 +/- 0)
WARNING: underflow to -nan in pdf_binfail_HIGH_obsOnly for bin 0, weight 6.84588
[#0] ERROR:Eval -- RooAbsReal::logEvalError(fail_HIGH) evaluation error, 
 origin       : RooAbsReal::fail_HIGH[ params=(Backgroundfail_HIGH_bin_1-1,Backgroundfail_HIGH_bin_2-1,lumi,n_exp_binfail_HIGH_proc_Background,r) catParams=() ]
 message      : Number of events is negative or error
 server values: params=(Backgroundfail_HIGH_bin_1-1 = 6.21111 +/- 0,Backgroundfail_HIGH_bin_2-1 = 1.59431 +/- 0,lumi = -nan +/- 0,n_exp_binfail_HIGH_proc_Background = 1,r = 2.23523 +/- 0), catParams=()
FASTEXIT from pdf_binfail_HIGH_obsOnly
[#0] ERROR:Eval -- RooAbsReal::logEvalError() evaluation error, 
 origin       : RooAbsReal::[ params=(lumi,lumi_In,Backgroundfail_LOW_bin_1-1,Backgroundfail_LOW_bin_2-1,Backgroundrpf_2x0_par0,Backgroundrpf_2x0_par1,Backgroundrpf_2x0_par2,Backgroundrpf_2x0_par3,n_exp_binpass_LOW_proc_Background_2x0,r,Backgroundfail_SIG_bin_1-1,n_exp_binpass_SIG_proc_Background_2x0,Backgroundfail_HIGH_bin_1-1,Backgroundfail_HIGH_bin_2-1,n_exp_binpass_HIGH_proc_Background_2x0,n_exp_binfail_LOW_proc_Background,n_exp_binfail_SIG_proc_Background,n_exp_binfail_HIGH_proc_Background) catParams=() ]
 message      : function value is NAN
 server values: params=(lumi = -nan +/- 0,lumi_In = 0,Backgroundfail_LOW_bin_1-1 = 26605.6 +/- 0,Backgroundfail_LOW_bin_2-1 = 158.843 +/- 0,Backgroundrpf_2x0_par0 = 0.128968 +/- 0,Backgroundrpf_2x0_par1 = -12.7415 +/- 0,Backgroundrpf_2x0_par2 = -997.155 +/- 0,Backgroundrpf_2x0_par3 = 0.126304 +/- 0,n_exp_binpass_LOW_proc_Background_2x0 = 1,r = 2.23523 +/- 0,Backgroundfail_SIG_bin_1-1 = 35.7159 +/- 0,n_exp_binpass_SIG_proc_Background_2x0 = 1,Backgroundfail_HIGH_bin_1-1 = 6.21111 +/- 0,Backgroundfail_HIGH_bin_2-1 = 1.59431 +/- 0,n_exp_binpass_HIGH_proc_Background_2x0 = 1,n_exp_binfail_LOW_proc_Background = 1,n_exp_binfail_SIG_proc_Background = 1,n_exp_binfail_HIGH_proc_Background = 1), catParams=()
[#0] ERROR:Eval -- RooAbsReal::logEvalError(n_exp_binpass_LOW_proc_Signal_M1000MeV_SR) evaluation error, 
 origin       : ProcessNormalization::n_exp_binpass_LOW_proc_Signal_M1000MeV_SR[ thetaList=(lumi) asymmThetaList=() otherFactorList=(r) ]
 message      : function value is NAN
 server values: thetaList=(lumi = -nan +/- 0), asymmThetaList=(), otherFactorList=(r = 2.55471 +/- 0)
WARNING: underflow to -nan in pdf_binpass_LOW_obsOnly for bin 0, weight 43.6954
[#0] ERROR:Eval -- RooAbsReal::logEvalError(pass_LOW) evaluation error, 
 origin       : RooAbsReal::pass_LOW[ params=(Backgroundfail_LOW_bin_1-1,Backgroundfail_LOW_bin_2-1,Backgroundrpf_2x0_par0,Backgroundrpf_2x0_par1,Backgroundrpf_2x0_par2,Backgroundrpf_2x0_par3,lumi,n_exp_binpass_LOW_proc_Background_2x0,r) catParams=() ]
 message      : Number of events is negative or error
 server values: params=(Backgroundfail_LOW_bin_1-1 = 26605.6 +/- 0,Backgroundfail_LOW_bin_2-1 = 158.843 +/- 0,Backgroundrpf_2x0_par0 = 0.128968 +/- 0,Backgroundrpf_2x0_par1 = -12.7415 +/- 0,Backgroundrpf_2x0_par2 = -997.155 +/- 0,Backgroundrpf_2x0_par3 = 0.126304 +/- 0,lumi = -nan +/- 0,n_exp_binpass_LOW_proc_Background_2x0 = 1,r = 2.55471 +/- 0), catParams=()
FASTEXIT from pdf_binpass_LOW_obsOnly
[#0] ERROR:Eval -- RooAbsReal::logEvalError(n_exp_binpass_SIG_proc_Signal_M1000MeV_SR) evaluation error, 
 origin       : ProcessNormalization::n_exp_binpass_SIG_proc_Signal_M1000MeV_SR[ thetaList=(lumi) asymmThetaList=() otherFactorList=(r) ]
 message      : function value is NAN
 server values: thetaList=(lumi = -nan +/- 0), asymmThetaList=(), otherFactorList=(r = 2.55471 +/- 0)
WARNING: underflow to -nan in pdf_binpass_SIG_obsOnly for bin 0, weight 0.172936
[#0] ERROR:Eval -- RooAbsReal::logEvalError(pass_SIG) evaluation error, 
 origin       : RooAbsReal::pass_SIG[ params=(Backgroundfail_SIG_bin_1-1,Backgroundrpf_2x0_par0,Backgroundrpf_2x0_par1,Backgroundrpf_2x0_par2,Backgroundrpf_2x0_par3,lumi,n_exp_binpass_SIG_proc_Background_2x0,r) catParams=() ]
 message      : Number of events is negative or error
 server values: params=(Backgroundfail_SIG_bin_1-1 = 35.7159 +/- 0,Backgroundrpf_2x0_par0 = 0.128968 +/- 0,Backgroundrpf_2x0_par1 = -12.7415 +/- 0,Backgroundrpf_2x0_par2 = -997.155 +/- 0,Backgroundrpf_2x0_par3 = 0.126304 +/- 0,lumi = -nan +/- 0,n_exp_binpass_SIG_proc_Background_2x0 = 1,r = 2.55471 +/- 0), catParams=()
FASTEXIT from pdf_binpass_SIG_obsOnly
[#0] ERROR:Eval -- RooAbsReal::logEvalError(n_exp_binpass_HIGH_proc_Signal_M1000MeV_SR) evaluation error, 
 origin       : ProcessNormalization::n_exp_binpass_HIGH_proc_Signal_M1000MeV_SR[ thetaList=(lumi) asymmThetaList=() otherFactorList=(r) ]
 message      : function value is NAN
 server values: thetaList=(lumi = -nan +/- 0), asymmThetaList=(), otherFactorList=(r = 2.55471 +/- 0)
WARNING: underflow to -nan in pdf_binpass_HIGH_obsOnly for bin 0, weight 0.0147251
[#0] ERROR:Eval -- RooAbsReal::logEvalError(pass_HIGH) evaluation error, 
 origin       : RooAbsReal::pass_HIGH[ params=(Backgroundfail_HIGH_bin_1-1,Backgroundfail_HIGH_bin_2-1,Backgroundrpf_2x0_par0,Backgroundrpf_2x0_par1,Backgroundrpf_2x0_par2,Backgroundrpf_2x0_par3,lumi,n_exp_binpass_HIGH_proc_Background_2x0,r) catParams=() ]
 message      : Number of events is negative or error
 server values: params=(Backgroundfail_HIGH_bin_1-1 = 6.21111 +/- 0,Backgroundfail_HIGH_bin_2-1 = 1.59431 +/- 0,Backgroundrpf_2x0_par0 = 0.128968 +/- 0,Backgroundrpf_2x0_par1 = -12.7415 +/- 0,Backgroundrpf_2x0_par2 = -997.155 +/- 0,Backgroundrpf_2x0_par3 = 0.126304 +/- 0,lumi = -nan +/- 0,n_exp_binpass_HIGH_proc_Background_2x0 = 1,r = 2.55471 +/- 0), catParams=()
FASTEXIT from pdf_binpass_HIGH_obsOnly
[#0] ERROR:Eval -- RooAbsReal::logEvalError(n_exp_binfail_LOW_proc_Signal_M1000MeV_SR) evaluation error, 
 origin       : ProcessNormalization::n_exp_binfail_LOW_proc_Signal_M1000MeV_SR[ thetaList=(lumi) asymmThetaList=() otherFactorList=(r) ]
 message      : function value is NAN
 server values: thetaList=(lumi = -nan +/- 0), asymmThetaList=(), otherFactorList=(r = 2.55471 +/- 0)
WARNING: underflow to -nan in pdf_binfail_LOW_obsOnly for bin 0, weight 26606
[#0] ERROR:Eval -- RooAbsReal::logEvalError(fail_LOW) evaluation error, 
 origin       : RooAbsReal::fail_LOW[ params=(Backgroundfail_LOW_bin_1-1,Backgroundfail_LOW_bin_2-1,lumi,n_exp_binfail_LOW_proc_Background,r) catParams=() ]
 message      : Number of events is negative or error
 server values: params=(Backgroundfail_LOW_bin_1-1 = 26605.6 +/- 0,Backgroundfail_LOW_bin_2-1 = 158.843 +/- 0,lumi = -nan +/- 0,n_exp_binfail_LOW_proc_Background = 1,r = 2.55471 +/- 0), catParams=()
FASTEXIT from pdf_binfail_LOW_obsOnly
[#0] ERROR:Eval -- RooAbsReal::logEvalError(n_exp_binfail_SIG_proc_Signal_M1000MeV_SR) evaluation error, 
 origin       : ProcessNormalization::n_exp_binfail_SIG_proc_Signal_M1000MeV_SR[ thetaList=(lumi) asymmThetaList=() otherFactorList=(r) ]
 message      : function value is NAN
 server values: thetaList=(lumi = -nan +/- 0), asymmThetaList=(), otherFactorList=(r = 2.55471 +/- 0)
WARNING: underflow to -nan in pdf_binfail_SIG_obsOnly for bin 0, weight 37.0297
[#0] ERROR:Eval -- RooAbsReal::logEvalError(fail_SIG) evaluation error, 
 origin       : RooAbsReal::fail_SIG[ params=(Backgroundfail_SIG_bin_1-1,lumi,n_exp_binfail_SIG_proc_Background,r) catParams=() ]
 message      : Number of events is negative or error
 server values: params=(Backgroundfail_SIG_bin_1-1 = 35.7159 +/- 0,lumi = -nan +/- 0,n_exp_binfail_SIG_proc_Background = 1,r = 2.55471 +/- 0), catParams=()
FASTEXIT from pdf_binfail_SIG_obsOnly
[#0] ERROR:Eval -- RooAbsReal::logEvalError(n_exp_binfail_HIGH_proc_Signal_M1000MeV_SR) evaluation error, 
 origin       : ProcessNormalization::n_exp_binfail_HIGH_proc_Signal_M1000MeV_SR[ thetaList=(lumi) asymmThetaList=() otherFactorList=(r) ]
 message      : function value is NAN
 server values: thetaList=(lumi = -nan +/- 0), asymmThetaList=(), otherFactorList=(r = 2.55471 +/- 0)
WARNING: underflow to -nan in pdf_binfail_HIGH_obsOnly for bin 0, weight 6.84588
[#0] ERROR:Eval -- RooAbsReal::logEvalError(fail_HIGH) evaluation error, 
 origin       : RooAbsReal::fail_HIGH[ params=(Backgroundfail_HIGH_bin_1-1,Backgroundfail_HIGH_bin_2-1,lumi,n_exp_binfail_HIGH_proc_Background,r) catParams=() ]
 message      : Number of events is negative or error
 server values: params=(Backgroundfail_HIGH_bin_1-1 = 6.21111 +/- 0,Backgroundfail_HIGH_bin_2-1 = 1.59431 +/- 0,lumi = -nan +/- 0,n_exp_binfail_HIGH_proc_Background = 1,r = 2.55471 +/- 0), catParams=()
FASTEXIT from pdf_binfail_HIGH_obsOnly
[#0] ERROR:Eval -- RooAbsReal::logEvalError() evaluation error, 
 origin       : RooAbsReal::[ params=(lumi,lumi_In,Backgroundfail_LOW_bin_1-1,Backgroundfail_LOW_bin_2-1,Backgroundrpf_2x0_par0,Backgroundrpf_2x0_par1,Backgroundrpf_2x0_par2,Backgroundrpf_2x0_par3,n_exp_binpass_LOW_proc_Background_2x0,r,Backgroundfail_SIG_bin_1-1,n_exp_binpass_SIG_proc_Background_2x0,Backgroundfail_HIGH_bin_1-1,Backgroundfail_HIGH_bin_2-1,n_exp_binpass_HIGH_proc_Background_2x0,n_exp_binfail_LOW_proc_Background,n_exp_binfail_SIG_proc_Background,n_exp_binfail_HIGH_proc_Background) catParams=() ]
 message      : function value is NAN
 server values: params=(lumi = -nan +/- 0,lumi_In = 0,Backgroundfail_LOW_bin_1-1 = 26605.6 +/- 0,Backgroundfail_LOW_bin_2-1 = 158.843 +/- 0,Backgroundrpf_2x0_par0 = 0.128968 +/- 0,Backgroundrpf_2x0_par1 = -12.7415 +/- 0,Backgroundrpf_2x0_par2 = -997.155 +/- 0,Backgroundrpf_2x0_par3 = 0.126304 +/- 0,n_exp_binpass_LOW_proc_Background_2x0 = 1,r = 2.55471 +/- 0,Backgroundfail_SIG_bin_1-1 = 35.7159 +/- 0,n_exp_binpass_SIG_proc_Background_2x0 = 1,Backgroundfail_HIGH_bin_1-1 = 6.21111 +/- 0,Backgroundfail_HIGH_bin_2-1 = 1.59431 +/- 0,n_exp_binpass_HIGH_proc_Background_2x0 = 1,n_exp_binfail_LOW_proc_Background = 1,n_exp_binfail_SIG_proc_Background = 1,n_exp_binfail_HIGH_proc_Background = 1), catParams=()
[#0] ERROR:Eval -- RooAbsReal::logEvalError(n_exp_binpass_LOW_proc_Signal_M1000MeV_SR) evaluation error, 
 origin       : ProcessNormalization::n_exp_binpass_LOW_proc_Signal_M1000MeV_SR[ thetaList=(lumi) asymmThetaList=() otherFactorList=(r) ]
 message      : function value is NAN
 server values: thetaList=(lumi = -nan +/- 0), asymmThetaList=(), otherFactorList=(r = 2.23523 +/- 0)
WARNING: underflow to -nan in pdf_binpass_LOW_obsOnly for bin 0, weight 43.6954
[#0] ERROR:Eval -- RooAbsReal::logEvalError(pass_LOW) evaluation error, 
 origin       : RooAbsReal::pass_LOW[ params=(Backgroundfail_LOW_bin_1-1,Backgroundfail_LOW_bin_2-1,Backgroundrpf_2x0_par0,Backgroundrpf_2x0_par1,Backgroundrpf_2x0_par2,Backgroundrpf_2x0_par3,lumi,n_exp_binpass_LOW_proc_Background_2x0,r) catParams=() ]
 message      : Number of events is negative or error
 server values: params=(Backgroundfail_LOW_bin_1-1 = 26605.6 +/- 0,Backgroundfail_LOW_bin_2-1 = 158.843 +/- 0,Backgroundrpf_2x0_par0 = 0.128968 +/- 0,Backgroundrpf_2x0_par1 = -12.7415 +/- 0,Backgroundrpf_2x0_par2 = -997.155 +/- 0,Backgroundrpf_2x0_par3 = 0.126304 +/- 0,lumi = -nan +/- 0,n_exp_binpass_LOW_proc_Background_2x0 = 1,r = 2.23523 +/- 0), catParams=()
FASTEXIT from pdf_binpass_LOW_obsOnly
[#0] ERROR:Eval -- RooAbsReal::logEvalError(n_exp_binpass_SIG_proc_Signal_M1000MeV_SR) evaluation error, 
 origin       : ProcessNormalization::n_exp_binpass_SIG_proc_Signal_M1000MeV_SR[ thetaList=(lumi) asymmThetaList=() otherFactorList=(r) ]
 message      : function value is NAN
 server values: thetaList=(lumi = -nan +/- 0), asymmThetaList=(), otherFactorList=(r = 2.23523 +/- 0)
WARNING: underflow to -nan in pdf_binpass_SIG_obsOnly for bin 0, weight 0.172936
[#0] ERROR:Eval -- RooAbsReal::logEvalError(pass_SIG) evaluation error, 
 origin       : RooAbsReal::pass_SIG[ params=(Backgroundfail_SIG_bin_1-1,Backgroundrpf_2x0_par0,Backgroundrpf_2x0_par1,Backgroundrpf_2x0_par2,Backgroundrpf_2x0_par3,lumi,n_exp_binpass_SIG_proc_Background_2x0,r) catParams=() ]
 message      : Number of events is negative or error
 server values: params=(Backgroundfail_SIG_bin_1-1 = 35.7159 +/- 0,Backgroundrpf_2x0_par0 = 0.128968 +/- 0,Backgroundrpf_2x0_par1 = -12.7415 +/- 0,Backgroundrpf_2x0_par2 = -997.155 +/- 0,Backgroundrpf_2x0_par3 = 0.126304 +/- 0,lumi = -nan +/- 0,n_exp_binpass_SIG_proc_Background_2x0 = 1,r = 2.23523 +/- 0), catParams=()
FASTEXIT from pdf_binpass_SIG_obsOnly
[#0] ERROR:Eval -- RooAbsReal::logEvalError(n_exp_binpass_HIGH_proc_Signal_M1000MeV_SR) evaluation error, 
 origin       : ProcessNormalization::n_exp_binpass_HIGH_proc_Signal_M1000MeV_SR[ thetaList=(lumi) asymmThetaList=() otherFactorList=(r) ]
 message      : function value is NAN
 server values: thetaList=(lumi = -nan +/- 0), asymmThetaList=(), otherFactorList=(r = 2.23523 +/- 0)
WARNING: underflow to -nan in pdf_binpass_HIGH_obsOnly for bin 0, weight 0.0147251
[#0] ERROR:Eval -- RooAbsReal::logEvalError(pass_HIGH) evaluation error, 
 origin       : RooAbsReal::pass_HIGH[ params=(Backgroundfail_HIGH_bin_1-1,Backgroundfail_HIGH_bin_2-1,Backgroundrpf_2x0_par0,Backgroundrpf_2x0_par1,Backgroundrpf_2x0_par2,Backgroundrpf_2x0_par3,lumi,n_exp_binpass_HIGH_proc_Background_2x0,r) catParams=() ]
 message      : Number of events is negative or error
 server values: params=(Backgroundfail_HIGH_bin_1-1 = 6.21111 +/- 0,Backgroundfail_HIGH_bin_2-1 = 1.59431 +/- 0,Backgroundrpf_2x0_par0 = 0.128968 +/- 0,Backgroundrpf_2x0_par1 = -12.7415 +/- 0,Backgroundrpf_2x0_par2 = -997.155 +/- 0,Backgroundrpf_2x0_par3 = 0.126304 +/- 0,lumi = -nan +/- 0,n_exp_binpass_HIGH_proc_Background_2x0 = 1,r = 2.23523 +/- 0), catParams=()
FASTEXIT from pdf_binpass_HIGH_obsOnly
[#0] ERROR:Eval -- RooAbsReal::logEvalError(n_exp_binfail_LOW_proc_Signal_M1000MeV_SR) evaluation error, 
 origin       : ProcessNormalization::n_exp_binfail_LOW_proc_Signal_M1000MeV_SR[ thetaList=(lumi) asymmThetaList=() otherFactorList=(r) ]
 message      : function value is NAN
 server values: thetaList=(lumi = -nan +/- 0), asymmThetaList=(), otherFactorList=(r = 2.23523 +/- 0)
WARNING: underflow to -nan in pdf_binfail_LOW_obsOnly for bin 0, weight 26606
[#0] ERROR:Eval -- RooAbsReal::logEvalError(fail_LOW) evaluation error, 
 origin       : RooAbsReal::fail_LOW[ params=(Backgroundfail_LOW_bin_1-1,Backgroundfail_LOW_bin_2-1,lumi,n_exp_binfail_LOW_proc_Background,r) catParams=() ]
 message      : Number of events is negative or error
 server values: params=(Backgroundfail_LOW_bin_1-1 = 26605.6 +/- 0,Backgroundfail_LOW_bin_2-1 = 158.843 +/- 0,lumi = -nan +/- 0,n_exp_binfail_LOW_proc_Background = 1,r = 2.23523 +/- 0), catParams=()
FASTEXIT from pdf_binfail_LOW_obsOnly
[#0] ERROR:Eval -- RooAbsReal::logEvalError(n_exp_binfail_SIG_proc_Signal_M1000MeV_SR) evaluation error, 
 origin       : ProcessNormalization::n_exp_binfail_SIG_proc_Signal_M1000MeV_SR[ thetaList=(lumi) asymmThetaList=() otherFactorList=(r) ]
 message      : function value is NAN
 server values: thetaList=(lumi = -nan +/- 0), asymmThetaList=(), otherFactorList=(r = 2.23523 +/- 0)
WARNING: underflow to -nan in pdf_binfail_SIG_obsOnly for bin 0, weight 37.0297
[#0] ERROR:Eval -- RooAbsReal::logEvalError(fail_SIG) evaluation error, 
 origin       : RooAbsReal::fail_SIG[ params=(Backgroundfail_SIG_bin_1-1,lumi,n_exp_binfail_SIG_proc_Background,r) catParams=() ]
 message      : Number of events is negative or error
 server values: params=(Backgroundfail_SIG_bin_1-1 = 35.7159 +/- 0,lumi = -nan +/- 0,n_exp_binfail_SIG_proc_Background = 1,r = 2.23523 +/- 0), catParams=()
FASTEXIT from pdf_binfail_SIG_obsOnly
[#0] ERROR:Eval -- RooAbsReal::logEvalError(n_exp_binfail_HIGH_proc_Signal_M1000MeV_SR) evaluation error, 
 origin       : ProcessNormalization::n_exp_binfail_HIGH_proc_Signal_M1000MeV_SR[ thetaList=(lumi) asymmThetaList=() otherFactorList=(r) ]
 message      : function value is NAN
 server values: thetaList=(lumi = -nan +/- 0), asymmThetaList=(), otherFactorList=(r = 2.23523 +/- 0)
WARNING: underflow to -nan in pdf_binfail_HIGH_obsOnly for bin 0, weight 6.84588
[#0] ERROR:Eval -- RooAbsReal::logEvalError(fail_HIGH) evaluation error, 
 origin       : RooAbsReal::fail_HIGH[ params=(Backgroundfail_HIGH_bin_1-1,Backgroundfail_HIGH_bin_2-1,lumi,n_exp_binfail_HIGH_proc_Background,r) catParams=() ]
 message      : Number of events is negative or error
 server values: params=(Backgroundfail_HIGH_bin_1-1 = 6.21111 +/- 0,Backgroundfail_HIGH_bin_2-1 = 1.59431 +/- 0,lumi = -nan +/- 0,n_exp_binfail_HIGH_proc_Background = 1,r = 2.23523 +/- 0), catParams=()
FASTEXIT from pdf_binfail_HIGH_obsOnly
[#0] ERROR:Eval -- RooAbsReal::logEvalError() evaluation error, 
 origin       : RooAbsReal::[ params=(lumi,lumi_In,Backgroundfail_LOW_bin_1-1,Backgroundfail_LOW_bin_2-1,Backgroundrpf_2x0_par0,Backgroundrpf_2x0_par1,Backgroundrpf_2x0_par2,Backgroundrpf_2x0_par3,n_exp_binpass_LOW_proc_Background_2x0,r,Backgroundfail_SIG_bin_1-1,n_exp_binpass_SIG_proc_Background_2x0,Backgroundfail_HIGH_bin_1-1,Backgroundfail_HIGH_bin_2-1,n_exp_binpass_HIGH_proc_Background_2x0,n_exp_binfail_LOW_proc_Background,n_exp_binfail_SIG_proc_Background,n_exp_binfail_HIGH_proc_Background) catParams=() ]
 message      : function value is NAN
 server values: params=(lumi = -nan +/- 0,lumi_In = 0,Backgroundfail_LOW_bin_1-1 = 26605.6 +/- 0,Backgroundfail_LOW_bin_2-1 = 158.843 +/- 0,Backgroundrpf_2x0_par0 = 0.128968 +/- 0,Backgroundrpf_2x0_par1 = -12.7415 +/- 0,Backgroundrpf_2x0_par2 = -997.155 +/- 0,Backgroundrpf_2x0_par3 = 0.126304 +/- 0,n_exp_binpass_LOW_proc_Background_2x0 = 1,r = 2.23523 +/- 0,Backgroundfail_SIG_bin_1-1 = 35.7159 +/- 0,n_exp_binpass_SIG_proc_Background_2x0 = 1,Backgroundfail_HIGH_bin_1-1 = 6.21111 +/- 0,Backgroundfail_HIGH_bin_2-1 = 1.59431 +/- 0,n_exp_binpass_HIGH_proc_Background_2x0 = 1,n_exp_binfail_LOW_proc_Background = 1,n_exp_binfail_SIG_proc_Background = 1,n_exp_binfail_HIGH_proc_Background = 1), catParams=()
[#0] ERROR:Eval -- RooAbsReal::logEvalError(n_exp_binpass_LOW_proc_Signal_M1000MeV_SR) evaluation error, 
 origin       : ProcessNormalization::n_exp_binpass_LOW_proc_Signal_M1000MeV_SR[ thetaList=(lumi) asymmThetaList=() otherFactorList=(r) ]
 message      : function value is NAN
 server values: thetaList=(lumi = -nan +/- 0), asymmThetaList=(), otherFactorList=(r = 2.55471 +/- 0)
WARNING: underflow to -nan in pdf_binpass_LOW_obsOnly for bin 0, weight 43.6954
[#0] ERROR:Eval -- RooAbsReal::logEvalError(pass_LOW) evaluation error, 
 origin       : RooAbsReal::pass_LOW[ params=(Backgroundfail_LOW_bin_1-1,Backgroundfail_LOW_bin_2-1,Backgroundrpf_2x0_par0,Backgroundrpf_2x0_par1,Backgroundrpf_2x0_par2,Backgroundrpf_2x0_par3,lumi,n_exp_binpass_LOW_proc_Background_2x0,r) catParams=() ]
 message      : Number of events is negative or error
 server values: params=(Backgroundfail_LOW_bin_1-1 = 26605.6 +/- 0,Backgroundfail_LOW_bin_2-1 = 158.843 +/- 0,Backgroundrpf_2x0_par0 = 0.128968 +/- 0,Backgroundrpf_2x0_par1 = -12.7415 +/- 0,Backgroundrpf_2x0_par2 = -997.155 +/- 0,Backgroundrpf_2x0_par3 = 0.126304 +/- 0,lumi = -nan +/- 0,n_exp_binpass_LOW_proc_Background_2x0 = 1,r = 2.55471 +/- 0), catParams=()
FASTEXIT from pdf_binpass_LOW_obsOnly
[#0] ERROR:Eval -- RooAbsReal::logEvalError(n_exp_binpass_SIG_proc_Signal_M1000MeV_SR) evaluation error, 
 origin       : ProcessNormalization::n_exp_binpass_SIG_proc_Signal_M1000MeV_SR[ thetaList=(lumi) asymmThetaList=() otherFactorList=(r) ]
 message      : function value is NAN
 server values: thetaList=(lumi = -nan +/- 0), asymmThetaList=(), otherFactorList=(r = 2.55471 +/- 0)
WARNING: underflow to -nan in pdf_binpass_SIG_obsOnly for bin 0, weight 0.172936
[#0] ERROR:Eval -- RooAbsReal::logEvalError(pass_SIG) evaluation error, 
 origin       : RooAbsReal::pass_SIG[ params=(Backgroundfail_SIG_bin_1-1,Backgroundrpf_2x0_par0,Backgroundrpf_2x0_par1,Backgroundrpf_2x0_par2,Backgroundrpf_2x0_par3,lumi,n_exp_binpass_SIG_proc_Background_2x0,r) catParams=() ]
 message      : Number of events is negative or error
 server values: params=(Backgroundfail_SIG_bin_1-1 = 35.7159 +/- 0,Backgroundrpf_2x0_par0 = 0.128968 +/- 0,Backgroundrpf_2x0_par1 = -12.7415 +/- 0,Backgroundrpf_2x0_par2 = -997.155 +/- 0,Backgroundrpf_2x0_par3 = 0.126304 +/- 0,lumi = -nan +/- 0,n_exp_binpass_SIG_proc_Background_2x0 = 1,r = 2.55471 +/- 0), catParams=()
FASTEXIT from pdf_binpass_SIG_obsOnly
[#0] ERROR:Eval -- RooAbsReal::logEvalError(n_exp_binpass_HIGH_proc_Signal_M1000MeV_SR) evaluation error, 
 origin       : ProcessNormalization::n_exp_binpass_HIGH_proc_Signal_M1000MeV_SR[ thetaList=(lumi) asymmThetaList=() otherFactorList=(r) ]
 message      : function value is NAN
 server values: thetaList=(lumi = -nan +/- 0), asymmThetaList=(), otherFactorList=(r = 2.55471 +/- 0)
WARNING: underflow to -nan in pdf_binpass_HIGH_obsOnly for bin 0, weight 0.0147251
[#0] ERROR:Eval -- RooAbsReal::logEvalError(pass_HIGH) evaluation error, 
 origin       : RooAbsReal::pass_HIGH[ params=(Backgroundfail_HIGH_bin_1-1,Backgroundfail_HIGH_bin_2-1,Backgroundrpf_2x0_par0,Backgroundrpf_2x0_par1,Backgroundrpf_2x0_par2,Backgroundrpf_2x0_par3,lumi,n_exp_binpass_HIGH_proc_Background_2x0,r) catParams=() ]
 message      : Number of events is negative or error
 server values: params=(Backgroundfail_HIGH_bin_1-1 = 6.21111 +/- 0,Backgroundfail_HIGH_bin_2-1 = 1.59431 +/- 0,Backgroundrpf_2x0_par0 = 0.128968 +/- 0,Backgroundrpf_2x0_par1 = -12.7415 +/- 0,Backgroundrpf_2x0_par2 = -997.155 +/- 0,Backgroundrpf_2x0_par3 = 0.126304 +/- 0,lumi = -nan +/- 0,n_exp_binpass_HIGH_proc_Background_2x0 = 1,r = 2.55471 +/- 0), catParams=()
FASTEXIT from pdf_binpass_HIGH_obsOnly
[#0] ERROR:Eval -- RooAbsReal::logEvalError(n_exp_binfail_LOW_proc_Signal_M1000MeV_SR) evaluation error, 
 origin       : ProcessNormalization::n_exp_binfail_LOW_proc_Signal_M1000MeV_SR[ thetaList=(lumi) asymmThetaList=() otherFactorList=(r) ]
 message      : function value is NAN
 server values: thetaList=(lumi = -nan +/- 0), asymmThetaList=(), otherFactorList=(r = 2.55471 +/- 0)
WARNING: underflow to -nan in pdf_binfail_LOW_obsOnly for bin 0, weight 26606
[#0] ERROR:Eval -- RooAbsReal::logEvalError(fail_LOW) evaluation error, 
 origin       : RooAbsReal::fail_LOW[ params=(Backgroundfail_LOW_bin_1-1,Backgroundfail_LOW_bin_2-1,lumi,n_exp_binfail_LOW_proc_Background,r) catParams=() ]
 message      : Number of events is negative or error
 server values: params=(Backgroundfail_LOW_bin_1-1 = 26605.6 +/- 0,Backgroundfail_LOW_bin_2-1 = 158.843 +/- 0,lumi = -nan +/- 0,n_exp_binfail_LOW_proc_Background = 1,r = 2.55471 +/- 0), catParams=()
FASTEXIT from pdf_binfail_LOW_obsOnly
[#0] ERROR:Eval -- RooAbsReal::logEvalError(n_exp_binfail_SIG_proc_Signal_M1000MeV_SR) evaluation error, 
 origin       : ProcessNormalization::n_exp_binfail_SIG_proc_Signal_M1000MeV_SR[ thetaList=(lumi) asymmThetaList=() otherFactorList=(r) ]
 message      : function value is NAN
 server values: thetaList=(lumi = -nan +/- 0), asymmThetaList=(), otherFactorList=(r = 2.55471 +/- 0)
WARNING: underflow to -nan in pdf_binfail_SIG_obsOnly for bin 0, weight 37.0297
[#0] ERROR:Eval -- RooAbsReal::logEvalError(fail_SIG) evaluation error, 
 origin       : RooAbsReal::fail_SIG[ params=(Backgroundfail_SIG_bin_1-1,lumi,n_exp_binfail_SIG_proc_Background,r) catParams=() ]
 message      : Number of events is negative or error
 server values: params=(Backgroundfail_SIG_bin_1-1 = 35.7159 +/- 0,lumi = -nan +/- 0,n_exp_binfail_SIG_proc_Background = 1,r = 2.55471 +/- 0), catParams=()
FASTEXIT from pdf_binfail_SIG_obsOnly
[#0] ERROR:Eval -- RooAbsReal::logEvalError(n_exp_binfail_HIGH_proc_Signal_M1000MeV_SR) evaluation error, 
 origin       : ProcessNormalization::n_exp_binfail_HIGH_proc_Signal_M1000MeV_SR[ thetaList=(lumi) asymmThetaList=() otherFactorList=(r) ]
 message      : function value is NAN
 server values: thetaList=(lumi = -nan +/- 0), asymmThetaList=(), otherFactorList=(r = 2.55471 +/- 0)
WARNING: underflow to -nan in pdf_binfail_HIGH_obsOnly for bin 0, weight 6.84588
[#0] ERROR:Eval -- RooAbsReal::logEvalError(fail_HIGH) evaluation error, 
 origin       : RooAbsReal::fail_HIGH[ params=(Backgroundfail_HIGH_bin_1-1,Backgroundfail_HIGH_bin_2-1,lumi,n_exp_binfail_HIGH_proc_Background,r) catParams=() ]
 message      : Number of events is negative or error
 server values: params=(Backgroundfail_HIGH_bin_1-1 = 6.21111 +/- 0,Backgroundfail_HIGH_bin_2-1 = 1.59431 +/- 0,lumi = -nan +/- 0,n_exp_binfail_HIGH_proc_Background = 1,r = 2.55471 +/- 0), catParams=()
FASTEXIT from pdf_binfail_HIGH_obsOnly
[#0] ERROR:Eval -- RooAbsReal::logEvalError() evaluation error, 
 origin       : RooAbsReal::[ params=(lumi,lumi_In,Backgroundfail_LOW_bin_1-1,Backgroundfail_LOW_bin_2-1,Backgroundrpf_2x0_par0,Backgroundrpf_2x0_par1,Backgroundrpf_2x0_par2,Backgroundrpf_2x0_par3,n_exp_binpass_LOW_proc_Background_2x0,r,Backgroundfail_SIG_bin_1-1,n_exp_binpass_SIG_proc_Background_2x0,Backgroundfail_HIGH_bin_1-1,Backgroundfail_HIGH_bin_2-1,n_exp_binpass_HIGH_proc_Background_2x0,n_exp_binfail_LOW_proc_Background,n_exp_binfail_SIG_proc_Background,n_exp_binfail_HIGH_proc_Background) catParams=() ]
 message      : function value is NAN
 server values: params=(lumi = -nan +/- 0,lumi_In = 0,Backgroundfail_LOW_bin_1-1 = 26605.6 +/- 0,Backgroundfail_LOW_bin_2-1 = 158.843 +/- 0,Backgroundrpf_2x0_par0 = 0.128968 +/- 0,Backgroundrpf_2x0_par1 = -12.7415 +/- 0,Backgroundrpf_2x0_par2 = -997.155 +/- 0,Backgroundrpf_2x0_par3 = 0.126304 +/- 0,n_exp_binpass_LOW_proc_Background_2x0 = 1,r = 2.55471 +/- 0,Backgroundfail_SIG_bin_1-1 = 35.7159 +/- 0,n_exp_binpass_SIG_proc_Background_2x0 = 1,Backgroundfail_HIGH_bin_1-1 = 6.21111 +/- 0,Backgroundfail_HIGH_bin_2-1 = 1.59431 +/- 0,n_exp_binpass_HIGH_proc_Background_2x0 = 1,n_exp_binfail_LOW_proc_Background = 1,n_exp_binfail_SIG_proc_Background = 1,n_exp_binfail_HIGH_proc_Background = 1), catParams=()
[#0] ERROR:Eval -- RooAbsReal::logEvalError(n_exp_binpass_LOW_proc_Signal_M1000MeV_SR) evaluation error, 
 origin       : ProcessNormalization::n_exp_binpass_LOW_proc_Signal_M1000MeV_SR[ thetaList=(lumi) asymmThetaList=() otherFactorList=(r) ]
 message      : function value is NAN
 server values: thetaList=(lumi = -nan +/- 0), asymmThetaList=(), otherFactorList=(r = 2.38807 +/- 0)
WARNING: underflow to -nan in pdf_binpass_LOW_obsOnly for bin 0, weight 43.6954
[#0] ERROR:Eval -- RooAbsReal::logEvalError(pass_LOW) evaluation error, 
 origin       : RooAbsReal::pass_LOW[ params=(Backgroundfail_LOW_bin_1-1,Backgroundfail_LOW_bin_2-1,Backgroundrpf_2x0_par0,Backgroundrpf_2x0_par1,Backgroundrpf_2x0_par2,Backgroundrpf_2x0_par3,lumi,n_exp_binpass_LOW_proc_Background_2x0,r) catParams=() ]
 message      : Number of events is negative or error
 server values: params=(Backgroundfail_LOW_bin_1-1 = 26605.6 +/- 0,Backgroundfail_LOW_bin_2-1 = 158.843 +/- 0,Backgroundrpf_2x0_par0 = 0.128968 +/- 0,Backgroundrpf_2x0_par1 = -12.7415 +/- 0,Backgroundrpf_2x0_par2 = -997.155 +/- 0,Backgroundrpf_2x0_par3 = 0.126304 +/- 0,lumi = -nan +/- 0,n_exp_binpass_LOW_proc_Background_2x0 = 1,r = 2.38807 +/- 0), catParams=()
FASTEXIT from pdf_binpass_LOW_obsOnly
[#0] ERROR:Eval -- RooAbsReal::logEvalError(n_exp_binpass_SIG_proc_Signal_M1000MeV_SR) evaluation error, 
 origin       : ProcessNormalization::n_exp_binpass_SIG_proc_Signal_M1000MeV_SR[ thetaList=(lumi) asymmThetaList=() otherFactorList=(r) ]
 message      : function value is NAN
 server values: thetaList=(lumi = -nan +/- 0), asymmThetaList=(), otherFactorList=(r = 2.38807 +/- 0)
WARNING: underflow to -nan in pdf_binpass_SIG_obsOnly for bin 0, weight 0.172936
[#0] ERROR:Eval -- RooAbsReal::logEvalError(pass_SIG) evaluation error, 
 origin       : RooAbsReal::pass_SIG[ params=(Backgroundfail_SIG_bin_1-1,Backgroundrpf_2x0_par0,Backgroundrpf_2x0_par1,Backgroundrpf_2x0_par2,Backgroundrpf_2x0_par3,lumi,n_exp_binpass_SIG_proc_Background_2x0,r) catParams=() ]
 message      : Number of events is negative or error
 server values: params=(Backgroundfail_SIG_bin_1-1 = 33.0015 +/- 0,Backgroundrpf_2x0_par0 = 0.128968 +/- 0,Backgroundrpf_2x0_par1 = -12.7415 +/- 0,Backgroundrpf_2x0_par2 = -997.155 +/- 0,Backgroundrpf_2x0_par3 = 0.126304 +/- 0,lumi = -nan +/- 0,n_exp_binpass_SIG_proc_Background_2x0 = 1,r = 2.38807 +/- 0), catParams=()
FASTEXIT from pdf_binpass_SIG_obsOnly
[#0] ERROR:Eval -- RooAbsReal::logEvalError(n_exp_binpass_HIGH_proc_Signal_M1000MeV_SR) evaluation error, 
 origin       : ProcessNormalization::n_exp_binpass_HIGH_proc_Signal_M1000MeV_SR[ thetaList=(lumi) asymmThetaList=() otherFactorList=(r) ]
 message      : function value is NAN
 server values: thetaList=(lumi = -nan +/- 0), asymmThetaList=(), otherFactorList=(r = 2.38807 +/- 0)
WARNING: underflow to -nan in pdf_binpass_HIGH_obsOnly for bin 0, weight 0.0147251
[#0] ERROR:Eval -- RooAbsReal::logEvalError(pass_HIGH) evaluation error, 
 origin       : RooAbsReal::pass_HIGH[ params=(Backgroundfail_HIGH_bin_1-1,Backgroundfail_HIGH_bin_2-1,Backgroundrpf_2x0_par0,Backgroundrpf_2x0_par1,Backgroundrpf_2x0_par2,Backgroundrpf_2x0_par3,lumi,n_exp_binpass_HIGH_proc_Background_2x0,r) catParams=() ]
 message      : Number of events is negative or error
 server values: params=(Backgroundfail_HIGH_bin_1-1 = 6.21111 +/- 0,Backgroundfail_HIGH_bin_2-1 = 1.59431 +/- 0,Backgroundrpf_2x0_par0 = 0.128968 +/- 0,Backgroundrpf_2x0_par1 = -12.7415 +/- 0,Backgroundrpf_2x0_par2 = -997.155 +/- 0,Backgroundrpf_2x0_par3 = 0.126304 +/- 0,lumi = -nan +/- 0,n_exp_binpass_HIGH_proc_Background_2x0 = 1,r = 2.38807 +/- 0), catParams=()
FASTEXIT from pdf_binpass_HIGH_obsOnly
[#0] ERROR:Eval -- RooAbsReal::logEvalError(n_exp_binfail_LOW_proc_Signal_M1000MeV_SR) evaluation error, 
 origin       : ProcessNormalization::n_exp_binfail_LOW_proc_Signal_M1000MeV_SR[ thetaList=(lumi) asymmThetaList=() otherFactorList=(r) ]
 message      : function value is NAN
 server values: thetaList=(lumi = -nan +/- 0), asymmThetaList=(), otherFactorList=(r = 2.38807 +/- 0)
WARNING: underflow to -nan in pdf_binfail_LOW_obsOnly for bin 0, weight 26606
[#0] ERROR:Eval -- RooAbsReal::logEvalError(fail_LOW) evaluation error, 
 origin       : RooAbsReal::fail_LOW[ params=(Backgroundfail_LOW_bin_1-1,Backgroundfail_LOW_bin_2-1,lumi,n_exp_binfail_LOW_proc_Background,r) catParams=() ]
 message      : Number of events is negative or error
 server values: params=(Backgroundfail_LOW_bin_1-1 = 26605.6 +/- 0,Backgroundfail_LOW_bin_2-1 = 158.843 +/- 0,lumi = -nan +/- 0,n_exp_binfail_LOW_proc_Background = 1,r = 2.38807 +/- 0), catParams=()
FASTEXIT from pdf_binfail_LOW_obsOnly
[#0] ERROR:Eval -- RooAbsReal::logEvalError(n_exp_binfail_SIG_proc_Signal_M1000MeV_SR) evaluation error, 
 origin       : ProcessNormalization::n_exp_binfail_SIG_proc_Signal_M1000MeV_SR[ thetaList=(lumi) asymmThetaList=() otherFactorList=(r) ]
 message      : function value is NAN
 server values: thetaList=(lumi = -nan +/- 0), asymmThetaList=(), otherFactorList=(r = 2.38807 +/- 0)
WARNING: underflow to -nan in pdf_binfail_SIG_obsOnly for bin 0, weight 37.0297
[#0] ERROR:Eval -- RooAbsReal::logEvalError(fail_SIG) evaluation error, 
 origin       : RooAbsReal::fail_SIG[ params=(Backgroundfail_SIG_bin_1-1,lumi,n_exp_binfail_SIG_proc_Background,r) catParams=() ]
 message      : Number of events is negative or error
 server values: params=(Backgroundfail_SIG_bin_1-1 = 33.0015 +/- 0,lumi = -nan +/- 0,n_exp_binfail_SIG_proc_Background = 1,r = 2.38807 +/- 0), catParams=()
FASTEXIT from pdf_binfail_SIG_obsOnly
[#0] ERROR:Eval -- RooAbsReal::logEvalError(n_exp_binfail_HIGH_proc_Signal_M1000MeV_SR) evaluation error, 
 origin       : ProcessNormalization::n_exp_binfail_HIGH_proc_Signal_M1000MeV_SR[ thetaList=(lumi) asymmThetaList=() otherFactorList=(r) ]
 message      : function value is NAN
 server values: thetaList=(lumi = -nan +/- 0), asymmThetaList=(), otherFactorList=(r = 2.38807 +/- 0)
WARNING: underflow to -nan in pdf_binfail_HIGH_obsOnly for bin 0, weight 6.84588
[#0] ERROR:Eval -- RooAbsReal::logEvalError(fail_HIGH) evaluation error, 
 origin       : RooAbsReal::fail_HIGH[ params=(Backgroundfail_HIGH_bin_1-1,Backgroundfail_HIGH_bin_2-1,lumi,n_exp_binfail_HIGH_proc_Background,r) catParams=() ]
 message      : Number of events is negative or error
 server values: params=(Backgroundfail_HIGH_bin_1-1 = 6.21111 +/- 0,Backgroundfail_HIGH_bin_2-1 = 1.59431 +/- 0,lumi = -nan +/- 0,n_exp_binfail_HIGH_proc_Background = 1,r = 2.38807 +/- 0), catParams=()
FASTEXIT from pdf_binfail_HIGH_obsOnly
[#0] ERROR:Eval -- RooAbsReal::logEvalError() evaluation error, 
 origin       : RooAbsReal::[ params=(lumi,lumi_In,Backgroundfail_LOW_bin_1-1,Backgroundfail_LOW_bin_2-1,Backgroundrpf_2x0_par0,Backgroundrpf_2x0_par1,Backgroundrpf_2x0_par2,Backgroundrpf_2x0_par3,n_exp_binpass_LOW_proc_Background_2x0,r,Backgroundfail_SIG_bin_1-1,n_exp_binpass_SIG_proc_Background_2x0,Backgroundfail_HIGH_bin_1-1,Backgroundfail_HIGH_bin_2-1,n_exp_binpass_HIGH_proc_Background_2x0,n_exp_binfail_LOW_proc_Background,n_exp_binfail_SIG_proc_Background,n_exp_binfail_HIGH_proc_Background) catParams=() ]
 message      : function value is NAN
 server values: params=(lumi = -nan +/- 0,lumi_In = 0,Backgroundfail_LOW_bin_1-1 = 26605.6 +/- 0,Backgroundfail_LOW_bin_2-1 = 158.843 +/- 0,Backgroundrpf_2x0_par0 = 0.128968 +/- 0,Backgroundrpf_2x0_par1 = -12.7415 +/- 0,Backgroundrpf_2x0_par2 = -997.155 +/- 0,Backgroundrpf_2x0_par3 = 0.126304 +/- 0,n_exp_binpass_LOW_proc_Background_2x0 = 1,r = 2.38807 +/- 0,Backgroundfail_SIG_bin_1-1 = 33.0015 +/- 0,n_exp_binpass_SIG_proc_Background_2x0 = 1,Backgroundfail_HIGH_bin_1-1 = 6.21111 +/- 0,Backgroundfail_HIGH_bin_2-1 = 1.59431 +/- 0,n_exp_binpass_HIGH_proc_Background_2x0 = 1,n_exp_binfail_LOW_proc_Background = 1,n_exp_binfail_SIG_proc_Background = 1,n_exp_binfail_HIGH_proc_Background = 1), catParams=()
[#0] ERROR:Eval -- RooAbsReal::logEvalError(n_exp_binpass_LOW_proc_Signal_M1000MeV_SR) evaluation error, 
 origin       : ProcessNormalization::n_exp_binpass_LOW_proc_Signal_M1000MeV_SR[ thetaList=(lumi) asymmThetaList=() otherFactorList=(r) ]
 message      : function value is NAN
 server values: thetaList=(lumi = -nan +/- 0), asymmThetaList=(), otherFactorList=(r = 2.38807 +/- 0)
WARNING: underflow to -nan in pdf_binpass_LOW_obsOnly for bin 0, weight 43.6954
[#0] ERROR:Eval -- RooAbsReal::logEvalError(pass_LOW) evaluation error, 
 origin       : RooAbsReal::pass_LOW[ params=(Backgroundfail_LOW_bin_1-1,Backgroundfail_LOW_bin_2-1,Backgroundrpf_2x0_par0,Backgroundrpf_2x0_par1,Backgroundrpf_2x0_par2,Backgroundrpf_2x0_par3,lumi,n_exp_binpass_LOW_proc_Background_2x0,r) catParams=() ]
 message      : Number of events is negative or error
 server values: params=(Backgroundfail_LOW_bin_1-1 = 26605.6 +/- 0,Backgroundfail_LOW_bin_2-1 = 158.843 +/- 0,Backgroundrpf_2x0_par0 = 0.128968 +/- 0,Backgroundrpf_2x0_par1 = -12.7415 +/- 0,Backgroundrpf_2x0_par2 = -997.155 +/- 0,Backgroundrpf_2x0_par3 = 0.126304 +/- 0,lumi = -nan +/- 0,n_exp_binpass_LOW_proc_Background_2x0 = 1,r = 2.38807 +/- 0), catParams=()
FASTEXIT from pdf_binpass_LOW_obsOnly
[#0] ERROR:Eval -- RooAbsReal::logEvalError(n_exp_binpass_SIG_proc_Signal_M1000MeV_SR) evaluation error, 
 origin       : ProcessNormalization::n_exp_binpass_SIG_proc_Signal_M1000MeV_SR[ thetaList=(lumi) asymmThetaList=() otherFactorList=(r) ]
 message      : function value is NAN
 server values: thetaList=(lumi = -nan +/- 0), asymmThetaList=(), otherFactorList=(r = 2.38807 +/- 0)
WARNING: underflow to -nan in pdf_binpass_SIG_obsOnly for bin 0, weight 0.172936
[#0] ERROR:Eval -- RooAbsReal::logEvalError(pass_SIG) evaluation error, 
 origin       : RooAbsReal::pass_SIG[ params=(Backgroundfail_SIG_bin_1-1,Backgroundrpf_2x0_par0,Backgroundrpf_2x0_par1,Backgroundrpf_2x0_par2,Backgroundrpf_2x0_par3,lumi,n_exp_binpass_SIG_proc_Background_2x0,r) catParams=() ]
 message      : Number of events is negative or error
 server values: params=(Backgroundfail_SIG_bin_1-1 = 38.5769 +/- 0,Backgroundrpf_2x0_par0 = 0.128968 +/- 0,Backgroundrpf_2x0_par1 = -12.7415 +/- 0,Backgroundrpf_2x0_par2 = -997.155 +/- 0,Backgroundrpf_2x0_par3 = 0.126304 +/- 0,lumi = -nan +/- 0,n_exp_binpass_SIG_proc_Background_2x0 = 1,r = 2.38807 +/- 0), catParams=()
FASTEXIT from pdf_binpass_SIG_obsOnly
[#0] ERROR:Eval -- RooAbsReal::logEvalError(n_exp_binpass_HIGH_proc_Signal_M1000MeV_SR) evaluation error, 
 origin       : ProcessNormalization::n_exp_binpass_HIGH_proc_Signal_M1000MeV_SR[ thetaList=(lumi) asymmThetaList=() otherFactorList=(r) ]
 message      : function value is NAN
 server values: thetaList=(lumi = -nan +/- 0), asymmThetaList=(), otherFactorList=(r = 2.38807 +/- 0)
WARNING: underflow to -nan in pdf_binpass_HIGH_obsOnly for bin 0, weight 0.0147251
[#0] ERROR:Eval -- RooAbsReal::logEvalError(pass_HIGH) evaluation error, 
 origin       : RooAbsReal::pass_HIGH[ params=(Backgroundfail_HIGH_bin_1-1,Backgroundfail_HIGH_bin_2-1,Backgroundrpf_2x0_par0,Backgroundrpf_2x0_par1,Backgroundrpf_2x0_par2,Backgroundrpf_2x0_par3,lumi,n_exp_binpass_HIGH_proc_Background_2x0,r) catParams=() ]
 message      : Number of events is negative or error
 server values: params=(Backgroundfail_HIGH_bin_1-1 = 6.21111 +/- 0,Backgroundfail_HIGH_bin_2-1 = 1.59431 +/- 0,Backgroundrpf_2x0_par0 = 0.128968 +/- 0,Backgroundrpf_2x0_par1 = -12.7415 +/- 0,Backgroundrpf_2x0_par2 = -997.155 +/- 0,Backgroundrpf_2x0_par3 = 0.126304 +/- 0,lumi = -nan +/- 0,n_exp_binpass_HIGH_proc_Background_2x0 = 1,r = 2.38807 +/- 0), catParams=()
FASTEXIT from pdf_binpass_HIGH_obsOnly
[#0] ERROR:Eval -- RooAbsReal::logEvalError(n_exp_binfail_LOW_proc_Signal_M1000MeV_SR) evaluation error, 
 origin       : ProcessNormalization::n_exp_binfail_LOW_proc_Signal_M1000MeV_SR[ thetaList=(lumi) asymmThetaList=() otherFactorList=(r) ]
 message      : function value is NAN
 server values: thetaList=(lumi = -nan +/- 0), asymmThetaList=(), otherFactorList=(r = 2.38807 +/- 0)
WARNING: underflow to -nan in pdf_binfail_LOW_obsOnly for bin 0, weight 26606
[#0] ERROR:Eval -- RooAbsReal::logEvalError(fail_LOW) evaluation error, 
 origin       : RooAbsReal::fail_LOW[ params=(Backgroundfail_LOW_bin_1-1,Backgroundfail_LOW_bin_2-1,lumi,n_exp_binfail_LOW_proc_Background,r) catParams=() ]
 message      : Number of events is negative or error
 server values: params=(Backgroundfail_LOW_bin_1-1 = 26605.6 +/- 0,Backgroundfail_LOW_bin_2-1 = 158.843 +/- 0,lumi = -nan +/- 0,n_exp_binfail_LOW_proc_Background = 1,r = 2.38807 +/- 0), catParams=()
FASTEXIT from pdf_binfail_LOW_obsOnly
[#0] ERROR:Eval -- RooAbsReal::logEvalError(n_exp_binfail_SIG_proc_Signal_M1000MeV_SR) evaluation error, 
 origin       : ProcessNormalization::n_exp_binfail_SIG_proc_Signal_M1000MeV_SR[ thetaList=(lumi) asymmThetaList=() otherFactorList=(r) ]
 message      : function value is NAN
 server values: thetaList=(lumi = -nan +/- 0), asymmThetaList=(), otherFactorList=(r = 2.38807 +/- 0)
WARNING: underflow to -nan in pdf_binfail_SIG_obsOnly for bin 0, weight 37.0297
[#0] ERROR:Eval -- RooAbsReal::logEvalError(fail_SIG) evaluation error, 
 origin       : RooAbsReal::fail_SIG[ params=(Backgroundfail_SIG_bin_1-1,lumi,n_exp_binfail_SIG_proc_Background,r) catParams=() ]
 message      : Number of events is negative or error
 server values: params=(Backgroundfail_SIG_bin_1-1 = 38.5769 +/- 0,lumi = -nan +/- 0,n_exp_binfail_SIG_proc_Background = 1,r = 2.38807 +/- 0), catParams=()
FASTEXIT from pdf_binfail_SIG_obsOnly
[#0] ERROR:Eval -- RooAbsReal::logEvalError(n_exp_binfail_HIGH_proc_Signal_M1000MeV_SR) evaluation error, 
 origin       : ProcessNormalization::n_exp_binfail_HIGH_proc_Signal_M1000MeV_SR[ thetaList=(lumi) asymmThetaList=() otherFactorList=(r) ]
 message      : function value is NAN
 server values: thetaList=(lumi = -nan +/- 0), asymmThetaList=(), otherFactorList=(r = 2.38807 +/- 0)
WARNING: underflow to -nan in pdf_binfail_HIGH_obsOnly for bin 0, weight 6.84588
[#0] ERROR:Eval -- RooAbsReal::logEvalError(fail_HIGH) evaluation error, 
 origin       : RooAbsReal::fail_HIGH[ params=(Backgroundfail_HIGH_bin_1-1,Backgroundfail_HIGH_bin_2-1,lumi,n_exp_binfail_HIGH_proc_Background,r) catParams=() ]
 message      : Number of events is negative or error
 server values: params=(Backgroundfail_HIGH_bin_1-1 = 6.21111 +/- 0,Backgroundfail_HIGH_bin_2-1 = 1.59431 +/- 0,lumi = -nan +/- 0,n_exp_binfail_HIGH_proc_Background = 1,r = 2.38807 +/- 0), catParams=()
FASTEXIT from pdf_binfail_HIGH_obsOnly
[#0] ERROR:Eval -- RooAbsReal::logEvalError() evaluation error, 
 origin       : RooAbsReal::[ params=(lumi,lumi_In,Backgroundfail_LOW_bin_1-1,Backgroundfail_LOW_bin_2-1,Backgroundrpf_2x0_par0,Backgroundrpf_2x0_par1,Backgroundrpf_2x0_par2,Backgroundrpf_2x0_par3,n_exp_binpass_LOW_proc_Background_2x0,r,Backgroundfail_SIG_bin_1-1,n_exp_binpass_SIG_proc_Background_2x0,Backgroundfail_HIGH_bin_1-1,Backgroundfail_HIGH_bin_2-1,n_exp_binpass_HIGH_proc_Background_2x0,n_exp_binfail_LOW_proc_Background,n_exp_binfail_SIG_proc_Background,n_exp_binfail_HIGH_proc_Background) catParams=() ]
 message      : function value is NAN
 server values: params=(lumi = -nan +/- 0,lumi_In = 0,Backgroundfail_LOW_bin_1-1 = 26605.6 +/- 0,Backgroundfail_LOW_bin_2-1 = 158.843 +/- 0,Backgroundrpf_2x0_par0 = 0.128968 +/- 0,Backgroundrpf_2x0_par1 = -12.7415 +/- 0,Backgroundrpf_2x0_par2 = -997.155 +/- 0,Backgroundrpf_2x0_par3 = 0.126304 +/- 0,n_exp_binpass_LOW_proc_Background_2x0 = 1,r = 2.38807 +/- 0,Backgroundfail_SIG_bin_1-1 = 38.5769 +/- 0,n_exp_binpass_SIG_proc_Background_2x0 = 1,Backgroundfail_HIGH_bin_1-1 = 6.21111 +/- 0,Backgroundfail_HIGH_bin_2-1 = 1.59431 +/- 0,n_exp_binpass_HIGH_proc_Background_2x0 = 1,n_exp_binfail_LOW_proc_Background = 1,n_exp_binfail_SIG_proc_Background = 1,n_exp_binfail_HIGH_proc_Background = 1), catParams=()
[#0] ERROR:Eval -- RooAbsReal::logEvalError(n_exp_binpass_LOW_proc_Signal_M1000MeV_SR) evaluation error, 
 origin       : ProcessNormalization::n_exp_binpass_LOW_proc_Signal_M1000MeV_SR[ thetaList=(lumi) asymmThetaList=() otherFactorList=(r) ]
 message      : function value is NAN
 server values: thetaList=(lumi = -nan +/- 0), asymmThetaList=(), otherFactorList=(r = 2.38807 +/- 0)
WARNING: underflow to -nan in pdf_binpass_LOW_obsOnly for bin 0, weight 43.6954
[#0] ERROR:Eval -- RooAbsReal::logEvalError(pass_LOW) evaluation error, 
 origin       : RooAbsReal::pass_LOW[ params=(Backgroundfail_LOW_bin_1-1,Backgroundfail_LOW_bin_2-1,Backgroundrpf_2x0_par0,Backgroundrpf_2x0_par1,Backgroundrpf_2x0_par2,Backgroundrpf_2x0_par3,lumi,n_exp_binpass_LOW_proc_Background_2x0,r) catParams=() ]
 message      : Number of events is negative or error
 server values: params=(Backgroundfail_LOW_bin_1-1 = 26605.6 +/- 0,Backgroundfail_LOW_bin_2-1 = 158.843 +/- 0,Backgroundrpf_2x0_par0 = 0.128968 +/- 0,Backgroundrpf_2x0_par1 = -12.7415 +/- 0,Backgroundrpf_2x0_par2 = -997.155 +/- 0,Backgroundrpf_2x0_par3 = 0.126304 +/- 0,lumi = -nan +/- 0,n_exp_binpass_LOW_proc_Background_2x0 = 1,r = 2.38807 +/- 0), catParams=()
FASTEXIT from pdf_binpass_LOW_obsOnly
[#0] ERROR:Eval -- RooAbsReal::logEvalError(n_exp_binpass_SIG_proc_Signal_M1000MeV_SR) evaluation error, 
 origin       : ProcessNormalization::n_exp_binpass_SIG_proc_Signal_M1000MeV_SR[ thetaList=(lumi) asymmThetaList=() otherFactorList=(r) ]
 message      : function value is NAN
 server values: thetaList=(lumi = -nan +/- 0), asymmThetaList=(), otherFactorList=(r = 2.38807 +/- 0)
WARNING: underflow to -nan in pdf_binpass_SIG_obsOnly for bin 0, weight 0.172936
[#0] ERROR:Eval -- RooAbsReal::logEvalError(pass_SIG) evaluation error, 
 origin       : RooAbsReal::pass_SIG[ params=(Backgroundfail_SIG_bin_1-1,Backgroundrpf_2x0_par0,Backgroundrpf_2x0_par1,Backgroundrpf_2x0_par2,Backgroundrpf_2x0_par3,lumi,n_exp_binpass_SIG_proc_Background_2x0,r) catParams=() ]
 message      : Number of events is negative or error
 server values: params=(Backgroundfail_SIG_bin_1-1 = 33.0015 +/- 0,Backgroundrpf_2x0_par0 = 0.128968 +/- 0,Backgroundrpf_2x0_par1 = -12.7415 +/- 0,Backgroundrpf_2x0_par2 = -997.155 +/- 0,Backgroundrpf_2x0_par3 = 0.126304 +/- 0,lumi = -nan +/- 0,n_exp_binpass_SIG_proc_Background_2x0 = 1,r = 2.38807 +/- 0), catParams=()
FASTEXIT from pdf_binpass_SIG_obsOnly
[#0] ERROR:Eval -- RooAbsReal::logEvalError(n_exp_binpass_HIGH_proc_Signal_M1000MeV_SR) evaluation error, 
 origin       : ProcessNormalization::n_exp_binpass_HIGH_proc_Signal_M1000MeV_SR[ thetaList=(lumi) asymmThetaList=() otherFactorList=(r) ]
 message      : function value is NAN
 server values: thetaList=(lumi = -nan +/- 0), asymmThetaList=(), otherFactorList=(r = 2.38807 +/- 0)
WARNING: underflow to -nan in pdf_binpass_HIGH_obsOnly for bin 0, weight 0.0147251
[#0] ERROR:Eval -- RooAbsReal::logEvalError(pass_HIGH) evaluation error, 
 origin       : RooAbsReal::pass_HIGH[ params=(Backgroundfail_HIGH_bin_1-1,Backgroundfail_HIGH_bin_2-1,Backgroundrpf_2x0_par0,Backgroundrpf_2x0_par1,Backgroundrpf_2x0_par2,Backgroundrpf_2x0_par3,lumi,n_exp_binpass_HIGH_proc_Background_2x0,r) catParams=() ]
 message      : Number of events is negative or error
 server values: params=(Backgroundfail_HIGH_bin_1-1 = 6.21111 +/- 0,Backgroundfail_HIGH_bin_2-1 = 1.59431 +/- 0,Backgroundrpf_2x0_par0 = 0.128968 +/- 0,Backgroundrpf_2x0_par1 = -12.7415 +/- 0,Backgroundrpf_2x0_par2 = -997.155 +/- 0,Backgroundrpf_2x0_par3 = 0.126304 +/- 0,lumi = -nan +/- 0,n_exp_binpass_HIGH_proc_Background_2x0 = 1,r = 2.38807 +/- 0), catParams=()
FASTEXIT from pdf_binpass_HIGH_obsOnly
[#0] ERROR:Eval -- RooAbsReal::logEvalError(n_exp_binfail_LOW_proc_Signal_M1000MeV_SR) evaluation error, 
 origin       : ProcessNormalization::n_exp_binfail_LOW_proc_Signal_M1000MeV_SR[ thetaList=(lumi) asymmThetaList=() otherFactorList=(r) ]
 message      : function value is NAN
 server values: thetaList=(lumi = -nan +/- 0), asymmThetaList=(), otherFactorList=(r = 2.38807 +/- 0)
WARNING: underflow to -nan in pdf_binfail_LOW_obsOnly for bin 0, weight 26606
[#0] ERROR:Eval -- RooAbsReal::logEvalError(fail_LOW) evaluation error, 
 origin       : RooAbsReal::fail_LOW[ params=(Backgroundfail_LOW_bin_1-1,Backgroundfail_LOW_bin_2-1,lumi,n_exp_binfail_LOW_proc_Background,r) catParams=() ]
 message      : Number of events is negative or error
 server values: params=(Backgroundfail_LOW_bin_1-1 = 26605.6 +/- 0,Backgroundfail_LOW_bin_2-1 = 158.843 +/- 0,lumi = -nan +/- 0,n_exp_binfail_LOW_proc_Background = 1,r = 2.38807 +/- 0), catParams=()
FASTEXIT from pdf_binfail_LOW_obsOnly
[#0] ERROR:Eval -- RooAbsReal::logEvalError(n_exp_binfail_SIG_proc_Signal_M1000MeV_SR) evaluation error, 
 origin       : ProcessNormalization::n_exp_binfail_SIG_proc_Signal_M1000MeV_SR[ thetaList=(lumi) asymmThetaList=() otherFactorList=(r) ]
 message      : function value is NAN
 server values: thetaList=(lumi = -nan +/- 0), asymmThetaList=(), otherFactorList=(r = 2.38807 +/- 0)
WARNING: underflow to -nan in pdf_binfail_SIG_obsOnly for bin 0, weight 37.0297
[#0] ERROR:Eval -- RooAbsReal::logEvalError(fail_SIG) evaluation error, 
 origin       : RooAbsReal::fail_SIG[ params=(Backgroundfail_SIG_bin_1-1,lumi,n_exp_binfail_SIG_proc_Background,r) catParams=() ]
 message      : Number of events is negative or error
 server values: params=(Backgroundfail_SIG_bin_1-1 = 33.0015 +/- 0,lumi = -nan +/- 0,n_exp_binfail_SIG_proc_Background = 1,r = 2.38807 +/- 0), catParams=()
FASTEXIT from pdf_binfail_SIG_obsOnly
[#0] ERROR:Eval -- RooAbsReal::logEvalError(n_exp_binfail_HIGH_proc_Signal_M1000MeV_SR) evaluation error, 
 origin       : ProcessNormalization::n_exp_binfail_HIGH_proc_Signal_M1000MeV_SR[ thetaList=(lumi) asymmThetaList=() otherFactorList=(r) ]
 message      : function value is NAN
 server values: thetaList=(lumi = -nan +/- 0), asymmThetaList=(), otherFactorList=(r = 2.38807 +/- 0)
WARNING: underflow to -nan in pdf_binfail_HIGH_obsOnly for bin 0, weight 6.84588
[#0] ERROR:Eval -- RooAbsReal::logEvalError(fail_HIGH) evaluation error, 
 origin       : RooAbsReal::fail_HIGH[ params=(Backgroundfail_HIGH_bin_1-1,Backgroundfail_HIGH_bin_2-1,lumi,n_exp_binfail_HIGH_proc_Background,r) catParams=() ]
 message      : Number of events is negative or error
 server values: params=(Backgroundfail_HIGH_bin_1-1 = 6.21111 +/- 0,Backgroundfail_HIGH_bin_2-1 = 1.59431 +/- 0,lumi = -nan +/- 0,n_exp_binfail_HIGH_proc_Background = 1,r = 2.38807 +/- 0), catParams=()
FASTEXIT from pdf_binfail_HIGH_obsOnly
[#0] ERROR:Eval -- RooAbsReal::logEvalError() evaluation error, 
 origin       : RooAbsReal::[ params=(lumi,lumi_In,Backgroundfail_LOW_bin_1-1,Backgroundfail_LOW_bin_2-1,Backgroundrpf_2x0_par0,Backgroundrpf_2x0_par1,Backgroundrpf_2x0_par2,Backgroundrpf_2x0_par3,n_exp_binpass_LOW_proc_Background_2x0,r,Backgroundfail_SIG_bin_1-1,n_exp_binpass_SIG_proc_Background_2x0,Backgroundfail_HIGH_bin_1-1,Backgroundfail_HIGH_bin_2-1,n_exp_binpass_HIGH_proc_Background_2x0,n_exp_binfail_LOW_proc_Background,n_exp_binfail_SIG_proc_Background,n_exp_binfail_HIGH_proc_Background) catParams=() ]
 message      : function value is NAN
 server values: params=(lumi = -nan +/- 0,lumi_In = 0,Backgroundfail_LOW_bin_1-1 = 26605.6 +/- 0,Backgroundfail_LOW_bin_2-1 = 158.843 +/- 0,Backgroundrpf_2x0_par0 = 0.128968 +/- 0,Backgroundrpf_2x0_par1 = -12.7415 +/- 0,Backgroundrpf_2x0_par2 = -997.155 +/- 0,Backgroundrpf_2x0_par3 = 0.126304 +/- 0,n_exp_binpass_LOW_proc_Background_2x0 = 1,r = 2.38807 +/- 0,Backgroundfail_SIG_bin_1-1 = 33.0015 +/- 0,n_exp_binpass_SIG_proc_Background_2x0 = 1,Backgroundfail_HIGH_bin_1-1 = 6.21111 +/- 0,Backgroundfail_HIGH_bin_2-1 = 1.59431 +/- 0,n_exp_binpass_HIGH_proc_Background_2x0 = 1,n_exp_binfail_LOW_proc_Background = 1,n_exp_binfail_SIG_proc_Background = 1,n_exp_binfail_HIGH_proc_Background = 1), catParams=()
[#0] ERROR:Eval -- RooAbsReal::logEvalError(n_exp_binpass_LOW_proc_Signal_M1000MeV_SR) evaluation error, 
 origin       : ProcessNormalization::n_exp_binpass_LOW_proc_Signal_M1000MeV_SR[ thetaList=(lumi) asymmThetaList=() otherFactorList=(r) ]
 message      : function value is NAN
 server values: thetaList=(lumi = -nan +/- 0), asymmThetaList=(), otherFactorList=(r = 2.38807 +/- 0)
WARNING: underflow to -nan in pdf_binpass_LOW_obsOnly for bin 0, weight 43.6954
[#0] ERROR:Eval -- RooAbsReal::logEvalError(pass_LOW) evaluation error, 
 origin       : RooAbsReal::pass_LOW[ params=(Backgroundfail_LOW_bin_1-1,Backgroundfail_LOW_bin_2-1,Backgroundrpf_2x0_par0,Backgroundrpf_2x0_par1,Backgroundrpf_2x0_par2,Backgroundrpf_2x0_par3,lumi,n_exp_binpass_LOW_proc_Background_2x0,r) catParams=() ]
 message      : Number of events is negative or error
 server values: params=(Backgroundfail_LOW_bin_1-1 = 26605.6 +/- 0,Backgroundfail_LOW_bin_2-1 = 158.843 +/- 0,Backgroundrpf_2x0_par0 = 0.128968 +/- 0,Backgroundrpf_2x0_par1 = -12.7415 +/- 0,Backgroundrpf_2x0_par2 = -997.155 +/- 0,Backgroundrpf_2x0_par3 = 0.126304 +/- 0,lumi = -nan +/- 0,n_exp_binpass_LOW_proc_Background_2x0 = 1,r = 2.38807 +/- 0), catParams=()
FASTEXIT from pdf_binpass_LOW_obsOnly
[#0] ERROR:Eval -- RooAbsReal::logEvalError(n_exp_binpass_SIG_proc_Signal_M1000MeV_SR) evaluation error, 
 origin       : ProcessNormalization::n_exp_binpass_SIG_proc_Signal_M1000MeV_SR[ thetaList=(lumi) asymmThetaList=() otherFactorList=(r) ]
 message      : function value is NAN
 server values: thetaList=(lumi = -nan +/- 0), asymmThetaList=(), otherFactorList=(r = 2.38807 +/- 0)
WARNING: underflow to -nan in pdf_binpass_SIG_obsOnly for bin 0, weight 0.172936
[#0] ERROR:Eval -- RooAbsReal::logEvalError(pass_SIG) evaluation error, 
 origin       : RooAbsReal::pass_SIG[ params=(Backgroundfail_SIG_bin_1-1,Backgroundrpf_2x0_par0,Backgroundrpf_2x0_par1,Backgroundrpf_2x0_par2,Backgroundrpf_2x0_par3,lumi,n_exp_binpass_SIG_proc_Background_2x0,r) catParams=() ]
 message      : Number of events is negative or error
 server values: params=(Backgroundfail_SIG_bin_1-1 = 38.5769 +/- 0,Backgroundrpf_2x0_par0 = 0.128968 +/- 0,Backgroundrpf_2x0_par1 = -12.7415 +/- 0,Backgroundrpf_2x0_par2 = -997.155 +/- 0,Backgroundrpf_2x0_par3 = 0.126304 +/- 0,lumi = -nan +/- 0,n_exp_binpass_SIG_proc_Background_2x0 = 1,r = 2.38807 +/- 0), catParams=()
FASTEXIT from pdf_binpass_SIG_obsOnly
[#0] ERROR:Eval -- RooAbsReal::logEvalError(n_exp_binpass_HIGH_proc_Signal_M1000MeV_SR) evaluation error, 
 origin       : ProcessNormalization::n_exp_binpass_HIGH_proc_Signal_M1000MeV_SR[ thetaList=(lumi) asymmThetaList=() otherFactorList=(r) ]
 message      : function value is NAN
 server values: thetaList=(lumi = -nan +/- 0), asymmThetaList=(), otherFactorList=(r = 2.38807 +/- 0)
WARNING: underflow to -nan in pdf_binpass_HIGH_obsOnly for bin 0, weight 0.0147251
[#0] ERROR:Eval -- RooAbsReal::logEvalError(pass_HIGH) evaluation error, 
 origin       : RooAbsReal::pass_HIGH[ params=(Backgroundfail_HIGH_bin_1-1,Backgroundfail_HIGH_bin_2-1,Backgroundrpf_2x0_par0,Backgroundrpf_2x0_par1,Backgroundrpf_2x0_par2,Backgroundrpf_2x0_par3,lumi,n_exp_binpass_HIGH_proc_Background_2x0,r) catParams=() ]
 message      : Number of events is negative or error
 server values: params=(Backgroundfail_HIGH_bin_1-1 = 6.21111 +/- 0,Backgroundfail_HIGH_bin_2-1 = 1.59431 +/- 0,Backgroundrpf_2x0_par0 = 0.128968 +/- 0,Backgroundrpf_2x0_par1 = -12.7415 +/- 0,Backgroundrpf_2x0_par2 = -997.155 +/- 0,Backgroundrpf_2x0_par3 = 0.126304 +/- 0,lumi = -nan +/- 0,n_exp_binpass_HIGH_proc_Background_2x0 = 1,r = 2.38807 +/- 0), catParams=()
FASTEXIT from pdf_binpass_HIGH_obsOnly
[#0] ERROR:Eval -- RooAbsReal::logEvalError(n_exp_binfail_LOW_proc_Signal_M1000MeV_SR) evaluation error, 
 origin       : ProcessNormalization::n_exp_binfail_LOW_proc_Signal_M1000MeV_SR[ thetaList=(lumi) asymmThetaList=() otherFactorList=(r) ]
 message      : function value is NAN
 server values: thetaList=(lumi = -nan +/- 0), asymmThetaList=(), otherFactorList=(r = 2.38807 +/- 0)
WARNING: underflow to -nan in pdf_binfail_LOW_obsOnly for bin 0, weight 26606
[#0] ERROR:Eval -- RooAbsReal::logEvalError(fail_LOW) evaluation error, 
 origin       : RooAbsReal::fail_LOW[ params=(Backgroundfail_LOW_bin_1-1,Backgroundfail_LOW_bin_2-1,lumi,n_exp_binfail_LOW_proc_Background,r) catParams=() ]
 message      : Number of events is negative or error
 server values: params=(Backgroundfail_LOW_bin_1-1 = 26605.6 +/- 0,Backgroundfail_LOW_bin_2-1 = 158.843 +/- 0,lumi = -nan +/- 0,n_exp_binfail_LOW_proc_Background = 1,r = 2.38807 +/- 0), catParams=()
FASTEXIT from pdf_binfail_LOW_obsOnly
[#0] ERROR:Eval -- RooAbsReal::logEvalError(n_exp_binfail_SIG_proc_Signal_M1000MeV_SR) evaluation error, 
 origin       : ProcessNormalization::n_exp_binfail_SIG_proc_Signal_M1000MeV_SR[ thetaList=(lumi) asymmThetaList=() otherFactorList=(r) ]
 message      : function value is NAN
 server values: thetaList=(lumi = -nan +/- 0), asymmThetaList=(), otherFactorList=(r = 2.38807 +/- 0)
WARNING: underflow to -nan in pdf_binfail_SIG_obsOnly for bin 0, weight 37.0297
[#0] ERROR:Eval -- RooAbsReal::logEvalError(fail_SIG) evaluation error, 
 origin       : RooAbsReal::fail_SIG[ params=(Backgroundfail_SIG_bin_1-1,lumi,n_exp_binfail_SIG_proc_Background,r) catParams=() ]
 message      : Number of events is negative or error
 server values: params=(Backgroundfail_SIG_bin_1-1 = 38.5769 +/- 0,lumi = -nan +/- 0,n_exp_binfail_SIG_proc_Background = 1,r = 2.38807 +/- 0), catParams=()
FASTEXIT from pdf_binfail_SIG_obsOnly
[#0] ERROR:Eval -- RooAbsReal::logEvalError(n_exp_binfail_HIGH_proc_Signal_M1000MeV_SR) evaluation error, 
 origin       : ProcessNormalization::n_exp_binfail_HIGH_proc_Signal_M1000MeV_SR[ thetaList=(lumi) asymmThetaList=() otherFactorList=(r) ]
 message      : function value is NAN
 server values: thetaList=(lumi = -nan +/- 0), asymmThetaList=(), otherFactorList=(r = 2.38807 +/- 0)
WARNING: underflow to -nan in pdf_binfail_HIGH_obsOnly for bin 0, weight 6.84588
[#0] ERROR:Eval -- RooAbsReal::logEvalError(fail_HIGH) evaluation error, 
 origin       : RooAbsReal::fail_HIGH[ params=(Backgroundfail_HIGH_bin_1-1,Backgroundfail_HIGH_bin_2-1,lumi,n_exp_binfail_HIGH_proc_Background,r) catParams=() ]
 message      : Number of events is negative or error
 server values: params=(Backgroundfail_HIGH_bin_1-1 = 6.21111 +/- 0,Backgroundfail_HIGH_bin_2-1 = 1.59431 +/- 0,lumi = -nan +/- 0,n_exp_binfail_HIGH_proc_Background = 1,r = 2.38807 +/- 0), catParams=()
FASTEXIT from pdf_binfail_HIGH_obsOnly
[#0] ERROR:Eval -- RooAbsReal::logEvalError() evaluation error, 
 origin       : RooAbsReal::[ params=(lumi,lumi_In,Backgroundfail_LOW_bin_1-1,Backgroundfail_LOW_bin_2-1,Backgroundrpf_2x0_par0,Backgroundrpf_2x0_par1,Backgroundrpf_2x0_par2,Backgroundrpf_2x0_par3,n_exp_binpass_LOW_proc_Background_2x0,r,Backgroundfail_SIG_bin_1-1,n_exp_binpass_SIG_proc_Background_2x0,Backgroundfail_HIGH_bin_1-1,Backgroundfail_HIGH_bin_2-1,n_exp_binpass_HIGH_proc_Background_2x0,n_exp_binfail_LOW_proc_Background,n_exp_binfail_SIG_proc_Background,n_exp_binfail_HIGH_proc_Background) catParams=() ]
 message      : function value is NAN
 server values: params=(lumi = -nan +/- 0,lumi_In = 0,Backgroundfail_LOW_bin_1-1 = 26605.6 +/- 0,Backgroundfail_LOW_bin_2-1 = 158.843 +/- 0,Backgroundrpf_2x0_par0 = 0.128968 +/- 0,Backgroundrpf_2x0_par1 = -12.7415 +/- 0,Backgroundrpf_2x0_par2 = -997.155 +/- 0,Backgroundrpf_2x0_par3 = 0.126304 +/- 0,n_exp_binpass_LOW_proc_Background_2x0 = 1,r = 2.38807 +/- 0,Backgroundfail_SIG_bin_1-1 = 38.5769 +/- 0,n_exp_binpass_SIG_proc_Background_2x0 = 1,Backgroundfail_HIGH_bin_1-1 = 6.21111 +/- 0,Backgroundfail_HIGH_bin_2-1 = 1.59431 +/- 0,n_exp_binpass_HIGH_proc_Background_2x0 = 1,n_exp_binfail_LOW_proc_Background = 1,n_exp_binfail_SIG_proc_Background = 1,n_exp_binfail_HIGH_proc_Background = 1), catParams=()
[#0] ERROR:Eval -- RooAbsReal::logEvalError(n_exp_binpass_LOW_proc_Signal_M1000MeV_SR) evaluation error, 
 origin       : ProcessNormalization::n_exp_binpass_LOW_proc_Signal_M1000MeV_SR[ thetaList=(lumi) asymmThetaList=() otherFactorList=(r) ]
 message      : function value is NAN
 server values: thetaList=(lumi = -nan +/- 0), asymmThetaList=(), otherFactorList=(r = 2.38807 +/- 0)
WARNING: underflow to -nan in pdf_binpass_LOW_obsOnly for bin 0, weight 43.6954
[#0] ERROR:Eval -- RooAbsReal::logEvalError(pass_LOW) evaluation error, 
 origin       : RooAbsReal::pass_LOW[ params=(Backgroundfail_LOW_bin_1-1,Backgroundfail_LOW_bin_2-1,Backgroundrpf_2x0_par0,Backgroundrpf_2x0_par1,Backgroundrpf_2x0_par2,Backgroundrpf_2x0_par3,lumi,n_exp_binpass_LOW_proc_Background_2x0,r) catParams=() ]
 message      : Number of events is negative or error
 server values: params=(Backgroundfail_LOW_bin_1-1 = 26605.6 +/- 0,Backgroundfail_LOW_bin_2-1 = 158.843 +/- 0,Backgroundrpf_2x0_par0 = 0.128968 +/- 0,Backgroundrpf_2x0_par1 = -12.7415 +/- 0,Backgroundrpf_2x0_par2 = -997.155 +/- 0,Backgroundrpf_2x0_par3 = 0.126304 +/- 0,lumi = -nan +/- 0,n_exp_binpass_LOW_proc_Background_2x0 = 1,r = 2.38807 +/- 0), catParams=()
FASTEXIT from pdf_binpass_LOW_obsOnly
[#0] ERROR:Eval -- RooAbsReal::logEvalError(n_exp_binpass_SIG_proc_Signal_M1000MeV_SR) evaluation error, 
 origin       : ProcessNormalization::n_exp_binpass_SIG_proc_Signal_M1000MeV_SR[ thetaList=(lumi) asymmThetaList=() otherFactorList=(r) ]
 message      : function value is NAN
 server values: thetaList=(lumi = -nan +/- 0), asymmThetaList=(), otherFactorList=(r = 2.38807 +/- 0)
WARNING: underflow to -nan in pdf_binpass_SIG_obsOnly for bin 0, weight 0.172936
[#0] ERROR:Eval -- RooAbsReal::logEvalError(pass_SIG) evaluation error, 
 origin       : RooAbsReal::pass_SIG[ params=(Backgroundfail_SIG_bin_1-1,Backgroundrpf_2x0_par0,Backgroundrpf_2x0_par1,Backgroundrpf_2x0_par2,Backgroundrpf_2x0_par3,lumi,n_exp_binpass_SIG_proc_Background_2x0,r) catParams=() ]
 message      : Number of events is negative or error
 server values: params=(Backgroundfail_SIG_bin_1-1 = 35.7159 +/- 0,Backgroundrpf_2x0_par0 = 0.128968 +/- 0,Backgroundrpf_2x0_par1 = -12.7415 +/- 0,Backgroundrpf_2x0_par2 = -997.155 +/- 0,Backgroundrpf_2x0_par3 = 0.126304 +/- 0,lumi = -nan +/- 0,n_exp_binpass_SIG_proc_Background_2x0 = 1,r = 2.38807 +/- 0), catParams=()
FASTEXIT from pdf_binpass_SIG_obsOnly
[#0] ERROR:Eval -- RooAbsReal::logEvalError(n_exp_binpass_HIGH_proc_Signal_M1000MeV_SR) evaluation error, 
 origin       : ProcessNormalization::n_exp_binpass_HIGH_proc_Signal_M1000MeV_SR[ thetaList=(lumi) asymmThetaList=() otherFactorList=(r) ]
 message      : function value is NAN
 server values: thetaList=(lumi = -nan +/- 0), asymmThetaList=(), otherFactorList=(r = 2.38807 +/- 0)
WARNING: underflow to -nan in pdf_binpass_HIGH_obsOnly for bin 0, weight 0.0147251
[#0] ERROR:Eval -- RooAbsReal::logEvalError(pass_HIGH) evaluation error, 
 origin       : RooAbsReal::pass_HIGH[ params=(Backgroundfail_HIGH_bin_1-1,Backgroundfail_HIGH_bin_2-1,Backgroundrpf_2x0_par0,Backgroundrpf_2x0_par1,Backgroundrpf_2x0_par2,Backgroundrpf_2x0_par3,lumi,n_exp_binpass_HIGH_proc_Background_2x0,r) catParams=() ]
 message      : Number of events is negative or error
 server values: params=(Backgroundfail_HIGH_bin_1-1 = 5.11796 +/- 0,Backgroundfail_HIGH_bin_2-1 = 1.59431 +/- 0,Backgroundrpf_2x0_par0 = 0.128968 +/- 0,Backgroundrpf_2x0_par1 = -12.7415 +/- 0,Backgroundrpf_2x0_par2 = -997.155 +/- 0,Backgroundrpf_2x0_par3 = 0.126304 +/- 0,lumi = -nan +/- 0,n_exp_binpass_HIGH_proc_Background_2x0 = 1,r = 2.38807 +/- 0), catParams=()
FASTEXIT from pdf_binpass_HIGH_obsOnly
[#0] ERROR:Eval -- RooAbsReal::logEvalError(n_exp_binfail_LOW_proc_Signal_M1000MeV_SR) evaluation error, 
 origin       : ProcessNormalization::n_exp_binfail_LOW_proc_Signal_M1000MeV_SR[ thetaList=(lumi) asymmThetaList=() otherFactorList=(r) ]
 message      : function value is NAN
 server values: thetaList=(lumi = -nan +/- 0), asymmThetaList=(), otherFactorList=(r = 2.38807 +/- 0)
WARNING: underflow to -nan in pdf_binfail_LOW_obsOnly for bin 0, weight 26606
[#0] ERROR:Eval -- RooAbsReal::logEvalError(fail_LOW) evaluation error, 
 origin       : RooAbsReal::fail_LOW[ params=(Backgroundfail_LOW_bin_1-1,Backgroundfail_LOW_bin_2-1,lumi,n_exp_binfail_LOW_proc_Background,r) catParams=() ]
 message      : Number of events is negative or error
 server values: params=(Backgroundfail_LOW_bin_1-1 = 26605.6 +/- 0,Backgroundfail_LOW_bin_2-1 = 158.843 +/- 0,lumi = -nan +/- 0,n_exp_binfail_LOW_proc_Background = 1,r = 2.38807 +/- 0), catParams=()
FASTEXIT from pdf_binfail_LOW_obsOnly
[#0] ERROR:Eval -- RooAbsReal::logEvalError(n_exp_binfail_SIG_proc_Signal_M1000MeV_SR) evaluation error, 
 origin       : ProcessNormalization::n_exp_binfail_SIG_proc_Signal_M1000MeV_SR[ thetaList=(lumi) asymmThetaList=() otherFactorList=(r) ]
 message      : function value is NAN
 server values: thetaList=(lumi = -nan +/- 0), asymmThetaList=(), otherFactorList=(r = 2.38807 +/- 0)
WARNING: underflow to -nan in pdf_binfail_SIG_obsOnly for bin 0, weight 37.0297
[#0] ERROR:Eval -- RooAbsReal::logEvalError(fail_SIG) evaluation error, 
 origin       : RooAbsReal::fail_SIG[ params=(Backgroundfail_SIG_bin_1-1,lumi,n_exp_binfail_SIG_proc_Background,r) catParams=() ]
 message      : Number of events is negative or error
 server values: params=(Backgroundfail_SIG_bin_1-1 = 35.7159 +/- 0,lumi = -nan +/- 0,n_exp_binfail_SIG_proc_Background = 1,r = 2.38807 +/- 0), catParams=()
FASTEXIT from pdf_binfail_SIG_obsOnly
[#0] ERROR:Eval -- RooAbsReal::logEvalError(n_exp_binfail_HIGH_proc_Signal_M1000MeV_SR) evaluation error, 
 origin       : ProcessNormalization::n_exp_binfail_HIGH_proc_Signal_M1000MeV_SR[ thetaList=(lumi) asymmThetaList=() otherFactorList=(r) ]
 message      : function value is NAN
 server values: thetaList=(lumi = -nan +/- 0), asymmThetaList=(), otherFactorList=(r = 2.38807 +/- 0)
WARNING: underflow to -nan in pdf_binfail_HIGH_obsOnly for bin 0, weight 6.84588
[#0] ERROR:Eval -- RooAbsReal::logEvalError(fail_HIGH) evaluation error, 
 origin       : RooAbsReal::fail_HIGH[ params=(Backgroundfail_HIGH_bin_1-1,Backgroundfail_HIGH_bin_2-1,lumi,n_exp_binfail_HIGH_proc_Background,r) catParams=() ]
 message      : Number of events is negative or error
 server values: params=(Backgroundfail_HIGH_bin_1-1 = 5.11796 +/- 0,Backgroundfail_HIGH_bin_2-1 = 1.59431 +/- 0,lumi = -nan +/- 0,n_exp_binfail_HIGH_proc_Background = 1,r = 2.38807 +/- 0), catParams=()
FASTEXIT from pdf_binfail_HIGH_obsOnly
[#0] ERROR:Eval -- RooAbsReal::logEvalError() evaluation error, 
 origin       : RooAbsReal::[ params=(lumi,lumi_In,Backgroundfail_LOW_bin_1-1,Backgroundfail_LOW_bin_2-1,Backgroundrpf_2x0_par0,Backgroundrpf_2x0_par1,Backgroundrpf_2x0_par2,Backgroundrpf_2x0_par3,n_exp_binpass_LOW_proc_Background_2x0,r,Backgroundfail_SIG_bin_1-1,n_exp_binpass_SIG_proc_Background_2x0,Backgroundfail_HIGH_bin_1-1,Backgroundfail_HIGH_bin_2-1,n_exp_binpass_HIGH_proc_Background_2x0,n_exp_binfail_LOW_proc_Background,n_exp_binfail_SIG_proc_Background,n_exp_binfail_HIGH_proc_Background) catParams=() ]
 message      : function value is NAN
 server values: params=(lumi = -nan +/- 0,lumi_In = 0,Backgroundfail_LOW_bin_1-1 = 26605.6 +/- 0,Backgroundfail_LOW_bin_2-1 = 158.843 +/- 0,Backgroundrpf_2x0_par0 = 0.128968 +/- 0,Backgroundrpf_2x0_par1 = -12.7415 +/- 0,Backgroundrpf_2x0_par2 = -997.155 +/- 0,Backgroundrpf_2x0_par3 = 0.126304 +/- 0,n_exp_binpass_LOW_proc_Background_2x0 = 1,r = 2.38807 +/- 0,Backgroundfail_SIG_bin_1-1 = 35.7159 +/- 0,n_exp_binpass_SIG_proc_Background_2x0 = 1,Backgroundfail_HIGH_bin_1-1 = 5.11796 +/- 0,Backgroundfail_HIGH_bin_2-1 = 1.59431 +/- 0,n_exp_binpass_HIGH_proc_Background_2x0 = 1,n_exp_binfail_LOW_proc_Background = 1,n_exp_binfail_SIG_proc_Background = 1,n_exp_binfail_HIGH_proc_Background = 1), catParams=()
[#0] ERROR:Eval -- RooAbsReal::logEvalError(n_exp_binpass_LOW_proc_Signal_M1000MeV_SR) evaluation error, 
 origin       : ProcessNormalization::n_exp_binpass_LOW_proc_Signal_M1000MeV_SR[ thetaList=(lumi) asymmThetaList=() otherFactorList=(r) ]
 message      : function value is NAN
 server values: thetaList=(lumi = -nan +/- 0), asymmThetaList=(), otherFactorList=(r = 2.38807 +/- 0)
WARNING: underflow to -nan in pdf_binpass_LOW_obsOnly for bin 0, weight 43.6954
[#0] ERROR:Eval -- RooAbsReal::logEvalError(pass_LOW) evaluation error, 
 origin       : RooAbsReal::pass_LOW[ params=(Backgroundfail_LOW_bin_1-1,Backgroundfail_LOW_bin_2-1,Backgroundrpf_2x0_par0,Backgroundrpf_2x0_par1,Backgroundrpf_2x0_par2,Backgroundrpf_2x0_par3,lumi,n_exp_binpass_LOW_proc_Background_2x0,r) catParams=() ]
 message      : Number of events is negative or error
 server values: params=(Backgroundfail_LOW_bin_1-1 = 26605.6 +/- 0,Backgroundfail_LOW_bin_2-1 = 158.843 +/- 0,Backgroundrpf_2x0_par0 = 0.128968 +/- 0,Backgroundrpf_2x0_par1 = -12.7415 +/- 0,Backgroundrpf_2x0_par2 = -997.155 +/- 0,Backgroundrpf_2x0_par3 = 0.126304 +/- 0,lumi = -nan +/- 0,n_exp_binpass_LOW_proc_Background_2x0 = 1,r = 2.38807 +/- 0), catParams=()
FASTEXIT from pdf_binpass_LOW_obsOnly
[#0] ERROR:Eval -- RooAbsReal::logEvalError(n_exp_binpass_SIG_proc_Signal_M1000MeV_SR) evaluation error, 
 origin       : ProcessNormalization::n_exp_binpass_SIG_proc_Signal_M1000MeV_SR[ thetaList=(lumi) asymmThetaList=() otherFactorList=(r) ]
 message      : function value is NAN
 server values: thetaList=(lumi = -nan +/- 0), asymmThetaList=(), otherFactorList=(r = 2.38807 +/- 0)
WARNING: underflow to -nan in pdf_binpass_SIG_obsOnly for bin 0, weight 0.172936
[#0] ERROR:Eval -- RooAbsReal::logEvalError(pass_SIG) evaluation error, 
 origin       : RooAbsReal::pass_SIG[ params=(Backgroundfail_SIG_bin_1-1,Backgroundrpf_2x0_par0,Backgroundrpf_2x0_par1,Backgroundrpf_2x0_par2,Backgroundrpf_2x0_par3,lumi,n_exp_binpass_SIG_proc_Background_2x0,r) catParams=() ]
 message      : Number of events is negative or error
 server values: params=(Backgroundfail_SIG_bin_1-1 = 35.7159 +/- 0,Backgroundrpf_2x0_par0 = 0.128968 +/- 0,Backgroundrpf_2x0_par1 = -12.7415 +/- 0,Backgroundrpf_2x0_par2 = -997.155 +/- 0,Backgroundrpf_2x0_par3 = 0.126304 +/- 0,lumi = -nan +/- 0,n_exp_binpass_SIG_proc_Background_2x0 = 1,r = 2.38807 +/- 0), catParams=()
FASTEXIT from pdf_binpass_SIG_obsOnly
[#0] ERROR:Eval -- RooAbsReal::logEvalError(n_exp_binpass_HIGH_proc_Signal_M1000MeV_SR) evaluation error, 
 origin       : ProcessNormalization::n_exp_binpass_HIGH_proc_Signal_M1000MeV_SR[ thetaList=(lumi) asymmThetaList=() otherFactorList=(r) ]
 message      : function value is NAN
 server values: thetaList=(lumi = -nan +/- 0), asymmThetaList=(), otherFactorList=(r = 2.38807 +/- 0)
WARNING: underflow to -nan in pdf_binpass_HIGH_obsOnly for bin 0, weight 0.0147251
[#0] ERROR:Eval -- RooAbsReal::logEvalError(pass_HIGH) evaluation error, 
 origin       : RooAbsReal::pass_HIGH[ params=(Backgroundfail_HIGH_bin_1-1,Backgroundfail_HIGH_bin_2-1,Backgroundrpf_2x0_par0,Backgroundrpf_2x0_par1,Backgroundrpf_2x0_par2,Backgroundrpf_2x0_par3,lumi,n_exp_binpass_HIGH_proc_Background_2x0,r) catParams=() ]
 message      : Number of events is negative or error
 server values: params=(Backgroundfail_HIGH_bin_1-1 = 7.16479 +/- 0,Backgroundfail_HIGH_bin_2-1 = 1.59431 +/- 0,Backgroundrpf_2x0_par0 = 0.128968 +/- 0,Backgroundrpf_2x0_par1 = -12.7415 +/- 0,Backgroundrpf_2x0_par2 = -997.155 +/- 0,Backgroundrpf_2x0_par3 = 0.126304 +/- 0,lumi = -nan +/- 0,n_exp_binpass_HIGH_proc_Background_2x0 = 1,r = 2.38807 +/- 0), catParams=()
FASTEXIT from pdf_binpass_HIGH_obsOnly
[#0] ERROR:Eval -- RooAbsReal::logEvalError(n_exp_binfail_LOW_proc_Signal_M1000MeV_SR) evaluation error, 
 origin       : ProcessNormalization::n_exp_binfail_LOW_proc_Signal_M1000MeV_SR[ thetaList=(lumi) asymmThetaList=() otherFactorList=(r) ]
 message      : function value is NAN
 server values: thetaList=(lumi = -nan +/- 0), asymmThetaList=(), otherFactorList=(r = 2.38807 +/- 0)
WARNING: underflow to -nan in pdf_binfail_LOW_obsOnly for bin 0, weight 26606
[#0] ERROR:Eval -- RooAbsReal::logEvalError(fail_LOW) evaluation error, 
 origin       : RooAbsReal::fail_LOW[ params=(Backgroundfail_LOW_bin_1-1,Backgroundfail_LOW_bin_2-1,lumi,n_exp_binfail_LOW_proc_Background,r) catParams=() ]
 message      : Number of events is negative or error
 server values: params=(Backgroundfail_LOW_bin_1-1 = 26605.6 +/- 0,Backgroundfail_LOW_bin_2-1 = 158.843 +/- 0,lumi = -nan +/- 0,n_exp_binfail_LOW_proc_Background = 1,r = 2.38807 +/- 0), catParams=()
FASTEXIT from pdf_binfail_LOW_obsOnly
[#0] ERROR:Eval -- RooAbsReal::logEvalError(n_exp_binfail_SIG_proc_Signal_M1000MeV_SR) evaluation error, 
 origin       : ProcessNormalization::n_exp_binfail_SIG_proc_Signal_M1000MeV_SR[ thetaList=(lumi) asymmThetaList=() otherFactorList=(r) ]
 message      : function value is NAN
 server values: thetaList=(lumi = -nan +/- 0), asymmThetaList=(), otherFactorList=(r = 2.38807 +/- 0)
WARNING: underflow to -nan in pdf_binfail_SIG_obsOnly for bin 0, weight 37.0297
[#0] ERROR:Eval -- RooAbsReal::logEvalError(fail_SIG) evaluation error, 
 origin       : RooAbsReal::fail_SIG[ params=(Backgroundfail_SIG_bin_1-1,lumi,n_exp_binfail_SIG_proc_Background,r) catParams=() ]
 message      : Number of events is negative or error
 server values: params=(Backgroundfail_SIG_bin_1-1 = 35.7159 +/- 0,lumi = -nan +/- 0,n_exp_binfail_SIG_proc_Background = 1,r = 2.38807 +/- 0), catParams=()
FASTEXIT from pdf_binfail_SIG_obsOnly
[#0] ERROR:Eval -- RooAbsReal::logEvalError(n_exp_binfail_HIGH_proc_Signal_M1000MeV_SR) evaluation error, 
 origin       : ProcessNormalization::n_exp_binfail_HIGH_proc_Signal_M1000MeV_SR[ thetaList=(lumi) asymmThetaList=() otherFactorList=(r) ]
 message      : function value is NAN
 server values: thetaList=(lumi = -nan +/- 0), asymmThetaList=(), otherFactorList=(r = 2.38807 +/- 0)
WARNING: underflow to -nan in pdf_binfail_HIGH_obsOnly for bin 0, weight 6.84588
[#0] ERROR:Eval -- RooAbsReal::logEvalError(fail_HIGH) evaluation error, 
 origin       : RooAbsReal::fail_HIGH[ params=(Backgroundfail_HIGH_bin_1-1,Backgroundfail_HIGH_bin_2-1,lumi,n_exp_binfail_HIGH_proc_Background,r) catParams=() ]
 message      : Number of events is negative or error
 server values: params=(Backgroundfail_HIGH_bin_1-1 = 7.16479 +/- 0,Backgroundfail_HIGH_bin_2-1 = 1.59431 +/- 0,lumi = -nan +/- 0,n_exp_binfail_HIGH_proc_Background = 1,r = 2.38807 +/- 0), catParams=()
FASTEXIT from pdf_binfail_HIGH_obsOnly
[#0] ERROR:Eval -- RooAbsReal::logEvalError() evaluation error, 
 origin       : RooAbsReal::[ params=(lumi,lumi_In,Backgroundfail_LOW_bin_1-1,Backgroundfail_LOW_bin_2-1,Backgroundrpf_2x0_par0,Backgroundrpf_2x0_par1,Backgroundrpf_2x0_par2,Backgroundrpf_2x0_par3,n_exp_binpass_LOW_proc_Background_2x0,r,Backgroundfail_SIG_bin_1-1,n_exp_binpass_SIG_proc_Background_2x0,Backgroundfail_HIGH_bin_1-1,Backgroundfail_HIGH_bin_2-1,n_exp_binpass_HIGH_proc_Background_2x0,n_exp_binfail_LOW_proc_Background,n_exp_binfail_SIG_proc_Background,n_exp_binfail_HIGH_proc_Background) catParams=() ]
 message      : function value is NAN
 server values: params=(lumi = -nan +/- 0,lumi_In = 0,Backgroundfail_LOW_bin_1-1 = 26605.6 +/- 0,Backgroundfail_LOW_bin_2-1 = 158.843 +/- 0,Backgroundrpf_2x0_par0 = 0.128968 +/- 0,Backgroundrpf_2x0_par1 = -12.7415 +/- 0,Backgroundrpf_2x0_par2 = -997.155 +/- 0,Backgroundrpf_2x0_par3 = 0.126304 +/- 0,n_exp_binpass_LOW_proc_Background_2x0 = 1,r = 2.38807 +/- 0,Backgroundfail_SIG_bin_1-1 = 35.7159 +/- 0,n_exp_binpass_SIG_proc_Background_2x0 = 1,Backgroundfail_HIGH_bin_1-1 = 7.16479 +/- 0,Backgroundfail_HIGH_bin_2-1 = 1.59431 +/- 0,n_exp_binpass_HIGH_proc_Background_2x0 = 1,n_exp_binfail_LOW_proc_Background = 1,n_exp_binfail_SIG_proc_Background = 1,n_exp_binfail_HIGH_proc_Background = 1), catParams=()
[#0] ERROR:Eval -- RooAbsReal::logEvalError(n_exp_binpass_LOW_proc_Signal_M1000MeV_SR) evaluation error, 
 origin       : ProcessNormalization::n_exp_binpass_LOW_proc_Signal_M1000MeV_SR[ thetaList=(lumi) asymmThetaList=() otherFactorList=(r) ]
 message      : function value is NAN
 server values: thetaList=(lumi = -nan +/- 0), asymmThetaList=(), otherFactorList=(r = 2.38807 +/- 0)
WARNING: underflow to -nan in pdf_binpass_LOW_obsOnly for bin 0, weight 43.6954
[#0] ERROR:Eval -- RooAbsReal::logEvalError(pass_LOW) evaluation error, 
 origin       : RooAbsReal::pass_LOW[ params=(Backgroundfail_LOW_bin_1-1,Backgroundfail_LOW_bin_2-1,Backgroundrpf_2x0_par0,Backgroundrpf_2x0_par1,Backgroundrpf_2x0_par2,Backgroundrpf_2x0_par3,lumi,n_exp_binpass_LOW_proc_Background_2x0,r) catParams=() ]
 message      : Number of events is negative or error
 server values: params=(Backgroundfail_LOW_bin_1-1 = 26605.6 +/- 0,Backgroundfail_LOW_bin_2-1 = 158.843 +/- 0,Backgroundrpf_2x0_par0 = 0.128968 +/- 0,Backgroundrpf_2x0_par1 = -12.7415 +/- 0,Backgroundrpf_2x0_par2 = -997.155 +/- 0,Backgroundrpf_2x0_par3 = 0.126304 +/- 0,lumi = -nan +/- 0,n_exp_binpass_LOW_proc_Background_2x0 = 1,r = 2.38807 +/- 0), catParams=()
FASTEXIT from pdf_binpass_LOW_obsOnly
[#0] ERROR:Eval -- RooAbsReal::logEvalError(n_exp_binpass_SIG_proc_Signal_M1000MeV_SR) evaluation error, 
 origin       : ProcessNormalization::n_exp_binpass_SIG_proc_Signal_M1000MeV_SR[ thetaList=(lumi) asymmThetaList=() otherFactorList=(r) ]
 message      : function value is NAN
 server values: thetaList=(lumi = -nan +/- 0), asymmThetaList=(), otherFactorList=(r = 2.38807 +/- 0)
WARNING: underflow to -nan in pdf_binpass_SIG_obsOnly for bin 0, weight 0.172936
[#0] ERROR:Eval -- RooAbsReal::logEvalError(pass_SIG) evaluation error, 
 origin       : RooAbsReal::pass_SIG[ params=(Backgroundfail_SIG_bin_1-1,Backgroundrpf_2x0_par0,Backgroundrpf_2x0_par1,Backgroundrpf_2x0_par2,Backgroundrpf_2x0_par3,lumi,n_exp_binpass_SIG_proc_Background_2x0,r) catParams=() ]
 message      : Number of events is negative or error
 server values: params=(Backgroundfail_SIG_bin_1-1 = 35.7159 +/- 0,Backgroundrpf_2x0_par0 = 0.128968 +/- 0,Backgroundrpf_2x0_par1 = -12.7415 +/- 0,Backgroundrpf_2x0_par2 = -997.155 +/- 0,Backgroundrpf_2x0_par3 = 0.126304 +/- 0,lumi = -nan +/- 0,n_exp_binpass_SIG_proc_Background_2x0 = 1,r = 2.38807 +/- 0), catParams=()
FASTEXIT from pdf_binpass_SIG_obsOnly
[#0] ERROR:Eval -- RooAbsReal::logEvalError(n_exp_binpass_HIGH_proc_Signal_M1000MeV_SR) evaluation error, 
 origin       : ProcessNormalization::n_exp_binpass_HIGH_proc_Signal_M1000MeV_SR[ thetaList=(lumi) asymmThetaList=() otherFactorList=(r) ]
 message      : function value is NAN
 server values: thetaList=(lumi = -nan +/- 0), asymmThetaList=(), otherFactorList=(r = 2.38807 +/- 0)
WARNING: underflow to -nan in pdf_binpass_HIGH_obsOnly for bin 0, weight 0.0147251
[#0] ERROR:Eval -- RooAbsReal::logEvalError(pass_HIGH) evaluation error, 
 origin       : RooAbsReal::pass_HIGH[ params=(Backgroundfail_HIGH_bin_1-1,Backgroundfail_HIGH_bin_2-1,Backgroundrpf_2x0_par0,Backgroundrpf_2x0_par1,Backgroundrpf_2x0_par2,Backgroundrpf_2x0_par3,lumi,n_exp_binpass_HIGH_proc_Background_2x0,r) catParams=() ]
 message      : Number of events is negative or error
 server values: params=(Backgroundfail_HIGH_bin_1-1 = 5.11796 +/- 0,Backgroundfail_HIGH_bin_2-1 = 1.59431 +/- 0,Backgroundrpf_2x0_par0 = 0.128968 +/- 0,Backgroundrpf_2x0_par1 = -12.7415 +/- 0,Backgroundrpf_2x0_par2 = -997.155 +/- 0,Backgroundrpf_2x0_par3 = 0.126304 +/- 0,lumi = -nan +/- 0,n_exp_binpass_HIGH_proc_Background_2x0 = 1,r = 2.38807 +/- 0), catParams=()
FASTEXIT from pdf_binpass_HIGH_obsOnly
[#0] ERROR:Eval -- RooAbsReal::logEvalError(n_exp_binfail_LOW_proc_Signal_M1000MeV_SR) evaluation error, 
 origin       : ProcessNormalization::n_exp_binfail_LOW_proc_Signal_M1000MeV_SR[ thetaList=(lumi) asymmThetaList=() otherFactorList=(r) ]
 message      : function value is NAN
 server values: thetaList=(lumi = -nan +/- 0), asymmThetaList=(), otherFactorList=(r = 2.38807 +/- 0)
WARNING: underflow to -nan in pdf_binfail_LOW_obsOnly for bin 0, weight 26606
[#0] ERROR:Eval -- RooAbsReal::logEvalError(fail_LOW) evaluation error, 
 origin       : RooAbsReal::fail_LOW[ params=(Backgroundfail_LOW_bin_1-1,Backgroundfail_LOW_bin_2-1,lumi,n_exp_binfail_LOW_proc_Background,r) catParams=() ]
 message      : Number of events is negative or error
 server values: params=(Backgroundfail_LOW_bin_1-1 = 26605.6 +/- 0,Backgroundfail_LOW_bin_2-1 = 158.843 +/- 0,lumi = -nan +/- 0,n_exp_binfail_LOW_proc_Background = 1,r = 2.38807 +/- 0), catParams=()
FASTEXIT from pdf_binfail_LOW_obsOnly
[#0] ERROR:Eval -- RooAbsReal::logEvalError(n_exp_binfail_SIG_proc_Signal_M1000MeV_SR) evaluation error, 
 origin       : ProcessNormalization::n_exp_binfail_SIG_proc_Signal_M1000MeV_SR[ thetaList=(lumi) asymmThetaList=() otherFactorList=(r) ]
 message      : function value is NAN
 server values: thetaList=(lumi = -nan +/- 0), asymmThetaList=(), otherFactorList=(r = 2.38807 +/- 0)
WARNING: underflow to -nan in pdf_binfail_SIG_obsOnly for bin 0, weight 37.0297
[#0] ERROR:Eval -- RooAbsReal::logEvalError(fail_SIG) evaluation error, 
 origin       : RooAbsReal::fail_SIG[ params=(Backgroundfail_SIG_bin_1-1,lumi,n_exp_binfail_SIG_proc_Background,r) catParams=() ]
 message      : Number of events is negative or error
 server values: params=(Backgroundfail_SIG_bin_1-1 = 35.7159 +/- 0,lumi = -nan +/- 0,n_exp_binfail_SIG_proc_Background = 1,r = 2.38807 +/- 0), catParams=()
FASTEXIT from pdf_binfail_SIG_obsOnly
[#0] ERROR:Eval -- RooAbsReal::logEvalError(n_exp_binfail_HIGH_proc_Signal_M1000MeV_SR) evaluation error, 
 origin       : ProcessNormalization::n_exp_binfail_HIGH_proc_Signal_M1000MeV_SR[ thetaList=(lumi) asymmThetaList=() otherFactorList=(r) ]
 message      : function value is NAN
 server values: thetaList=(lumi = -nan +/- 0), asymmThetaList=(), otherFactorList=(r = 2.38807 +/- 0)
WARNING: underflow to -nan in pdf_binfail_HIGH_obsOnly for bin 0, weight 6.84588
[#0] ERROR:Eval -- RooAbsReal::logEvalError(fail_HIGH) evaluation error, 
 origin       : RooAbsReal::fail_HIGH[ params=(Backgroundfail_HIGH_bin_1-1,Backgroundfail_HIGH_bin_2-1,lumi,n_exp_binfail_HIGH_proc_Background,r) catParams=() ]
 message      : Number of events is negative or error
 server values: params=(Backgroundfail_HIGH_bin_1-1 = 5.11796 +/- 0,Backgroundfail_HIGH_bin_2-1 = 1.59431 +/- 0,lumi = -nan +/- 0,n_exp_binfail_HIGH_proc_Background = 1,r = 2.38807 +/- 0), catParams=()
FASTEXIT from pdf_binfail_HIGH_obsOnly
[#0] ERROR:Eval -- RooAbsReal::logEvalError() evaluation error, 
 origin       : RooAbsReal::[ params=(lumi,lumi_In,Backgroundfail_LOW_bin_1-1,Backgroundfail_LOW_bin_2-1,Backgroundrpf_2x0_par0,Backgroundrpf_2x0_par1,Backgroundrpf_2x0_par2,Backgroundrpf_2x0_par3,n_exp_binpass_LOW_proc_Background_2x0,r,Backgroundfail_SIG_bin_1-1,n_exp_binpass_SIG_proc_Background_2x0,Backgroundfail_HIGH_bin_1-1,Backgroundfail_HIGH_bin_2-1,n_exp_binpass_HIGH_proc_Background_2x0,n_exp_binfail_LOW_proc_Background,n_exp_binfail_SIG_proc_Background,n_exp_binfail_HIGH_proc_Background) catParams=() ]
 message      : function value is NAN
 server values: params=(lumi = -nan +/- 0,lumi_In = 0,Backgroundfail_LOW_bin_1-1 = 26605.6 +/- 0,Backgroundfail_LOW_bin_2-1 = 158.843 +/- 0,Backgroundrpf_2x0_par0 = 0.128968 +/- 0,Backgroundrpf_2x0_par1 = -12.7415 +/- 0,Backgroundrpf_2x0_par2 = -997.155 +/- 0,Backgroundrpf_2x0_par3 = 0.126304 +/- 0,n_exp_binpass_LOW_proc_Background_2x0 = 1,r = 2.38807 +/- 0,Backgroundfail_SIG_bin_1-1 = 35.7159 +/- 0,n_exp_binpass_SIG_proc_Background_2x0 = 1,Backgroundfail_HIGH_bin_1-1 = 5.11796 +/- 0,Backgroundfail_HIGH_bin_2-1 = 1.59431 +/- 0,n_exp_binpass_HIGH_proc_Background_2x0 = 1,n_exp_binfail_LOW_proc_Background = 1,n_exp_binfail_SIG_proc_Background = 1,n_exp_binfail_HIGH_proc_Background = 1), catParams=()
[#0] ERROR:Eval -- RooAbsReal::logEvalError(n_exp_binpass_LOW_proc_Signal_M1000MeV_SR) evaluation error, 
 origin       : ProcessNormalization::n_exp_binpass_LOW_proc_Signal_M1000MeV_SR[ thetaList=(lumi) asymmThetaList=() otherFactorList=(r) ]
 message      : function value is NAN
 server values: thetaList=(lumi = -nan +/- 0), asymmThetaList=(), otherFactorList=(r = 2.38807 +/- 0)
WARNING: underflow to -nan in pdf_binpass_LOW_obsOnly for bin 0, weight 43.6954
[#0] ERROR:Eval -- RooAbsReal::logEvalError(pass_LOW) evaluation error, 
 origin       : RooAbsReal::pass_LOW[ params=(Backgroundfail_LOW_bin_1-1,Backgroundfail_LOW_bin_2-1,Backgroundrpf_2x0_par0,Backgroundrpf_2x0_par1,Backgroundrpf_2x0_par2,Backgroundrpf_2x0_par3,lumi,n_exp_binpass_LOW_proc_Background_2x0,r) catParams=() ]
 message      : Number of events is negative or error
 server values: params=(Backgroundfail_LOW_bin_1-1 = 26605.6 +/- 0,Backgroundfail_LOW_bin_2-1 = 158.843 +/- 0,Backgroundrpf_2x0_par0 = 0.128968 +/- 0,Backgroundrpf_2x0_par1 = -12.7415 +/- 0,Backgroundrpf_2x0_par2 = -997.155 +/- 0,Backgroundrpf_2x0_par3 = 0.126304 +/- 0,lumi = -nan +/- 0,n_exp_binpass_LOW_proc_Background_2x0 = 1,r = 2.38807 +/- 0), catParams=()
FASTEXIT from pdf_binpass_LOW_obsOnly
[#0] ERROR:Eval -- RooAbsReal::logEvalError(n_exp_binpass_SIG_proc_Signal_M1000MeV_SR) evaluation error, 
 origin       : ProcessNormalization::n_exp_binpass_SIG_proc_Signal_M1000MeV_SR[ thetaList=(lumi) asymmThetaList=() otherFactorList=(r) ]
 message      : function value is NAN
 server values: thetaList=(lumi = -nan +/- 0), asymmThetaList=(), otherFactorList=(r = 2.38807 +/- 0)
WARNING: underflow to -nan in pdf_binpass_SIG_obsOnly for bin 0, weight 0.172936
[#0] ERROR:Eval -- RooAbsReal::logEvalError(pass_SIG) evaluation error, 
 origin       : RooAbsReal::pass_SIG[ params=(Backgroundfail_SIG_bin_1-1,Backgroundrpf_2x0_par0,Backgroundrpf_2x0_par1,Backgroundrpf_2x0_par2,Backgroundrpf_2x0_par3,lumi,n_exp_binpass_SIG_proc_Background_2x0,r) catParams=() ]
 message      : Number of events is negative or error
 server values: params=(Backgroundfail_SIG_bin_1-1 = 35.7159 +/- 0,Backgroundrpf_2x0_par0 = 0.128968 +/- 0,Backgroundrpf_2x0_par1 = -12.7415 +/- 0,Backgroundrpf_2x0_par2 = -997.155 +/- 0,Backgroundrpf_2x0_par3 = 0.126304 +/- 0,lumi = -nan +/- 0,n_exp_binpass_SIG_proc_Background_2x0 = 1,r = 2.38807 +/- 0), catParams=()
FASTEXIT from pdf_binpass_SIG_obsOnly
[#0] ERROR:Eval -- RooAbsReal::logEvalError(n_exp_binpass_HIGH_proc_Signal_M1000MeV_SR) evaluation error, 
 origin       : ProcessNormalization::n_exp_binpass_HIGH_proc_Signal_M1000MeV_SR[ thetaList=(lumi) asymmThetaList=() otherFactorList=(r) ]
 message      : function value is NAN
 server values: thetaList=(lumi = -nan +/- 0), asymmThetaList=(), otherFactorList=(r = 2.38807 +/- 0)
WARNING: underflow to -nan in pdf_binpass_HIGH_obsOnly for bin 0, weight 0.0147251
[#0] ERROR:Eval -- RooAbsReal::logEvalError(pass_HIGH) evaluation error, 
 origin       : RooAbsReal::pass_HIGH[ params=(Backgroundfail_HIGH_bin_1-1,Backgroundfail_HIGH_bin_2-1,Backgroundrpf_2x0_par0,Backgroundrpf_2x0_par1,Backgroundrpf_2x0_par2,Backgroundrpf_2x0_par3,lumi,n_exp_binpass_HIGH_proc_Background_2x0,r) catParams=() ]
 message      : Number of events is negative or error
 server values: params=(Backgroundfail_HIGH_bin_1-1 = 7.16479 +/- 0,Backgroundfail_HIGH_bin_2-1 = 1.59431 +/- 0,Backgroundrpf_2x0_par0 = 0.128968 +/- 0,Backgroundrpf_2x0_par1 = -12.7415 +/- 0,Backgroundrpf_2x0_par2 = -997.155 +/- 0,Backgroundrpf_2x0_par3 = 0.126304 +/- 0,lumi = -nan +/- 0,n_exp_binpass_HIGH_proc_Background_2x0 = 1,r = 2.38807 +/- 0), catParams=()
FASTEXIT from pdf_binpass_HIGH_obsOnly
[#0] ERROR:Eval -- RooAbsReal::logEvalError(n_exp_binfail_LOW_proc_Signal_M1000MeV_SR) evaluation error, 
 origin       : ProcessNormalization::n_exp_binfail_LOW_proc_Signal_M1000MeV_SR[ thetaList=(lumi) asymmThetaList=() otherFactorList=(r) ]
 message      : function value is NAN
 server values: thetaList=(lumi = -nan +/- 0), asymmThetaList=(), otherFactorList=(r = 2.38807 +/- 0)
WARNING: underflow to -nan in pdf_binfail_LOW_obsOnly for bin 0, weight 26606
[#0] ERROR:Eval -- RooAbsReal::logEvalError(fail_LOW) evaluation error, 
 origin       : RooAbsReal::fail_LOW[ params=(Backgroundfail_LOW_bin_1-1,Backgroundfail_LOW_bin_2-1,lumi,n_exp_binfail_LOW_proc_Background,r) catParams=() ]
 message      : Number of events is negative or error
 server values: params=(Backgroundfail_LOW_bin_1-1 = 26605.6 +/- 0,Backgroundfail_LOW_bin_2-1 = 158.843 +/- 0,lumi = -nan +/- 0,n_exp_binfail_LOW_proc_Background = 1,r = 2.38807 +/- 0), catParams=()
FASTEXIT from pdf_binfail_LOW_obsOnly
[#0] ERROR:Eval -- RooAbsReal::logEvalError(n_exp_binfail_SIG_proc_Signal_M1000MeV_SR) evaluation error, 
 origin       : ProcessNormalization::n_exp_binfail_SIG_proc_Signal_M1000MeV_SR[ thetaList=(lumi) asymmThetaList=() otherFactorList=(r) ]
 message      : function value is NAN
 server values: thetaList=(lumi = -nan +/- 0), asymmThetaList=(), otherFactorList=(r = 2.38807 +/- 0)
WARNING: underflow to -nan in pdf_binfail_SIG_obsOnly for bin 0, weight 37.0297
[#0] ERROR:Eval -- RooAbsReal::logEvalError(fail_SIG) evaluation error, 
 origin       : RooAbsReal::fail_SIG[ params=(Backgroundfail_SIG_bin_1-1,lumi,n_exp_binfail_SIG_proc_Background,r) catParams=() ]
 message      : Number of events is negative or error
 server values: params=(Backgroundfail_SIG_bin_1-1 = 35.7159 +/- 0,lumi = -nan +/- 0,n_exp_binfail_SIG_proc_Background = 1,r = 2.38807 +/- 0), catParams=()
FASTEXIT from pdf_binfail_SIG_obsOnly
[#0] ERROR:Eval -- RooAbsReal::logEvalError(n_exp_binfail_HIGH_proc_Signal_M1000MeV_SR) evaluation error, 
 origin       : ProcessNormalization::n_exp_binfail_HIGH_proc_Signal_M1000MeV_SR[ thetaList=(lumi) asymmThetaList=() otherFactorList=(r) ]
 message      : function value is NAN
 server values: thetaList=(lumi = -nan +/- 0), asymmThetaList=(), otherFactorList=(r = 2.38807 +/- 0)
WARNING: underflow to -nan in pdf_binfail_HIGH_obsOnly for bin 0, weight 6.84588
[#0] ERROR:Eval -- RooAbsReal::logEvalError(fail_HIGH) evaluation error, 
 origin       : RooAbsReal::fail_HIGH[ params=(Backgroundfail_HIGH_bin_1-1,Backgroundfail_HIGH_bin_2-1,lumi,n_exp_binfail_HIGH_proc_Background,r) catParams=() ]
 message      : Number of events is negative or error
 server values: params=(Backgroundfail_HIGH_bin_1-1 = 7.16479 +/- 0,Backgroundfail_HIGH_bin_2-1 = 1.59431 +/- 0,lumi = -nan +/- 0,n_exp_binfail_HIGH_proc_Background = 1,r = 2.38807 +/- 0), catParams=()
FASTEXIT from pdf_binfail_HIGH_obsOnly
[#0] ERROR:Eval -- RooAbsReal::logEvalError() evaluation error, 
 origin       : RooAbsReal::[ params=(lumi,lumi_In,Backgroundfail_LOW_bin_1-1,Backgroundfail_LOW_bin_2-1,Backgroundrpf_2x0_par0,Backgroundrpf_2x0_par1,Backgroundrpf_2x0_par2,Backgroundrpf_2x0_par3,n_exp_binpass_LOW_proc_Background_2x0,r,Backgroundfail_SIG_bin_1-1,n_exp_binpass_SIG_proc_Background_2x0,Backgroundfail_HIGH_bin_1-1,Backgroundfail_HIGH_bin_2-1,n_exp_binpass_HIGH_proc_Background_2x0,n_exp_binfail_LOW_proc_Background,n_exp_binfail_SIG_proc_Background,n_exp_binfail_HIGH_proc_Background) catParams=() ]
 message      : function value is NAN
 server values: params=(lumi = -nan +/- 0,lumi_In = 0,Backgroundfail_LOW_bin_1-1 = 26605.6 +/- 0,Backgroundfail_LOW_bin_2-1 = 158.843 +/- 0,Backgroundrpf_2x0_par0 = 0.128968 +/- 0,Backgroundrpf_2x0_par1 = -12.7415 +/- 0,Backgroundrpf_2x0_par2 = -997.155 +/- 0,Backgroundrpf_2x0_par3 = 0.126304 +/- 0,n_exp_binpass_LOW_proc_Background_2x0 = 1,r = 2.38807 +/- 0,Backgroundfail_SIG_bin_1-1 = 35.7159 +/- 0,n_exp_binpass_SIG_proc_Background_2x0 = 1,Backgroundfail_HIGH_bin_1-1 = 7.16479 +/- 0,Backgroundfail_HIGH_bin_2-1 = 1.59431 +/- 0,n_exp_binpass_HIGH_proc_Background_2x0 = 1,n_exp_binfail_LOW_proc_Background = 1,n_exp_binfail_SIG_proc_Background = 1,n_exp_binfail_HIGH_proc_Background = 1), catParams=()
[#0] ERROR:Eval -- RooAbsReal::logEvalError(n_exp_binpass_LOW_proc_Signal_M1000MeV_SR) evaluation error, 
 origin       : ProcessNormalization::n_exp_binpass_LOW_proc_Signal_M1000MeV_SR[ thetaList=(lumi) asymmThetaList=() otherFactorList=(r) ]
 message      : function value is NAN
 server values: thetaList=(lumi = -nan +/- 0), asymmThetaList=(), otherFactorList=(r = 2.38807 +/- 0)
WARNING: underflow to -nan in pdf_binpass_LOW_obsOnly for bin 0, weight 43.6954
[#0] ERROR:Eval -- RooAbsReal::logEvalError(pass_LOW) evaluation error, 
 origin       : RooAbsReal::pass_LOW[ params=(Backgroundfail_LOW_bin_1-1,Backgroundfail_LOW_bin_2-1,Backgroundrpf_2x0_par0,Backgroundrpf_2x0_par1,Backgroundrpf_2x0_par2,Backgroundrpf_2x0_par3,lumi,n_exp_binpass_LOW_proc_Background_2x0,r) catParams=() ]
 message      : Number of events is negative or error
 server values: params=(Backgroundfail_LOW_bin_1-1 = 26605.6 +/- 0,Backgroundfail_LOW_bin_2-1 = 158.843 +/- 0,Backgroundrpf_2x0_par0 = 0.128968 +/- 0,Backgroundrpf_2x0_par1 = -12.7415 +/- 0,Backgroundrpf_2x0_par2 = -997.155 +/- 0,Backgroundrpf_2x0_par3 = 0.126304 +/- 0,lumi = -nan +/- 0,n_exp_binpass_LOW_proc_Background_2x0 = 1,r = 2.38807 +/- 0), catParams=()
FASTEXIT from pdf_binpass_LOW_obsOnly
[#0] ERROR:Eval -- RooAbsReal::logEvalError(n_exp_binpass_SIG_proc_Signal_M1000MeV_SR) evaluation error, 
 origin       : ProcessNormalization::n_exp_binpass_SIG_proc_Signal_M1000MeV_SR[ thetaList=(lumi) asymmThetaList=() otherFactorList=(r) ]
 message      : function value is NAN
 server values: thetaList=(lumi = -nan +/- 0), asymmThetaList=(), otherFactorList=(r = 2.38807 +/- 0)
WARNING: underflow to -nan in pdf_binpass_SIG_obsOnly for bin 0, weight 0.172936
[#0] ERROR:Eval -- RooAbsReal::logEvalError(pass_SIG) evaluation error, 
 origin       : RooAbsReal::pass_SIG[ params=(Backgroundfail_SIG_bin_1-1,Backgroundrpf_2x0_par0,Backgroundrpf_2x0_par1,Backgroundrpf_2x0_par2,Backgroundrpf_2x0_par3,lumi,n_exp_binpass_SIG_proc_Background_2x0,r) catParams=() ]
 message      : Number of events is negative or error
 server values: params=(Backgroundfail_SIG_bin_1-1 = 35.7159 +/- 0,Backgroundrpf_2x0_par0 = 0.128968 +/- 0,Backgroundrpf_2x0_par1 = -12.7415 +/- 0,Backgroundrpf_2x0_par2 = -997.155 +/- 0,Backgroundrpf_2x0_par3 = 0.126304 +/- 0,lumi = -nan +/- 0,n_exp_binpass_SIG_proc_Background_2x0 = 1,r = 2.38807 +/- 0), catParams=()
FASTEXIT from pdf_binpass_SIG_obsOnly
[#0] ERROR:Eval -- RooAbsReal::logEvalError(n_exp_binpass_HIGH_proc_Signal_M1000MeV_SR) evaluation error, 
 origin       : ProcessNormalization::n_exp_binpass_HIGH_proc_Signal_M1000MeV_SR[ thetaList=(lumi) asymmThetaList=() otherFactorList=(r) ]
 message      : function value is NAN
 server values: thetaList=(lumi = -nan +/- 0), asymmThetaList=(), otherFactorList=(r = 2.38807 +/- 0)
WARNING: underflow to -nan in pdf_binpass_HIGH_obsOnly for bin 0, weight 0.0147251
[#0] ERROR:Eval -- RooAbsReal::logEvalError(pass_HIGH) evaluation error, 
 origin       : RooAbsReal::pass_HIGH[ params=(Backgroundfail_HIGH_bin_1-1,Backgroundfail_HIGH_bin_2-1,Backgroundrpf_2x0_par0,Backgroundrpf_2x0_par1,Backgroundrpf_2x0_par2,Backgroundrpf_2x0_par3,lumi,n_exp_binpass_HIGH_proc_Background_2x0,r) catParams=() ]
 message      : Number of events is negative or error
 server values: params=(Backgroundfail_HIGH_bin_1-1 = 6.21111 +/- 0,Backgroundfail_HIGH_bin_2-1 = 1.00761 +/- 0,Backgroundrpf_2x0_par0 = 0.128968 +/- 0,Backgroundrpf_2x0_par1 = -12.7415 +/- 0,Backgroundrpf_2x0_par2 = -997.155 +/- 0,Backgroundrpf_2x0_par3 = 0.126304 +/- 0,lumi = -nan +/- 0,n_exp_binpass_HIGH_proc_Background_2x0 = 1,r = 2.38807 +/- 0), catParams=()
FASTEXIT from pdf_binpass_HIGH_obsOnly
[#0] ERROR:Eval -- RooAbsReal::logEvalError(n_exp_binfail_LOW_proc_Signal_M1000MeV_SR) evaluation error, 
 origin       : ProcessNormalization::n_exp_binfail_LOW_proc_Signal_M1000MeV_SR[ thetaList=(lumi) asymmThetaList=() otherFactorList=(r) ]
 message      : function value is NAN
 server values: thetaList=(lumi = -nan +/- 0), asymmThetaList=(), otherFactorList=(r = 2.38807 +/- 0)
WARNING: underflow to -nan in pdf_binfail_LOW_obsOnly for bin 0, weight 26606
[#0] ERROR:Eval -- RooAbsReal::logEvalError(fail_LOW) evaluation error, 
 origin       : RooAbsReal::fail_LOW[ params=(Backgroundfail_LOW_bin_1-1,Backgroundfail_LOW_bin_2-1,lumi,n_exp_binfail_LOW_proc_Background,r) catParams=() ]
 message      : Number of events is negative or error
 server values: params=(Backgroundfail_LOW_bin_1-1 = 26605.6 +/- 0,Backgroundfail_LOW_bin_2-1 = 158.843 +/- 0,lumi = -nan +/- 0,n_exp_binfail_LOW_proc_Background = 1,r = 2.38807 +/- 0), catParams=()
FASTEXIT from pdf_binfail_LOW_obsOnly
[#0] ERROR:Eval -- RooAbsReal::logEvalError(n_exp_binfail_SIG_proc_Signal_M1000MeV_SR) evaluation error, 
 origin       : ProcessNormalization::n_exp_binfail_SIG_proc_Signal_M1000MeV_SR[ thetaList=(lumi) asymmThetaList=() otherFactorList=(r) ]
 message      : function value is NAN
 server values: thetaList=(lumi = -nan +/- 0), asymmThetaList=(), otherFactorList=(r = 2.38807 +/- 0)
WARNING: underflow to -nan in pdf_binfail_SIG_obsOnly for bin 0, weight 37.0297
[#0] ERROR:Eval -- RooAbsReal::logEvalError(fail_SIG) evaluation error, 
 origin       : RooAbsReal::fail_SIG[ params=(Backgroundfail_SIG_bin_1-1,lumi,n_exp_binfail_SIG_proc_Background,r) catParams=() ]
 message      : Number of events is negative or error
 server values: params=(Backgroundfail_SIG_bin_1-1 = 35.7159 +/- 0,lumi = -nan +/- 0,n_exp_binfail_SIG_proc_Background = 1,r = 2.38807 +/- 0), catParams=()
FASTEXIT from pdf_binfail_SIG_obsOnly
[#0] ERROR:Eval -- RooAbsReal::logEvalError(n_exp_binfail_HIGH_proc_Signal_M1000MeV_SR) evaluation error, 
 origin       : ProcessNormalization::n_exp_binfail_HIGH_proc_Signal_M1000MeV_SR[ thetaList=(lumi) asymmThetaList=() otherFactorList=(r) ]
 message      : function value is NAN
 server values: thetaList=(lumi = -nan +/- 0), asymmThetaList=(), otherFactorList=(r = 2.38807 +/- 0)
WARNING: underflow to -nan in pdf_binfail_HIGH_obsOnly for bin 0, weight 6.84588
[#0] ERROR:Eval -- RooAbsReal::logEvalError(fail_HIGH) evaluation error, 
 origin       : RooAbsReal::fail_HIGH[ params=(Backgroundfail_HIGH_bin_1-1,Backgroundfail_HIGH_bin_2-1,lumi,n_exp_binfail_HIGH_proc_Background,r) catParams=() ]
 message      : Number of events is negative or error
 server values: params=(Backgroundfail_HIGH_bin_1-1 = 6.21111 +/- 0,Backgroundfail_HIGH_bin_2-1 = 1.00761 +/- 0,lumi = -nan +/- 0,n_exp_binfail_HIGH_proc_Background = 1,r = 2.38807 +/- 0), catParams=()
FASTEXIT from pdf_binfail_HIGH_obsOnly
[#0] ERROR:Eval -- RooAbsReal::logEvalError() evaluation error, 
 origin       : RooAbsReal::[ params=(lumi,lumi_In,Backgroundfail_LOW_bin_1-1,Backgroundfail_LOW_bin_2-1,Backgroundrpf_2x0_par0,Backgroundrpf_2x0_par1,Backgroundrpf_2x0_par2,Backgroundrpf_2x0_par3,n_exp_binpass_LOW_proc_Background_2x0,r,Backgroundfail_SIG_bin_1-1,n_exp_binpass_SIG_proc_Background_2x0,Backgroundfail_HIGH_bin_1-1,Backgroundfail_HIGH_bin_2-1,n_exp_binpass_HIGH_proc_Background_2x0,n_exp_binfail_LOW_proc_Background,n_exp_binfail_SIG_proc_Background,n_exp_binfail_HIGH_proc_Background) catParams=() ]
 message      : function value is NAN
 server values: params=(lumi = -nan +/- 0,lumi_In = 0,Backgroundfail_LOW_bin_1-1 = 26605.6 +/- 0,Backgroundfail_LOW_bin_2-1 = 158.843 +/- 0,Backgroundrpf_2x0_par0 = 0.128968 +/- 0,Backgroundrpf_2x0_par1 = -12.7415 +/- 0,Backgroundrpf_2x0_par2 = -997.155 +/- 0,Backgroundrpf_2x0_par3 = 0.126304 +/- 0,n_exp_binpass_LOW_proc_Background_2x0 = 1,r = 2.38807 +/- 0,Backgroundfail_SIG_bin_1-1 = 35.7159 +/- 0,n_exp_binpass_SIG_proc_Background_2x0 = 1,Backgroundfail_HIGH_bin_1-1 = 6.21111 +/- 0,Backgroundfail_HIGH_bin_2-1 = 1.00761 +/- 0,n_exp_binpass_HIGH_proc_Background_2x0 = 1,n_exp_binfail_LOW_proc_Background = 1,n_exp_binfail_SIG_proc_Background = 1,n_exp_binfail_HIGH_proc_Background = 1), catParams=()
[#0] ERROR:Eval -- RooAbsReal::logEvalError(n_exp_binpass_LOW_proc_Signal_M1000MeV_SR) evaluation error, 
 origin       : ProcessNormalization::n_exp_binpass_LOW_proc_Signal_M1000MeV_SR[ thetaList=(lumi) asymmThetaList=() otherFactorList=(r) ]
 message      : function value is NAN
 server values: thetaList=(lumi = -nan +/- 0), asymmThetaList=(), otherFactorList=(r = 2.38807 +/- 0)
WARNING: underflow to -nan in pdf_binpass_LOW_obsOnly for bin 0, weight 43.6954
[#0] ERROR:Eval -- RooAbsReal::logEvalError(pass_LOW) evaluation error, 
 origin       : RooAbsReal::pass_LOW[ params=(Backgroundfail_LOW_bin_1-1,Backgroundfail_LOW_bin_2-1,Backgroundrpf_2x0_par0,Backgroundrpf_2x0_par1,Backgroundrpf_2x0_par2,Backgroundrpf_2x0_par3,lumi,n_exp_binpass_LOW_proc_Background_2x0,r) catParams=() ]
 message      : Number of events is negative or error
 server values: params=(Backgroundfail_LOW_bin_1-1 = 26605.6 +/- 0,Backgroundfail_LOW_bin_2-1 = 158.843 +/- 0,Backgroundrpf_2x0_par0 = 0.128968 +/- 0,Backgroundrpf_2x0_par1 = -12.7415 +/- 0,Backgroundrpf_2x0_par2 = -997.155 +/- 0,Backgroundrpf_2x0_par3 = 0.126304 +/- 0,lumi = -nan +/- 0,n_exp_binpass_LOW_proc_Background_2x0 = 1,r = 2.38807 +/- 0), catParams=()
FASTEXIT from pdf_binpass_LOW_obsOnly
[#0] ERROR:Eval -- RooAbsReal::logEvalError(n_exp_binpass_SIG_proc_Signal_M1000MeV_SR) evaluation error, 
 origin       : ProcessNormalization::n_exp_binpass_SIG_proc_Signal_M1000MeV_SR[ thetaList=(lumi) asymmThetaList=() otherFactorList=(r) ]
 message      : function value is NAN
 server values: thetaList=(lumi = -nan +/- 0), asymmThetaList=(), otherFactorList=(r = 2.38807 +/- 0)
WARNING: underflow to -nan in pdf_binpass_SIG_obsOnly for bin 0, weight 0.172936
[#0] ERROR:Eval -- RooAbsReal::logEvalError(pass_SIG) evaluation error, 
 origin       : RooAbsReal::pass_SIG[ params=(Backgroundfail_SIG_bin_1-1,Backgroundrpf_2x0_par0,Backgroundrpf_2x0_par1,Backgroundrpf_2x0_par2,Backgroundrpf_2x0_par3,lumi,n_exp_binpass_SIG_proc_Background_2x0,r) catParams=() ]
 message      : Number of events is negative or error
 server values: params=(Backgroundfail_SIG_bin_1-1 = 35.7159 +/- 0,Backgroundrpf_2x0_par0 = 0.128968 +/- 0,Backgroundrpf_2x0_par1 = -12.7415 +/- 0,Backgroundrpf_2x0_par2 = -997.155 +/- 0,Backgroundrpf_2x0_par3 = 0.126304 +/- 0,lumi = -nan +/- 0,n_exp_binpass_SIG_proc_Background_2x0 = 1,r = 2.38807 +/- 0), catParams=()
FASTEXIT from pdf_binpass_SIG_obsOnly
[#0] ERROR:Eval -- RooAbsReal::logEvalError(n_exp_binpass_HIGH_proc_Signal_M1000MeV_SR) evaluation error, 
 origin       : ProcessNormalization::n_exp_binpass_HIGH_proc_Signal_M1000MeV_SR[ thetaList=(lumi) asymmThetaList=() otherFactorList=(r) ]
 message      : function value is NAN
 server values: thetaList=(lumi = -nan +/- 0), asymmThetaList=(), otherFactorList=(r = 2.38807 +/- 0)
WARNING: underflow to -nan in pdf_binpass_HIGH_obsOnly for bin 0, weight 0.0147251
[#0] ERROR:Eval -- RooAbsReal::logEvalError(pass_HIGH) evaluation error, 
 origin       : RooAbsReal::pass_HIGH[ params=(Backgroundfail_HIGH_bin_1-1,Backgroundfail_HIGH_bin_2-1,Backgroundrpf_2x0_par0,Backgroundrpf_2x0_par1,Backgroundrpf_2x0_par2,Backgroundrpf_2x0_par3,lumi,n_exp_binpass_HIGH_proc_Background_2x0,r) catParams=() ]
 message      : Number of events is negative or error
 server values: params=(Backgroundfail_HIGH_bin_1-1 = 6.21111 +/- 0,Backgroundfail_HIGH_bin_2-1 = 2.54799 +/- 0,Backgroundrpf_2x0_par0 = 0.128968 +/- 0,Backgroundrpf_2x0_par1 = -12.7415 +/- 0,Backgroundrpf_2x0_par2 = -997.155 +/- 0,Backgroundrpf_2x0_par3 = 0.126304 +/- 0,lumi = -nan +/- 0,n_exp_binpass_HIGH_proc_Background_2x0 = 1,r = 2.38807 +/- 0), catParams=()
FASTEXIT from pdf_binpass_HIGH_obsOnly
[#0] ERROR:Eval -- RooAbsReal::logEvalError(n_exp_binfail_LOW_proc_Signal_M1000MeV_SR) evaluation error, 
 origin       : ProcessNormalization::n_exp_binfail_LOW_proc_Signal_M1000MeV_SR[ thetaList=(lumi) asymmThetaList=() otherFactorList=(r) ]
 message      : function value is NAN
 server values: thetaList=(lumi = -nan +/- 0), asymmThetaList=(), otherFactorList=(r = 2.38807 +/- 0)
WARNING: underflow to -nan in pdf_binfail_LOW_obsOnly for bin 0, weight 26606
[#0] ERROR:Eval -- RooAbsReal::logEvalError(fail_LOW) evaluation error, 
 origin       : RooAbsReal::fail_LOW[ params=(Backgroundfail_LOW_bin_1-1,Backgroundfail_LOW_bin_2-1,lumi,n_exp_binfail_LOW_proc_Background,r) catParams=() ]
 message      : Number of events is negative or error
 server values: params=(Backgroundfail_LOW_bin_1-1 = 26605.6 +/- 0,Backgroundfail_LOW_bin_2-1 = 158.843 +/- 0,lumi = -nan +/- 0,n_exp_binfail_LOW_proc_Background = 1,r = 2.38807 +/- 0), catParams=()
FASTEXIT from pdf_binfail_LOW_obsOnly
[#0] ERROR:Eval -- RooAbsReal::logEvalError(n_exp_binfail_SIG_proc_Signal_M1000MeV_SR) evaluation error, 
 origin       : ProcessNormalization::n_exp_binfail_SIG_proc_Signal_M1000MeV_SR[ thetaList=(lumi) asymmThetaList=() otherFactorList=(r) ]
 message      : function value is NAN
 server values: thetaList=(lumi = -nan +/- 0), asymmThetaList=(), otherFactorList=(r = 2.38807 +/- 0)
WARNING: underflow to -nan in pdf_binfail_SIG_obsOnly for bin 0, weight 37.0297
[#0] ERROR:Eval -- RooAbsReal::logEvalError(fail_SIG) evaluation error, 
 origin       : RooAbsReal::fail_SIG[ params=(Backgroundfail_SIG_bin_1-1,lumi,n_exp_binfail_SIG_proc_Background,r) catParams=() ]
 message      : Number of events is negative or error
 server values: params=(Backgroundfail_SIG_bin_1-1 = 35.7159 +/- 0,lumi = -nan +/- 0,n_exp_binfail_SIG_proc_Background = 1,r = 2.38807 +/- 0), catParams=()
FASTEXIT from pdf_binfail_SIG_obsOnly
[#0] ERROR:Eval -- RooAbsReal::logEvalError(n_exp_binfail_HIGH_proc_Signal_M1000MeV_SR) evaluation error, 
 origin       : ProcessNormalization::n_exp_binfail_HIGH_proc_Signal_M1000MeV_SR[ thetaList=(lumi) asymmThetaList=() otherFactorList=(r) ]
 message      : function value is NAN
 server values: thetaList=(lumi = -nan +/- 0), asymmThetaList=(), otherFactorList=(r = 2.38807 +/- 0)
WARNING: underflow to -nan in pdf_binfail_HIGH_obsOnly for bin 0, weight 6.84588
[#0] ERROR:Eval -- RooAbsReal::logEvalError(fail_HIGH) evaluation error, 
 origin       : RooAbsReal::fail_HIGH[ params=(Backgroundfail_HIGH_bin_1-1,Backgroundfail_HIGH_bin_2-1,lumi,n_exp_binfail_HIGH_proc_Background,r) catParams=() ]
 message      : Number of events is negative or error
 server values: params=(Backgroundfail_HIGH_bin_1-1 = 6.21111 +/- 0,Backgroundfail_HIGH_bin_2-1 = 2.54799 +/- 0,lumi = -nan +/- 0,n_exp_binfail_HIGH_proc_Background = 1,r = 2.38807 +/- 0), catParams=()
FASTEXIT from pdf_binfail_HIGH_obsOnly
[#0] ERROR:Eval -- RooAbsReal::logEvalError() evaluation error, 
 origin       : RooAbsReal::[ params=(lumi,lumi_In,Backgroundfail_LOW_bin_1-1,Backgroundfail_LOW_bin_2-1,Backgroundrpf_2x0_par0,Backgroundrpf_2x0_par1,Backgroundrpf_2x0_par2,Backgroundrpf_2x0_par3,n_exp_binpass_LOW_proc_Background_2x0,r,Backgroundfail_SIG_bin_1-1,n_exp_binpass_SIG_proc_Background_2x0,Backgroundfail_HIGH_bin_1-1,Backgroundfail_HIGH_bin_2-1,n_exp_binpass_HIGH_proc_Background_2x0,n_exp_binfail_LOW_proc_Background,n_exp_binfail_SIG_proc_Background,n_exp_binfail_HIGH_proc_Background) catParams=() ]
 message      : function value is NAN
 server values: params=(lumi = -nan +/- 0,lumi_In = 0,Backgroundfail_LOW_bin_1-1 = 26605.6 +/- 0,Backgroundfail_LOW_bin_2-1 = 158.843 +/- 0,Backgroundrpf_2x0_par0 = 0.128968 +/- 0,Backgroundrpf_2x0_par1 = -12.7415 +/- 0,Backgroundrpf_2x0_par2 = -997.155 +/- 0,Backgroundrpf_2x0_par3 = 0.126304 +/- 0,n_exp_binpass_LOW_proc_Background_2x0 = 1,r = 2.38807 +/- 0,Backgroundfail_SIG_bin_1-1 = 35.7159 +/- 0,n_exp_binpass_SIG_proc_Background_2x0 = 1,Backgroundfail_HIGH_bin_1-1 = 6.21111 +/- 0,Backgroundfail_HIGH_bin_2-1 = 2.54799 +/- 0,n_exp_binpass_HIGH_proc_Background_2x0 = 1,n_exp_binfail_LOW_proc_Background = 1,n_exp_binfail_SIG_proc_Background = 1,n_exp_binfail_HIGH_proc_Background = 1), catParams=()
[#0] ERROR:Eval -- RooAbsReal::logEvalError(n_exp_binpass_LOW_proc_Signal_M1000MeV_SR) evaluation error, 
 origin       : ProcessNormalization::n_exp_binpass_LOW_proc_Signal_M1000MeV_SR[ thetaList=(lumi) asymmThetaList=() otherFactorList=(r) ]
 message      : function value is NAN
 server values: thetaList=(lumi = -nan +/- 0), asymmThetaList=(), otherFactorList=(r = 2.38807 +/- 0)
WARNING: underflow to -nan in pdf_binpass_LOW_obsOnly for bin 0, weight 43.6954
[#0] ERROR:Eval -- RooAbsReal::logEvalError(pass_LOW) evaluation error, 
 origin       : RooAbsReal::pass_LOW[ params=(Backgroundfail_LOW_bin_1-1,Backgroundfail_LOW_bin_2-1,Backgroundrpf_2x0_par0,Backgroundrpf_2x0_par1,Backgroundrpf_2x0_par2,Backgroundrpf_2x0_par3,lumi,n_exp_binpass_LOW_proc_Background_2x0,r) catParams=() ]
 message      : Number of events is negative or error
 server values: params=(Backgroundfail_LOW_bin_1-1 = 26605.6 +/- 0,Backgroundfail_LOW_bin_2-1 = 158.843 +/- 0,Backgroundrpf_2x0_par0 = 0.128968 +/- 0,Backgroundrpf_2x0_par1 = -12.7415 +/- 0,Backgroundrpf_2x0_par2 = -997.155 +/- 0,Backgroundrpf_2x0_par3 = 0.126304 +/- 0,lumi = -nan +/- 0,n_exp_binpass_LOW_proc_Background_2x0 = 1,r = 2.38807 +/- 0), catParams=()
FASTEXIT from pdf_binpass_LOW_obsOnly
[#0] ERROR:Eval -- RooAbsReal::logEvalError(n_exp_binpass_SIG_proc_Signal_M1000MeV_SR) evaluation error, 
 origin       : ProcessNormalization::n_exp_binpass_SIG_proc_Signal_M1000MeV_SR[ thetaList=(lumi) asymmThetaList=() otherFactorList=(r) ]
 message      : function value is NAN
 server values: thetaList=(lumi = -nan +/- 0), asymmThetaList=(), otherFactorList=(r = 2.38807 +/- 0)
WARNING: underflow to -nan in pdf_binpass_SIG_obsOnly for bin 0, weight 0.172936
[#0] ERROR:Eval -- RooAbsReal::logEvalError(pass_SIG) evaluation error, 
 origin       : RooAbsReal::pass_SIG[ params=(Backgroundfail_SIG_bin_1-1,Backgroundrpf_2x0_par0,Backgroundrpf_2x0_par1,Backgroundrpf_2x0_par2,Backgroundrpf_2x0_par3,lumi,n_exp_binpass_SIG_proc_Background_2x0,r) catParams=() ]
 message      : Number of events is negative or error
 server values: params=(Backgroundfail_SIG_bin_1-1 = 35.7159 +/- 0,Backgroundrpf_2x0_par0 = 0.128968 +/- 0,Backgroundrpf_2x0_par1 = -12.7415 +/- 0,Backgroundrpf_2x0_par2 = -997.155 +/- 0,Backgroundrpf_2x0_par3 = 0.126304 +/- 0,lumi = -nan +/- 0,n_exp_binpass_SIG_proc_Background_2x0 = 1,r = 2.38807 +/- 0), catParams=()
FASTEXIT from pdf_binpass_SIG_obsOnly
[#0] ERROR:Eval -- RooAbsReal::logEvalError(n_exp_binpass_HIGH_proc_Signal_M1000MeV_SR) evaluation error, 
 origin       : ProcessNormalization::n_exp_binpass_HIGH_proc_Signal_M1000MeV_SR[ thetaList=(lumi) asymmThetaList=() otherFactorList=(r) ]
 message      : function value is NAN
 server values: thetaList=(lumi = -nan +/- 0), asymmThetaList=(), otherFactorList=(r = 2.38807 +/- 0)
WARNING: underflow to -nan in pdf_binpass_HIGH_obsOnly for bin 0, weight 0.0147251
[#0] ERROR:Eval -- RooAbsReal::logEvalError(pass_HIGH) evaluation error, 
 origin       : RooAbsReal::pass_HIGH[ params=(Backgroundfail_HIGH_bin_1-1,Backgroundfail_HIGH_bin_2-1,Backgroundrpf_2x0_par0,Backgroundrpf_2x0_par1,Backgroundrpf_2x0_par2,Backgroundrpf_2x0_par3,lumi,n_exp_binpass_HIGH_proc_Background_2x0,r) catParams=() ]
 message      : Number of events is negative or error
 server values: params=(Backgroundfail_HIGH_bin_1-1 = 6.21111 +/- 0,Backgroundfail_HIGH_bin_2-1 = 1.00761 +/- 0,Backgroundrpf_2x0_par0 = 0.128968 +/- 0,Backgroundrpf_2x0_par1 = -12.7415 +/- 0,Backgroundrpf_2x0_par2 = -997.155 +/- 0,Backgroundrpf_2x0_par3 = 0.126304 +/- 0,lumi = -nan +/- 0,n_exp_binpass_HIGH_proc_Background_2x0 = 1,r = 2.38807 +/- 0), catParams=()
FASTEXIT from pdf_binpass_HIGH_obsOnly
[#0] ERROR:Eval -- RooAbsReal::logEvalError(n_exp_binfail_LOW_proc_Signal_M1000MeV_SR) evaluation error, 
 origin       : ProcessNormalization::n_exp_binfail_LOW_proc_Signal_M1000MeV_SR[ thetaList=(lumi) asymmThetaList=() otherFactorList=(r) ]
 message      : function value is NAN
 server values: thetaList=(lumi = -nan +/- 0), asymmThetaList=(), otherFactorList=(r = 2.38807 +/- 0)
WARNING: underflow to -nan in pdf_binfail_LOW_obsOnly for bin 0, weight 26606
[#0] ERROR:Eval -- RooAbsReal::logEvalError(fail_LOW) evaluation error, 
 origin       : RooAbsReal::fail_LOW[ params=(Backgroundfail_LOW_bin_1-1,Backgroundfail_LOW_bin_2-1,lumi,n_exp_binfail_LOW_proc_Background,r) catParams=() ]
 message      : Number of events is negative or error
 server values: params=(Backgroundfail_LOW_bin_1-1 = 26605.6 +/- 0,Backgroundfail_LOW_bin_2-1 = 158.843 +/- 0,lumi = -nan +/- 0,n_exp_binfail_LOW_proc_Background = 1,r = 2.38807 +/- 0), catParams=()
FASTEXIT from pdf_binfail_LOW_obsOnly
[#0] ERROR:Eval -- RooAbsReal::logEvalError(n_exp_binfail_SIG_proc_Signal_M1000MeV_SR) evaluation error, 
 origin       : ProcessNormalization::n_exp_binfail_SIG_proc_Signal_M1000MeV_SR[ thetaList=(lumi) asymmThetaList=() otherFactorList=(r) ]
 message      : function value is NAN
 server values: thetaList=(lumi = -nan +/- 0), asymmThetaList=(), otherFactorList=(r = 2.38807 +/- 0)
WARNING: underflow to -nan in pdf_binfail_SIG_obsOnly for bin 0, weight 37.0297
[#0] ERROR:Eval -- RooAbsReal::logEvalError(fail_SIG) evaluation error, 
 origin       : RooAbsReal::fail_SIG[ params=(Backgroundfail_SIG_bin_1-1,lumi,n_exp_binfail_SIG_proc_Background,r) catParams=() ]
 message      : Number of events is negative or error
 server values: params=(Backgroundfail_SIG_bin_1-1 = 35.7159 +/- 0,lumi = -nan +/- 0,n_exp_binfail_SIG_proc_Background = 1,r = 2.38807 +/- 0), catParams=()
FASTEXIT from pdf_binfail_SIG_obsOnly
[#0] ERROR:Eval -- RooAbsReal::logEvalError(n_exp_binfail_HIGH_proc_Signal_M1000MeV_SR) evaluation error, 
 origin       : ProcessNormalization::n_exp_binfail_HIGH_proc_Signal_M1000MeV_SR[ thetaList=(lumi) asymmThetaList=() otherFactorList=(r) ]
 message      : function value is NAN
 server values: thetaList=(lumi = -nan +/- 0), asymmThetaList=(), otherFactorList=(r = 2.38807 +/- 0)
WARNING: underflow to -nan in pdf_binfail_HIGH_obsOnly for bin 0, weight 6.84588
[#0] ERROR:Eval -- RooAbsReal::logEvalError(fail_HIGH) evaluation error, 
 origin       : RooAbsReal::fail_HIGH[ params=(Backgroundfail_HIGH_bin_1-1,Backgroundfail_HIGH_bin_2-1,lumi,n_exp_binfail_HIGH_proc_Background,r) catParams=() ]
 message      : Number of events is negative or error
 server values: params=(Backgroundfail_HIGH_bin_1-1 = 6.21111 +/- 0,Backgroundfail_HIGH_bin_2-1 = 1.00761 +/- 0,lumi = -nan +/- 0,n_exp_binfail_HIGH_proc_Background = 1,r = 2.38807 +/- 0), catParams=()
FASTEXIT from pdf_binfail_HIGH_obsOnly
[#0] ERROR:Eval -- RooAbsReal::logEvalError() evaluation error, 
 origin       : RooAbsReal::[ params=(lumi,lumi_In,Backgroundfail_LOW_bin_1-1,Backgroundfail_LOW_bin_2-1,Backgroundrpf_2x0_par0,Backgroundrpf_2x0_par1,Backgroundrpf_2x0_par2,Backgroundrpf_2x0_par3,n_exp_binpass_LOW_proc_Background_2x0,r,Backgroundfail_SIG_bin_1-1,n_exp_binpass_SIG_proc_Background_2x0,Backgroundfail_HIGH_bin_1-1,Backgroundfail_HIGH_bin_2-1,n_exp_binpass_HIGH_proc_Background_2x0,n_exp_binfail_LOW_proc_Background,n_exp_binfail_SIG_proc_Background,n_exp_binfail_HIGH_proc_Background) catParams=() ]
 message      : function value is NAN
 server values: params=(lumi = -nan +/- 0,lumi_In = 0,Backgroundfail_LOW_bin_1-1 = 26605.6 +/- 0,Backgroundfail_LOW_bin_2-1 = 158.843 +/- 0,Backgroundrpf_2x0_par0 = 0.128968 +/- 0,Backgroundrpf_2x0_par1 = -12.7415 +/- 0,Backgroundrpf_2x0_par2 = -997.155 +/- 0,Backgroundrpf_2x0_par3 = 0.126304 +/- 0,n_exp_binpass_LOW_proc_Background_2x0 = 1,r = 2.38807 +/- 0,Backgroundfail_SIG_bin_1-1 = 35.7159 +/- 0,n_exp_binpass_SIG_proc_Background_2x0 = 1,Backgroundfail_HIGH_bin_1-1 = 6.21111 +/- 0,Backgroundfail_HIGH_bin_2-1 = 1.00761 +/- 0,n_exp_binpass_HIGH_proc_Background_2x0 = 1,n_exp_binfail_LOW_proc_Background = 1,n_exp_binfail_SIG_proc_Background = 1,n_exp_binfail_HIGH_proc_Background = 1), catParams=()
[#0] ERROR:Eval -- RooAbsReal::logEvalError(n_exp_binpass_LOW_proc_Signal_M1000MeV_SR) evaluation error, 
 origin       : ProcessNormalization::n_exp_binpass_LOW_proc_Signal_M1000MeV_SR[ thetaList=(lumi) asymmThetaList=() otherFactorList=(r) ]
 message      : function value is NAN
 server values: thetaList=(lumi = -nan +/- 0), asymmThetaList=(), otherFactorList=(r = 2.38807 +/- 0)
WARNING: underflow to -nan in pdf_binpass_LOW_obsOnly for bin 0, weight 43.6954
[#0] ERROR:Eval -- RooAbsReal::logEvalError(pass_LOW) evaluation error, 
 origin       : RooAbsReal::pass_LOW[ params=(Backgroundfail_LOW_bin_1-1,Backgroundfail_LOW_bin_2-1,Backgroundrpf_2x0_par0,Backgroundrpf_2x0_par1,Backgroundrpf_2x0_par2,Backgroundrpf_2x0_par3,lumi,n_exp_binpass_LOW_proc_Background_2x0,r) catParams=() ]
 message      : Number of events is negative or error
 server values: params=(Backgroundfail_LOW_bin_1-1 = 26605.6 +/- 0,Backgroundfail_LOW_bin_2-1 = 158.843 +/- 0,Backgroundrpf_2x0_par0 = 0.128968 +/- 0,Backgroundrpf_2x0_par1 = -12.7415 +/- 0,Backgroundrpf_2x0_par2 = -997.155 +/- 0,Backgroundrpf_2x0_par3 = 0.126304 +/- 0,lumi = -nan +/- 0,n_exp_binpass_LOW_proc_Background_2x0 = 1,r = 2.38807 +/- 0), catParams=()
FASTEXIT from pdf_binpass_LOW_obsOnly
[#0] ERROR:Eval -- RooAbsReal::logEvalError(n_exp_binpass_SIG_proc_Signal_M1000MeV_SR) evaluation error, 
 origin       : ProcessNormalization::n_exp_binpass_SIG_proc_Signal_M1000MeV_SR[ thetaList=(lumi) asymmThetaList=() otherFactorList=(r) ]
 message      : function value is NAN
 server values: thetaList=(lumi = -nan +/- 0), asymmThetaList=(), otherFactorList=(r = 2.38807 +/- 0)
WARNING: underflow to -nan in pdf_binpass_SIG_obsOnly for bin 0, weight 0.172936
[#0] ERROR:Eval -- RooAbsReal::logEvalError(pass_SIG) evaluation error, 
 origin       : RooAbsReal::pass_SIG[ params=(Backgroundfail_SIG_bin_1-1,Backgroundrpf_2x0_par0,Backgroundrpf_2x0_par1,Backgroundrpf_2x0_par2,Backgroundrpf_2x0_par3,lumi,n_exp_binpass_SIG_proc_Background_2x0,r) catParams=() ]
 message      : Number of events is negative or error
 server values: params=(Backgroundfail_SIG_bin_1-1 = 35.7159 +/- 0,Backgroundrpf_2x0_par0 = 0.128968 +/- 0,Backgroundrpf_2x0_par1 = -12.7415 +/- 0,Backgroundrpf_2x0_par2 = -997.155 +/- 0,Backgroundrpf_2x0_par3 = 0.126304 +/- 0,lumi = -nan +/- 0,n_exp_binpass_SIG_proc_Background_2x0 = 1,r = 2.38807 +/- 0), catParams=()
FASTEXIT from pdf_binpass_SIG_obsOnly
[#0] ERROR:Eval -- RooAbsReal::logEvalError(n_exp_binpass_HIGH_proc_Signal_M1000MeV_SR) evaluation error, 
 origin       : ProcessNormalization::n_exp_binpass_HIGH_proc_Signal_M1000MeV_SR[ thetaList=(lumi) asymmThetaList=() otherFactorList=(r) ]
 message      : function value is NAN
 server values: thetaList=(lumi = -nan +/- 0), asymmThetaList=(), otherFactorList=(r = 2.38807 +/- 0)
WARNING: underflow to -nan in pdf_binpass_HIGH_obsOnly for bin 0, weight 0.0147251
[#0] ERROR:Eval -- RooAbsReal::logEvalError(pass_HIGH) evaluation error, 
 origin       : RooAbsReal::pass_HIGH[ params=(Backgroundfail_HIGH_bin_1-1,Backgroundfail_HIGH_bin_2-1,Backgroundrpf_2x0_par0,Backgroundrpf_2x0_par1,Backgroundrpf_2x0_par2,Backgroundrpf_2x0_par3,lumi,n_exp_binpass_HIGH_proc_Background_2x0,r) catParams=() ]
 message      : Number of events is negative or error
 server values: params=(Backgroundfail_HIGH_bin_1-1 = 6.21111 +/- 0,Backgroundfail_HIGH_bin_2-1 = 2.54799 +/- 0,Backgroundrpf_2x0_par0 = 0.128968 +/- 0,Backgroundrpf_2x0_par1 = -12.7415 +/- 0,Backgroundrpf_2x0_par2 = -997.155 +/- 0,Backgroundrpf_2x0_par3 = 0.126304 +/- 0,lumi = -nan +/- 0,n_exp_binpass_HIGH_proc_Background_2x0 = 1,r = 2.38807 +/- 0), catParams=()
FASTEXIT from pdf_binpass_HIGH_obsOnly
[#0] ERROR:Eval -- RooAbsReal::logEvalError(n_exp_binfail_LOW_proc_Signal_M1000MeV_SR) evaluation error, 
 origin       : ProcessNormalization::n_exp_binfail_LOW_proc_Signal_M1000MeV_SR[ thetaList=(lumi) asymmThetaList=() otherFactorList=(r) ]
 message      : function value is NAN
 server values: thetaList=(lumi = -nan +/- 0), asymmThetaList=(), otherFactorList=(r = 2.38807 +/- 0)
WARNING: underflow to -nan in pdf_binfail_LOW_obsOnly for bin 0, weight 26606
[#0] ERROR:Eval -- RooAbsReal::logEvalError(fail_LOW) evaluation error, 
 origin       : RooAbsReal::fail_LOW[ params=(Backgroundfail_LOW_bin_1-1,Backgroundfail_LOW_bin_2-1,lumi,n_exp_binfail_LOW_proc_Background,r) catParams=() ]
 message      : Number of events is negative or error
 server values: params=(Backgroundfail_LOW_bin_1-1 = 26605.6 +/- 0,Backgroundfail_LOW_bin_2-1 = 158.843 +/- 0,lumi = -nan +/- 0,n_exp_binfail_LOW_proc_Background = 1,r = 2.38807 +/- 0), catParams=()
FASTEXIT from pdf_binfail_LOW_obsOnly
[#0] ERROR:Eval -- RooAbsReal::logEvalError(n_exp_binfail_SIG_proc_Signal_M1000MeV_SR) evaluation error, 
 origin       : ProcessNormalization::n_exp_binfail_SIG_proc_Signal_M1000MeV_SR[ thetaList=(lumi) asymmThetaList=() otherFactorList=(r) ]
 message      : function value is NAN
 server values: thetaList=(lumi = -nan +/- 0), asymmThetaList=(), otherFactorList=(r = 2.38807 +/- 0)
WARNING: underflow to -nan in pdf_binfail_SIG_obsOnly for bin 0, weight 37.0297
[#0] ERROR:Eval -- RooAbsReal::logEvalError(fail_SIG) evaluation error, 
 origin       : RooAbsReal::fail_SIG[ params=(Backgroundfail_SIG_bin_1-1,lumi,n_exp_binfail_SIG_proc_Background,r) catParams=() ]
 message      : Number of events is negative or error
 server values: params=(Backgroundfail_SIG_bin_1-1 = 35.7159 +/- 0,lumi = -nan +/- 0,n_exp_binfail_SIG_proc_Background = 1,r = 2.38807 +/- 0), catParams=()
FASTEXIT from pdf_binfail_SIG_obsOnly
[#0] ERROR:Eval -- RooAbsReal::logEvalError(n_exp_binfail_HIGH_proc_Signal_M1000MeV_SR) evaluation error, 
 origin       : ProcessNormalization::n_exp_binfail_HIGH_proc_Signal_M1000MeV_SR[ thetaList=(lumi) asymmThetaList=() otherFactorList=(r) ]
 message      : function value is NAN
 server values: thetaList=(lumi = -nan +/- 0), asymmThetaList=(), otherFactorList=(r = 2.38807 +/- 0)
WARNING: underflow to -nan in pdf_binfail_HIGH_obsOnly for bin 0, weight 6.84588
[#0] ERROR:Eval -- RooAbsReal::logEvalError(fail_HIGH) evaluation error, 
 origin       : RooAbsReal::fail_HIGH[ params=(Backgroundfail_HIGH_bin_1-1,Backgroundfail_HIGH_bin_2-1,lumi,n_exp_binfail_HIGH_proc_Background,r) catParams=() ]
 message      : Number of events is negative or error
 server values: params=(Backgroundfail_HIGH_bin_1-1 = 6.21111 +/- 0,Backgroundfail_HIGH_bin_2-1 = 2.54799 +/- 0,lumi = -nan +/- 0,n_exp_binfail_HIGH_proc_Background = 1,r = 2.38807 +/- 0), catParams=()
FASTEXIT from pdf_binfail_HIGH_obsOnly
[#0] ERROR:Eval -- RooAbsReal::logEvalError() evaluation error, 
 origin       : RooAbsReal::[ params=(lumi,lumi_In,Backgroundfail_LOW_bin_1-1,Backgroundfail_LOW_bin_2-1,Backgroundrpf_2x0_par0,Backgroundrpf_2x0_par1,Backgroundrpf_2x0_par2,Backgroundrpf_2x0_par3,n_exp_binpass_LOW_proc_Background_2x0,r,Backgroundfail_SIG_bin_1-1,n_exp_binpass_SIG_proc_Background_2x0,Backgroundfail_HIGH_bin_1-1,Backgroundfail_HIGH_bin_2-1,n_exp_binpass_HIGH_proc_Background_2x0,n_exp_binfail_LOW_proc_Background,n_exp_binfail_SIG_proc_Background,n_exp_binfail_HIGH_proc_Background) catParams=() ]
 message      : function value is NAN
 server values: params=(lumi = -nan +/- 0,lumi_In = 0,Backgroundfail_LOW_bin_1-1 = 26605.6 +/- 0,Backgroundfail_LOW_bin_2-1 = 158.843 +/- 0,Backgroundrpf_2x0_par0 = 0.128968 +/- 0,Backgroundrpf_2x0_par1 = -12.7415 +/- 0,Backgroundrpf_2x0_par2 = -997.155 +/- 0,Backgroundrpf_2x0_par3 = 0.126304 +/- 0,n_exp_binpass_LOW_proc_Background_2x0 = 1,r = 2.38807 +/- 0,Backgroundfail_SIG_bin_1-1 = 35.7159 +/- 0,n_exp_binpass_SIG_proc_Background_2x0 = 1,Backgroundfail_HIGH_bin_1-1 = 6.21111 +/- 0,Backgroundfail_HIGH_bin_2-1 = 2.54799 +/- 0,n_exp_binpass_HIGH_proc_Background_2x0 = 1,n_exp_binfail_LOW_proc_Background = 1,n_exp_binfail_SIG_proc_Background = 1,n_exp_binfail_HIGH_proc_Background = 1), catParams=()
>> Verifying eigenvalues are all positive (iteration 0)
>> All eigenvalues are positive
>> Inverting Hessian...
>> Matrix inverted
>> Note: the following parameters were dropped as their ranges are either too narrow or the parameter has no effect on the NLL:
     - Backgroundrpf_2x0_par2
Fit S+B, status = 300, numBadNLL = 0, covariance quality = -1

 --- FitDiagnostics ---
Best fit r: 2.38807  0/+0  (68% CL)
Done in 0.00 min (cpu), 0.00 min (real)
21 log messages saved to combine_logger.out
