AsimovUtils.cc[22] : (in function: asimovDatasetNominal) - Parameters after fit for asimov dataset
AsimovUtils.cc[26] : (in function: asimovDatasetNominal) - Backgroundfail_HIGH_bin_1-1 = 3561.7 
AsimovUtils.cc[26] : (in function: asimovDatasetNominal) - Backgroundfail_HIGH_bin_2-1 = 1513.1 
AsimovUtils.cc[26] : (in function: asimovDatasetNominal) - Backgroundfail_LOW_bin_1-1 = 1.60042e+07 
AsimovUtils.cc[26] : (in function: asimovDatasetNominal) - Backgroundfail_LOW_bin_2-1 = 95176.6 
AsimovUtils.cc[26] : (in function: asimovDatasetNominal) - Backgroundfail_SIG_bin_1-1 = 16980.7 
AsimovUtils.cc[26] : (in function: asimovDatasetNominal) - Backgroundrpf_2x0_par0 = 0.1 
AsimovUtils.cc[26] : (in function: asimovDatasetNominal) - Backgroundrpf_2x0_par1 = 0.1 
AsimovUtils.cc[26] : (in function: asimovDatasetNominal) - Backgroundrpf_2x0_par2 = 0.1 
AsimovUtils.cc[26] : (in function: asimovDatasetNominal) - Backgroundrpf_2x0_par3 = 0.1 
AsimovUtils.cc[26] : (in function: asimovDatasetNominal) - CMS_channel = 5 
AsimovUtils.cc[26] : (in function: asimovDatasetNominal) - N_default = 5 
AsimovUtils.cc[26] : (in function: asimovDatasetNominal) - lumi = 0 
AsimovUtils.cc[26] : (in function: asimovDatasetNominal) - lumi_In = 0 (constant)
AsimovUtils.cc[26] : (in function: asimovDatasetNominal) - n_exp_binfail_HIGH_proc_Background = 1 (constant)
AsimovUtils.cc[26] : (in function: asimovDatasetNominal) - n_exp_binfail_LOW_proc_Background = 1 (constant)
AsimovUtils.cc[26] : (in function: asimovDatasetNominal) - n_exp_binfail_SIG_proc_Background = 1 (constant)
AsimovUtils.cc[26] : (in function: asimovDatasetNominal) - n_exp_binpass_HIGH_proc_Background_2x0 = 1 (constant)
AsimovUtils.cc[26] : (in function: asimovDatasetNominal) - n_exp_binpass_LOW_proc_Background_2x0 = 1 (constant)
AsimovUtils.cc[26] : (in function: asimovDatasetNominal) - n_exp_binpass_SIG_proc_Background_2x0 = 1 (constant)
AsimovUtils.cc[26] : (in function: asimovDatasetNominal) - pT_HIGH_default = 590 
AsimovUtils.cc[26] : (in function: asimovDatasetNominal) - pT_LOW_default = 30 
AsimovUtils.cc[26] : (in function: asimovDatasetNominal) - pT_SIG_default = 65 
AsimovUtils.cc[26] : (in function: asimovDatasetNominal) - r = 0 (constant)
ToyMCSamplerOpt.cc[146] : (in function: generateAsimov) - Using internal logic for binned/unbinned Asimov dataset generation
ToyMCSamplerOpt.cc[214] : (in function: generateWithHisto) - Generating asimov with histogram for pdf pdf_binpass_LOW_obsOnly: in 2 x-bins
ToyMCSamplerOpt.cc[215] : (in function: generateWithHisto) -  , in 1 y-bins
ToyMCSamplerOpt.cc[146] : (in function: generateAsimov) - Using internal logic for binned/unbinned Asimov dataset generation
ToyMCSamplerOpt.cc[214] : (in function: generateWithHisto) - Generating asimov with histogram for pdf pdf_binpass_SIG_obsOnly: in 1 x-bins
ToyMCSamplerOpt.cc[215] : (in function: generateWithHisto) -  , in 1 y-bins
ToyMCSamplerOpt.cc[146] : (in function: generateAsimov) - Using internal logic for binned/unbinned Asimov dataset generation
ToyMCSamplerOpt.cc[214] : (in function: generateWithHisto) - Generating asimov with histogram for pdf pdf_binpass_HIGH_obsOnly: in 2 x-bins
ToyMCSamplerOpt.cc[215] : (in function: generateWithHisto) -  , in 1 y-bins
ToyMCSamplerOpt.cc[146] : (in function: generateAsimov) - Using internal logic for binned/unbinned Asimov dataset generation
ToyMCSamplerOpt.cc[214] : (in function: generateWithHisto) - Generating asimov with histogram for pdf pdf_binfail_LOW_obsOnly: in 2 x-bins
ToyMCSamplerOpt.cc[215] : (in function: generateWithHisto) -  , in 1 y-bins
ToyMCSamplerOpt.cc[146] : (in function: generateAsimov) - Using internal logic for binned/unbinned Asimov dataset generation
ToyMCSamplerOpt.cc[214] : (in function: generateWithHisto) - Generating asimov with histogram for pdf pdf_binfail_SIG_obsOnly: in 1 x-bins
ToyMCSamplerOpt.cc[215] : (in function: generateWithHisto) -  , in 1 y-bins
ToyMCSamplerOpt.cc[146] : (in function: generateAsimov) - Using internal logic for binned/unbinned Asimov dataset generation
ToyMCSamplerOpt.cc[214] : (in function: generateWithHisto) - Generating asimov with histogram for pdf pdf_binfail_HIGH_obsOnly: in 2 x-bins
ToyMCSamplerOpt.cc[215] : (in function: generateWithHisto) -  , in 1 y-bins
CascadeMinimizer.cc[188] : (in function: improveOnce) - Minimization configured with Type=Minuit2, Algo=Migrad, strategy=0, tolerance=0.1
CascadeMinimizer.cc[215] : (in function: improveOnce) - Minimization finished with status=0
CascadeMinimizer.cc[219] : (in function: improveOnce) - Minimization success! status=0
AsymptoticLimits.cc[415] : (in function: runLimitExpected) - [WARNING] Best fit of asimov dataset is at r = 0.154413 (0.007721 times rMax), while it should be at zero
AsymptoticLimits.cc[534] : (in function: findExpectedLimitFromCrossing) - Will search for NLL crossing by stepping
CascadeMinimizer.cc[188] : (in function: improveOnce) - Minimization configured with Type=Minuit2, Algo=Migrad, strategy=0, tolerance=0.1
CascadeMinimizer.cc[215] : (in function: improveOnce) - Minimization finished with status=0
CascadeMinimizer.cc[219] : (in function: improveOnce) - Minimization success! status=0
AsymptoticLimits.cc[552] : (in function: findExpectedLimitFromCrossing) - At r = 1.000000:	delta(nll) = 0.00001

CascadeMinimizer.cc[188] : (in function: improveOnce) - Minimization configured with Type=Minuit2, Algo=Migrad, strategy=0, tolerance=0.1
CascadeMinimizer.cc[215] : (in function: improveOnce) - Minimization finished with status=0
CascadeMinimizer.cc[219] : (in function: improveOnce) - Minimization success! status=0
AsymptoticLimits.cc[552] : (in function: findExpectedLimitFromCrossing) - At r = 2.000000:	delta(nll) = 0.00004

CascadeMinimizer.cc[188] : (in function: improveOnce) - Minimization configured with Type=Minuit2, Algo=Migrad, strategy=0, tolerance=0.1
CascadeMinimizer.cc[215] : (in function: improveOnce) - Minimization finished with status=0
CascadeMinimizer.cc[219] : (in function: improveOnce) - Minimization success! status=0
AsymptoticLimits.cc[552] : (in function: findExpectedLimitFromCrossing) - At r = 3.000000:	delta(nll) = 0.00009

CascadeMinimizer.cc[188] : (in function: improveOnce) - Minimization configured with Type=Minuit2, Algo=Migrad, strategy=0, tolerance=0.1
CascadeMinimizer.cc[215] : (in function: improveOnce) - Minimization finished with status=0
CascadeMinimizer.cc[219] : (in function: improveOnce) - Minimization success! status=0
AsymptoticLimits.cc[552] : (in function: findExpectedLimitFromCrossing) - At r = 4.000000:	delta(nll) = 0.00015

CascadeMinimizer.cc[188] : (in function: improveOnce) - Minimization configured with Type=Minuit2, Algo=Migrad, strategy=0, tolerance=0.1
CascadeMinimizer.cc[215] : (in function: improveOnce) - Minimization finished with status=0
CascadeMinimizer.cc[219] : (in function: improveOnce) - Minimization success! status=0
AsymptoticLimits.cc[552] : (in function: findExpectedLimitFromCrossing) - At r = 5.000000:	delta(nll) = 0.00023

CascadeMinimizer.cc[188] : (in function: improveOnce) - Minimization configured with Type=Minuit2, Algo=Migrad, strategy=0, tolerance=0.1
CascadeMinimizer.cc[215] : (in function: improveOnce) - Minimization finished with status=0
CascadeMinimizer.cc[219] : (in function: improveOnce) - Minimization success! status=0
AsymptoticLimits.cc[552] : (in function: findExpectedLimitFromCrossing) - At r = 6.000000:	delta(nll) = 0.00033

CascadeMinimizer.cc[188] : (in function: improveOnce) - Minimization configured with Type=Minuit2, Algo=Migrad, strategy=0, tolerance=0.1
CascadeMinimizer.cc[215] : (in function: improveOnce) - Minimization finished with status=0
CascadeMinimizer.cc[219] : (in function: improveOnce) - Minimization success! status=0
AsymptoticLimits.cc[552] : (in function: findExpectedLimitFromCrossing) - At r = 7.000000:	delta(nll) = 0.00043

CascadeMinimizer.cc[188] : (in function: improveOnce) - Minimization configured with Type=Minuit2, Algo=Migrad, strategy=0, tolerance=0.1
CascadeMinimizer.cc[215] : (in function: improveOnce) - Minimization finished with status=0
CascadeMinimizer.cc[219] : (in function: improveOnce) - Minimization success! status=0
AsymptoticLimits.cc[552] : (in function: findExpectedLimitFromCrossing) - At r = 8.000000:	delta(nll) = 0.00055

CascadeMinimizer.cc[188] : (in function: improveOnce) - Minimization configured with Type=Minuit2, Algo=Migrad, strategy=0, tolerance=0.1
CascadeMinimizer.cc[215] : (in function: improveOnce) - Minimization finished with status=0
CascadeMinimizer.cc[219] : (in function: improveOnce) - Minimization success! status=0
AsymptoticLimits.cc[552] : (in function: findExpectedLimitFromCrossing) - At r = 9.000000:	delta(nll) = 0.00067

CascadeMinimizer.cc[188] : (in function: improveOnce) - Minimization configured with Type=Minuit2, Algo=Migrad, strategy=0, tolerance=0.1
CascadeMinimizer.cc[215] : (in function: improveOnce) - Minimization finished with status=0
CascadeMinimizer.cc[219] : (in function: improveOnce) - Minimization success! status=0
AsymptoticLimits.cc[552] : (in function: findExpectedLimitFromCrossing) - At r = 10.000000:	delta(nll) = 0.00080

CascadeMinimizer.cc[188] : (in function: improveOnce) - Minimization configured with Type=Minuit2, Algo=Migrad, strategy=0, tolerance=0.1
CascadeMinimizer.cc[215] : (in function: improveOnce) - Minimization finished with status=0
CascadeMinimizer.cc[219] : (in function: improveOnce) - Minimization success! status=0
AsymptoticLimits.cc[552] : (in function: findExpectedLimitFromCrossing) - At r = 11.000000:	delta(nll) = 0.00094

CascadeMinimizer.cc[188] : (in function: improveOnce) - Minimization configured with Type=Minuit2, Algo=Migrad, strategy=0, tolerance=0.1
CascadeMinimizer.cc[215] : (in function: improveOnce) - Minimization finished with status=0
CascadeMinimizer.cc[219] : (in function: improveOnce) - Minimization success! status=0
AsymptoticLimits.cc[552] : (in function: findExpectedLimitFromCrossing) - At r = 12.000000:	delta(nll) = 0.00108

CascadeMinimizer.cc[188] : (in function: improveOnce) - Minimization configured with Type=Minuit2, Algo=Migrad, strategy=0, tolerance=0.1
CascadeMinimizer.cc[215] : (in function: improveOnce) - Minimization finished with status=0
CascadeMinimizer.cc[219] : (in function: improveOnce) - Minimization success! status=0
AsymptoticLimits.cc[552] : (in function: findExpectedLimitFromCrossing) - At r = 13.000000:	delta(nll) = 0.00122

CascadeMinimizer.cc[188] : (in function: improveOnce) - Minimization configured with Type=Minuit2, Algo=Migrad, strategy=0, tolerance=0.1
CascadeMinimizer.cc[215] : (in function: improveOnce) - Minimization finished with status=0
CascadeMinimizer.cc[219] : (in function: improveOnce) - Minimization success! status=0
AsymptoticLimits.cc[552] : (in function: findExpectedLimitFromCrossing) - At r = 14.000000:	delta(nll) = 0.00137

CascadeMinimizer.cc[188] : (in function: improveOnce) - Minimization configured with Type=Minuit2, Algo=Migrad, strategy=0, tolerance=0.1
CascadeMinimizer.cc[215] : (in function: improveOnce) - Minimization finished with status=0
CascadeMinimizer.cc[219] : (in function: improveOnce) - Minimization success! status=0
AsymptoticLimits.cc[552] : (in function: findExpectedLimitFromCrossing) - At r = 15.000000:	delta(nll) = 0.00152

CascadeMinimizer.cc[188] : (in function: improveOnce) - Minimization configured with Type=Minuit2, Algo=Migrad, strategy=0, tolerance=0.1
CascadeMinimizer.cc[215] : (in function: improveOnce) - Minimization finished with status=0
CascadeMinimizer.cc[219] : (in function: improveOnce) - Minimization success! status=0
AsymptoticLimits.cc[552] : (in function: findExpectedLimitFromCrossing) - At r = 16.000000:	delta(nll) = 0.00166

CascadeMinimizer.cc[188] : (in function: improveOnce) - Minimization configured with Type=Minuit2, Algo=Migrad, strategy=0, tolerance=0.1
CascadeMinimizer.cc[215] : (in function: improveOnce) - Minimization finished with status=0
CascadeMinimizer.cc[219] : (in function: improveOnce) - Minimization success! status=0
AsymptoticLimits.cc[552] : (in function: findExpectedLimitFromCrossing) - At r = 17.000000:	delta(nll) = 0.00055

CascadeMinimizer.cc[188] : (in function: improveOnce) - Minimization configured with Type=Minuit2, Algo=Migrad, strategy=0, tolerance=0.1
CascadeMinimizer.cc[215] : (in function: improveOnce) - Minimization finished with status=0
CascadeMinimizer.cc[219] : (in function: improveOnce) - Minimization success! status=0
AsymptoticLimits.cc[552] : (in function: findExpectedLimitFromCrossing) - At r = 18.000000:	delta(nll) = 0.00062

CascadeMinimizer.cc[188] : (in function: improveOnce) - Minimization configured with Type=Minuit2, Algo=Migrad, strategy=0, tolerance=0.1
CascadeMinimizer.cc[215] : (in function: improveOnce) - Minimization finished with status=0
CascadeMinimizer.cc[219] : (in function: improveOnce) - Minimization success! status=0
AsymptoticLimits.cc[552] : (in function: findExpectedLimitFromCrossing) - At r = 19.000000:	delta(nll) = 0.00072

CascadeMinimizer.cc[188] : (in function: improveOnce) - Minimization configured with Type=Minuit2, Algo=Migrad, strategy=0, tolerance=0.1
CascadeMinimizer.cc[215] : (in function: improveOnce) - Minimization finished with status=0
CascadeMinimizer.cc[219] : (in function: improveOnce) - Minimization success! status=0
AsymptoticLimits.cc[552] : (in function: findExpectedLimitFromCrossing) - At r = 20.000000:	delta(nll) = 0.00083

CascadeMinimizer.cc[188] : (in function: improveOnce) - Minimization configured with Type=Minuit2, Algo=Migrad, strategy=0, tolerance=0.1
CascadeMinimizer.cc[215] : (in function: improveOnce) - Minimization finished with status=0
CascadeMinimizer.cc[219] : (in function: improveOnce) - Minimization success! status=0
AsymptoticLimits.cc[552] : (in function: findExpectedLimitFromCrossing) - At r = 21.000000:	delta(nll) = 0.00096

CascadeMinimizer.cc[188] : (in function: improveOnce) - Minimization configured with Type=Minuit2, Algo=Migrad, strategy=0, tolerance=0.1
CascadeMinimizer.cc[215] : (in function: improveOnce) - Minimization finished with status=0
CascadeMinimizer.cc[219] : (in function: improveOnce) - Minimization success! status=0
AsymptoticLimits.cc[552] : (in function: findExpectedLimitFromCrossing) - At r = 22.000000:	delta(nll) = 0.00111

CascadeMinimizer.cc[188] : (in function: improveOnce) - Minimization configured with Type=Minuit2, Algo=Migrad, strategy=0, tolerance=0.1
CascadeMinimizer.cc[215] : (in function: improveOnce) - Minimization finished with status=0
CascadeMinimizer.cc[219] : (in function: improveOnce) - Minimization success! status=0
AsymptoticLimits.cc[552] : (in function: findExpectedLimitFromCrossing) - At r = 23.000000:	delta(nll) = 0.00126

CascadeMinimizer.cc[188] : (in function: improveOnce) - Minimization configured with Type=Minuit2, Algo=Migrad, strategy=0, tolerance=0.1
CascadeMinimizer.cc[215] : (in function: improveOnce) - Minimization finished with status=0
CascadeMinimizer.cc[219] : (in function: improveOnce) - Minimization success! status=0
AsymptoticLimits.cc[552] : (in function: findExpectedLimitFromCrossing) - At r = 24.000000:	delta(nll) = 0.00143

CascadeMinimizer.cc[188] : (in function: improveOnce) - Minimization configured with Type=Minuit2, Algo=Migrad, strategy=0, tolerance=0.1
CascadeMinimizer.cc[215] : (in function: improveOnce) - Minimization finished with status=0
CascadeMinimizer.cc[219] : (in function: improveOnce) - Minimization success! status=0
AsymptoticLimits.cc[552] : (in function: findExpectedLimitFromCrossing) - At r = 25.000000:	delta(nll) = 0.00162

CascadeMinimizer.cc[188] : (in function: improveOnce) - Minimization configured with Type=Minuit2, Algo=Migrad, strategy=0, tolerance=0.1
CascadeMinimizer.cc[215] : (in function: improveOnce) - Minimization finished with status=0
CascadeMinimizer.cc[219] : (in function: improveOnce) - Minimization success! status=0
AsymptoticLimits.cc[552] : (in function: findExpectedLimitFromCrossing) - At r = 26.000000:	delta(nll) = 0.00180

CascadeMinimizer.cc[188] : (in function: improveOnce) - Minimization configured with Type=Minuit2, Algo=Migrad, strategy=0, tolerance=0.1
CascadeMinimizer.cc[215] : (in function: improveOnce) - Minimization finished with status=0
CascadeMinimizer.cc[219] : (in function: improveOnce) - Minimization success! status=0
AsymptoticLimits.cc[552] : (in function: findExpectedLimitFromCrossing) - At r = 27.000000:	delta(nll) = 0.00200

CascadeMinimizer.cc[188] : (in function: improveOnce) - Minimization configured with Type=Minuit2, Algo=Migrad, strategy=0, tolerance=0.1
CascadeMinimizer.cc[215] : (in function: improveOnce) - Minimization finished with status=0
CascadeMinimizer.cc[219] : (in function: improveOnce) - Minimization success! status=0
AsymptoticLimits.cc[552] : (in function: findExpectedLimitFromCrossing) - At r = 28.000000:	delta(nll) = 0.00220

CascadeMinimizer.cc[188] : (in function: improveOnce) - Minimization configured with Type=Minuit2, Algo=Migrad, strategy=0, tolerance=0.1
CascadeMinimizer.cc[215] : (in function: improveOnce) - Minimization finished with status=0
CascadeMinimizer.cc[219] : (in function: improveOnce) - Minimization success! status=0
AsymptoticLimits.cc[552] : (in function: findExpectedLimitFromCrossing) - At r = 29.000000:	delta(nll) = 0.00240

CascadeMinimizer.cc[188] : (in function: improveOnce) - Minimization configured with Type=Minuit2, Algo=Migrad, strategy=0, tolerance=0.1
CascadeMinimizer.cc[215] : (in function: improveOnce) - Minimization finished with status=0
CascadeMinimizer.cc[219] : (in function: improveOnce) - Minimization success! status=0
AsymptoticLimits.cc[552] : (in function: findExpectedLimitFromCrossing) - At r = 30.000000:	delta(nll) = 0.00261

CascadeMinimizer.cc[188] : (in function: improveOnce) - Minimization configured with Type=Minuit2, Algo=Migrad, strategy=0, tolerance=0.1
CascadeMinimizer.cc[215] : (in function: improveOnce) - Minimization finished with status=0
CascadeMinimizer.cc[219] : (in function: improveOnce) - Minimization success! status=0
AsymptoticLimits.cc[552] : (in function: findExpectedLimitFromCrossing) - At r = 31.000000:	delta(nll) = 0.00282

CascadeMinimizer.cc[188] : (in function: improveOnce) - Minimization configured with Type=Minuit2, Algo=Migrad, strategy=0, tolerance=0.1
CascadeMinimizer.cc[215] : (in function: improveOnce) - Minimization finished with status=0
CascadeMinimizer.cc[219] : (in function: improveOnce) - Minimization success! status=0
AsymptoticLimits.cc[552] : (in function: findExpectedLimitFromCrossing) - At r = 32.000000:	delta(nll) = 0.00303

CascadeMinimizer.cc[188] : (in function: improveOnce) - Minimization configured with Type=Minuit2, Algo=Migrad, strategy=0, tolerance=0.1
CascadeMinimizer.cc[215] : (in function: improveOnce) - Minimization finished with status=0
CascadeMinimizer.cc[219] : (in function: improveOnce) - Minimization success! status=0
AsymptoticLimits.cc[552] : (in function: findExpectedLimitFromCrossing) - At r = 33.000000:	delta(nll) = 0.00324

CascadeMinimizer.cc[188] : (in function: improveOnce) - Minimization configured with Type=Minuit2, Algo=Migrad, strategy=0, tolerance=0.1
CascadeMinimizer.cc[215] : (in function: improveOnce) - Minimization finished with status=0
CascadeMinimizer.cc[219] : (in function: improveOnce) - Minimization success! status=0
AsymptoticLimits.cc[552] : (in function: findExpectedLimitFromCrossing) - At r = 34.000000:	delta(nll) = 0.00220

CascadeMinimizer.cc[188] : (in function: improveOnce) - Minimization configured with Type=Minuit2, Algo=Migrad, strategy=0, tolerance=0.1
CascadeMinimizer.cc[215] : (in function: improveOnce) - Minimization finished with status=0
CascadeMinimizer.cc[219] : (in function: improveOnce) - Minimization success! status=0
AsymptoticLimits.cc[552] : (in function: findExpectedLimitFromCrossing) - At r = 35.000000:	delta(nll) = 0.00234

CascadeMinimizer.cc[188] : (in function: improveOnce) - Minimization configured with Type=Minuit2, Algo=Migrad, strategy=0, tolerance=0.1
CascadeMinimizer.cc[215] : (in function: improveOnce) - Minimization finished with status=0
CascadeMinimizer.cc[219] : (in function: improveOnce) - Minimization success! status=0
AsymptoticLimits.cc[552] : (in function: findExpectedLimitFromCrossing) - At r = 36.000000:	delta(nll) = 0.00250

CascadeMinimizer.cc[188] : (in function: improveOnce) - Minimization configured with Type=Minuit2, Algo=Migrad, strategy=0, tolerance=0.1
CascadeMinimizer.cc[215] : (in function: improveOnce) - Minimization finished with status=0
CascadeMinimizer.cc[219] : (in function: improveOnce) - Minimization success! status=0
AsymptoticLimits.cc[552] : (in function: findExpectedLimitFromCrossing) - At r = 37.000000:	delta(nll) = 0.00268

CascadeMinimizer.cc[188] : (in function: improveOnce) - Minimization configured with Type=Minuit2, Algo=Migrad, strategy=0, tolerance=0.1
CascadeMinimizer.cc[215] : (in function: improveOnce) - Minimization finished with status=0
CascadeMinimizer.cc[219] : (in function: improveOnce) - Minimization success! status=0
AsymptoticLimits.cc[552] : (in function: findExpectedLimitFromCrossing) - At r = 38.000000:	delta(nll) = 0.00287

CascadeMinimizer.cc[188] : (in function: improveOnce) - Minimization configured with Type=Minuit2, Algo=Migrad, strategy=0, tolerance=0.1
CascadeMinimizer.cc[215] : (in function: improveOnce) - Minimization finished with status=0
CascadeMinimizer.cc[219] : (in function: improveOnce) - Minimization success! status=0
AsymptoticLimits.cc[552] : (in function: findExpectedLimitFromCrossing) - At r = 39.000000:	delta(nll) = 0.00308

CascadeMinimizer.cc[188] : (in function: improveOnce) - Minimization configured with Type=Minuit2, Algo=Migrad, strategy=0, tolerance=0.1
CascadeMinimizer.cc[215] : (in function: improveOnce) - Minimization finished with status=0
CascadeMinimizer.cc[219] : (in function: improveOnce) - Minimization success! status=0
AsymptoticLimits.cc[552] : (in function: findExpectedLimitFromCrossing) - At r = 40.000000:	delta(nll) = 0.00330

CascadeMinimizer.cc[188] : (in function: improveOnce) - Minimization configured with Type=Minuit2, Algo=Migrad, strategy=0, tolerance=0.1
CascadeMinimizer.cc[215] : (in function: improveOnce) - Minimization finished with status=0
CascadeMinimizer.cc[219] : (in function: improveOnce) - Minimization success! status=0
AsymptoticLimits.cc[552] : (in function: findExpectedLimitFromCrossing) - At r = 41.000000:	delta(nll) = 0.00354

CascadeMinimizer.cc[188] : (in function: improveOnce) - Minimization configured with Type=Minuit2, Algo=Migrad, strategy=0, tolerance=0.1
CascadeMinimizer.cc[215] : (in function: improveOnce) - Minimization finished with status=0
CascadeMinimizer.cc[219] : (in function: improveOnce) - Minimization success! status=0
AsymptoticLimits.cc[552] : (in function: findExpectedLimitFromCrossing) - At r = 42.000000:	delta(nll) = 0.00378

CascadeMinimizer.cc[188] : (in function: improveOnce) - Minimization configured with Type=Minuit2, Algo=Migrad, strategy=0, tolerance=0.1
CascadeMinimizer.cc[215] : (in function: improveOnce) - Minimization finished with status=0
CascadeMinimizer.cc[219] : (in function: improveOnce) - Minimization success! status=0
AsymptoticLimits.cc[552] : (in function: findExpectedLimitFromCrossing) - At r = 43.000000:	delta(nll) = 0.00404

CascadeMinimizer.cc[188] : (in function: improveOnce) - Minimization configured with Type=Minuit2, Algo=Migrad, strategy=0, tolerance=0.1
CascadeMinimizer.cc[215] : (in function: improveOnce) - Minimization finished with status=0
CascadeMinimizer.cc[219] : (in function: improveOnce) - Minimization success! status=0
AsymptoticLimits.cc[552] : (in function: findExpectedLimitFromCrossing) - At r = 44.000000:	delta(nll) = 0.00429

CascadeMinimizer.cc[188] : (in function: improveOnce) - Minimization configured with Type=Minuit2, Algo=Migrad, strategy=0, tolerance=0.1
CascadeMinimizer.cc[215] : (in function: improveOnce) - Minimization finished with status=0
CascadeMinimizer.cc[219] : (in function: improveOnce) - Minimization success! status=0
AsymptoticLimits.cc[552] : (in function: findExpectedLimitFromCrossing) - At r = 45.000000:	delta(nll) = 0.00456

CascadeMinimizer.cc[188] : (in function: improveOnce) - Minimization configured with Type=Minuit2, Algo=Migrad, strategy=0, tolerance=0.1
CascadeMinimizer.cc[215] : (in function: improveOnce) - Minimization finished with status=0
CascadeMinimizer.cc[219] : (in function: improveOnce) - Minimization success! status=0
AsymptoticLimits.cc[552] : (in function: findExpectedLimitFromCrossing) - At r = 46.000000:	delta(nll) = 0.00483

CascadeMinimizer.cc[188] : (in function: improveOnce) - Minimization configured with Type=Minuit2, Algo=Migrad, strategy=0, tolerance=0.1
CascadeMinimizer.cc[215] : (in function: improveOnce) - Minimization finished with status=0
CascadeMinimizer.cc[219] : (in function: improveOnce) - Minimization success! status=0
AsymptoticLimits.cc[552] : (in function: findExpectedLimitFromCrossing) - At r = 47.000000:	delta(nll) = 0.00510

CascadeMinimizer.cc[188] : (in function: improveOnce) - Minimization configured with Type=Minuit2, Algo=Migrad, strategy=0, tolerance=0.1
CascadeMinimizer.cc[215] : (in function: improveOnce) - Minimization finished with status=0
CascadeMinimizer.cc[219] : (in function: improveOnce) - Minimization success! status=0
AsymptoticLimits.cc[552] : (in function: findExpectedLimitFromCrossing) - At r = 48.000000:	delta(nll) = 0.00537

CascadeMinimizer.cc[188] : (in function: improveOnce) - Minimization configured with Type=Minuit2, Algo=Migrad, strategy=0, tolerance=0.1
CascadeMinimizer.cc[215] : (in function: improveOnce) - Minimization finished with status=0
CascadeMinimizer.cc[219] : (in function: improveOnce) - Minimization success! status=0
AsymptoticLimits.cc[552] : (in function: findExpectedLimitFromCrossing) - At r = 49.000000:	delta(nll) = 0.00565

CascadeMinimizer.cc[188] : (in function: improveOnce) - Minimization configured with Type=Minuit2, Algo=Migrad, strategy=0, tolerance=0.1
CascadeMinimizer.cc[215] : (in function: improveOnce) - Minimization finished with status=0
CascadeMinimizer.cc[219] : (in function: improveOnce) - Minimization success! status=0
AsymptoticLimits.cc[552] : (in function: findExpectedLimitFromCrossing) - At r = 50.000000:	delta(nll) = 0.00592

CascadeMinimizer.cc[188] : (in function: improveOnce) - Minimization configured with Type=Minuit2, Algo=Migrad, strategy=0, tolerance=0.1
CascadeMinimizer.cc[215] : (in function: improveOnce) - Minimization finished with status=0
CascadeMinimizer.cc[219] : (in function: improveOnce) - Minimization success! status=0
AsymptoticLimits.cc[552] : (in function: findExpectedLimitFromCrossing) - At r = 51.000000:	delta(nll) = 0.00495

CascadeMinimizer.cc[188] : (in function: improveOnce) - Minimization configured with Type=Minuit2, Algo=Migrad, strategy=0, tolerance=0.1
CascadeMinimizer.cc[215] : (in function: improveOnce) - Minimization finished with status=0
CascadeMinimizer.cc[219] : (in function: improveOnce) - Minimization success! status=0
AsymptoticLimits.cc[552] : (in function: findExpectedLimitFromCrossing) - At r = 52.000000:	delta(nll) = 0.00515

CascadeMinimizer.cc[188] : (in function: improveOnce) - Minimization configured with Type=Minuit2, Algo=Migrad, strategy=0, tolerance=0.1
CascadeMinimizer.cc[215] : (in function: improveOnce) - Minimization finished with status=0
CascadeMinimizer.cc[219] : (in function: improveOnce) - Minimization success! status=0
AsymptoticLimits.cc[552] : (in function: findExpectedLimitFromCrossing) - At r = 53.000000:	delta(nll) = 0.00538

CascadeMinimizer.cc[188] : (in function: improveOnce) - Minimization configured with Type=Minuit2, Algo=Migrad, strategy=0, tolerance=0.1
CascadeMinimizer.cc[215] : (in function: improveOnce) - Minimization finished with status=0
CascadeMinimizer.cc[219] : (in function: improveOnce) - Minimization success! status=0
AsymptoticLimits.cc[552] : (in function: findExpectedLimitFromCrossing) - At r = 54.000000:	delta(nll) = 0.00562

CascadeMinimizer.cc[188] : (in function: improveOnce) - Minimization configured with Type=Minuit2, Algo=Migrad, strategy=0, tolerance=0.1
CascadeMinimizer.cc[215] : (in function: improveOnce) - Minimization finished with status=0
CascadeMinimizer.cc[219] : (in function: improveOnce) - Minimization success! status=0
AsymptoticLimits.cc[552] : (in function: findExpectedLimitFromCrossing) - At r = 55.000000:	delta(nll) = 0.00588

CascadeMinimizer.cc[188] : (in function: improveOnce) - Minimization configured with Type=Minuit2, Algo=Migrad, strategy=0, tolerance=0.1
CascadeMinimizer.cc[215] : (in function: improveOnce) - Minimization finished with status=0
CascadeMinimizer.cc[219] : (in function: improveOnce) - Minimization success! status=0
AsymptoticLimits.cc[552] : (in function: findExpectedLimitFromCrossing) - At r = 56.000000:	delta(nll) = 0.00616

CascadeMinimizer.cc[188] : (in function: improveOnce) - Minimization configured with Type=Minuit2, Algo=Migrad, strategy=0, tolerance=0.1
CascadeMinimizer.cc[215] : (in function: improveOnce) - Minimization finished with status=0
CascadeMinimizer.cc[219] : (in function: improveOnce) - Minimization success! status=0
AsymptoticLimits.cc[552] : (in function: findExpectedLimitFromCrossing) - At r = 57.000000:	delta(nll) = 0.00645

CascadeMinimizer.cc[188] : (in function: improveOnce) - Minimization configured with Type=Minuit2, Algo=Migrad, strategy=0, tolerance=0.1
CascadeMinimizer.cc[215] : (in function: improveOnce) - Minimization finished with status=0
CascadeMinimizer.cc[219] : (in function: improveOnce) - Minimization success! status=0
AsymptoticLimits.cc[552] : (in function: findExpectedLimitFromCrossing) - At r = 58.000000:	delta(nll) = 0.00674

CascadeMinimizer.cc[188] : (in function: improveOnce) - Minimization configured with Type=Minuit2, Algo=Migrad, strategy=0, tolerance=0.1
CascadeMinimizer.cc[215] : (in function: improveOnce) - Minimization finished with status=0
CascadeMinimizer.cc[219] : (in function: improveOnce) - Minimization success! status=0
AsymptoticLimits.cc[552] : (in function: findExpectedLimitFromCrossing) - At r = 59.000000:	delta(nll) = 0.00705

CascadeMinimizer.cc[188] : (in function: improveOnce) - Minimization configured with Type=Minuit2, Algo=Migrad, strategy=0, tolerance=0.1
CascadeMinimizer.cc[215] : (in function: improveOnce) - Minimization finished with status=0
CascadeMinimizer.cc[219] : (in function: improveOnce) - Minimization success! status=0
AsymptoticLimits.cc[552] : (in function: findExpectedLimitFromCrossing) - At r = 60.000000:	delta(nll) = 0.00737

CascadeMinimizer.cc[188] : (in function: improveOnce) - Minimization configured with Type=Minuit2, Algo=Migrad, strategy=0, tolerance=0.1
CascadeMinimizer.cc[215] : (in function: improveOnce) - Minimization finished with status=0
CascadeMinimizer.cc[219] : (in function: improveOnce) - Minimization success! status=0
AsymptoticLimits.cc[552] : (in function: findExpectedLimitFromCrossing) - At r = 61.000000:	delta(nll) = 0.00769

CascadeMinimizer.cc[188] : (in function: improveOnce) - Minimization configured with Type=Minuit2, Algo=Migrad, strategy=0, tolerance=0.1
CascadeMinimizer.cc[215] : (in function: improveOnce) - Minimization finished with status=0
CascadeMinimizer.cc[219] : (in function: improveOnce) - Minimization success! status=0
AsymptoticLimits.cc[552] : (in function: findExpectedLimitFromCrossing) - At r = 62.000000:	delta(nll) = 0.00802

CascadeMinimizer.cc[188] : (in function: improveOnce) - Minimization configured with Type=Minuit2, Algo=Migrad, strategy=0, tolerance=0.1
CascadeMinimizer.cc[215] : (in function: improveOnce) - Minimization finished with status=0
CascadeMinimizer.cc[219] : (in function: improveOnce) - Minimization success! status=0
AsymptoticLimits.cc[552] : (in function: findExpectedLimitFromCrossing) - At r = 63.000000:	delta(nll) = 0.00835

CascadeMinimizer.cc[188] : (in function: improveOnce) - Minimization configured with Type=Minuit2, Algo=Migrad, strategy=0, tolerance=0.1
CascadeMinimizer.cc[215] : (in function: improveOnce) - Minimization finished with status=0
CascadeMinimizer.cc[219] : (in function: improveOnce) - Minimization success! status=0
AsymptoticLimits.cc[552] : (in function: findExpectedLimitFromCrossing) - At r = 64.000000:	delta(nll) = 0.00868

CascadeMinimizer.cc[188] : (in function: improveOnce) - Minimization configured with Type=Minuit2, Algo=Migrad, strategy=0, tolerance=0.1
CascadeMinimizer.cc[215] : (in function: improveOnce) - Minimization finished with status=0
CascadeMinimizer.cc[219] : (in function: improveOnce) - Minimization success! status=0
AsymptoticLimits.cc[552] : (in function: findExpectedLimitFromCrossing) - At r = 65.000000:	delta(nll) = 0.00902

CascadeMinimizer.cc[188] : (in function: improveOnce) - Minimization configured with Type=Minuit2, Algo=Migrad, strategy=0, tolerance=0.1
CascadeMinimizer.cc[215] : (in function: improveOnce) - Minimization finished with status=0
CascadeMinimizer.cc[219] : (in function: improveOnce) - Minimization success! status=0
AsymptoticLimits.cc[552] : (in function: findExpectedLimitFromCrossing) - At r = 66.000000:	delta(nll) = 0.00935

CascadeMinimizer.cc[188] : (in function: improveOnce) - Minimization configured with Type=Minuit2, Algo=Migrad, strategy=0, tolerance=0.1
CascadeMinimizer.cc[215] : (in function: improveOnce) - Minimization finished with status=0
CascadeMinimizer.cc[219] : (in function: improveOnce) - Minimization success! status=0
AsymptoticLimits.cc[552] : (in function: findExpectedLimitFromCrossing) - At r = 67.000000:	delta(nll) = 0.00969

CascadeMinimizer.cc[188] : (in function: improveOnce) - Minimization configured with Type=Minuit2, Algo=Migrad, strategy=0, tolerance=0.1
CascadeMinimizer.cc[215] : (in function: improveOnce) - Minimization finished with status=0
CascadeMinimizer.cc[219] : (in function: improveOnce) - Minimization success! status=0
AsymptoticLimits.cc[552] : (in function: findExpectedLimitFromCrossing) - At r = 68.000000:	delta(nll) = 0.00880

CascadeMinimizer.cc[188] : (in function: improveOnce) - Minimization configured with Type=Minuit2, Algo=Migrad, strategy=0, tolerance=0.1
CascadeMinimizer.cc[215] : (in function: improveOnce) - Minimization finished with status=0
CascadeMinimizer.cc[219] : (in function: improveOnce) - Minimization success! status=0
AsymptoticLimits.cc[552] : (in function: findExpectedLimitFromCrossing) - At r = 69.000000:	delta(nll) = 0.00907

CascadeMinimizer.cc[188] : (in function: improveOnce) - Minimization configured with Type=Minuit2, Algo=Migrad, strategy=0, tolerance=0.1
CascadeMinimizer.cc[215] : (in function: improveOnce) - Minimization finished with status=0
CascadeMinimizer.cc[219] : (in function: improveOnce) - Minimization success! status=0
AsymptoticLimits.cc[552] : (in function: findExpectedLimitFromCrossing) - At r = 70.000000:	delta(nll) = 0.00936

CascadeMinimizer.cc[188] : (in function: improveOnce) - Minimization configured with Type=Minuit2, Algo=Migrad, strategy=0, tolerance=0.1
CascadeMinimizer.cc[215] : (in function: improveOnce) - Minimization finished with status=0
CascadeMinimizer.cc[219] : (in function: improveOnce) - Minimization success! status=0
AsymptoticLimits.cc[552] : (in function: findExpectedLimitFromCrossing) - At r = 71.000000:	delta(nll) = 0.00967

CascadeMinimizer.cc[188] : (in function: improveOnce) - Minimization configured with Type=Minuit2, Algo=Migrad, strategy=0, tolerance=0.1
CascadeMinimizer.cc[215] : (in function: improveOnce) - Minimization finished with status=0
CascadeMinimizer.cc[219] : (in function: improveOnce) - Minimization success! status=0
AsymptoticLimits.cc[552] : (in function: findExpectedLimitFromCrossing) - At r = 72.000000:	delta(nll) = 0.01000

CascadeMinimizer.cc[188] : (in function: improveOnce) - Minimization configured with Type=Minuit2, Algo=Migrad, strategy=0, tolerance=0.1
CascadeMinimizer.cc[215] : (in function: improveOnce) - Minimization finished with status=0
CascadeMinimizer.cc[219] : (in function: improveOnce) - Minimization success! status=0
AsymptoticLimits.cc[552] : (in function: findExpectedLimitFromCrossing) - At r = 73.000000:	delta(nll) = 0.01034

CascadeMinimizer.cc[188] : (in function: improveOnce) - Minimization configured with Type=Minuit2, Algo=Migrad, strategy=0, tolerance=0.1
CascadeMinimizer.cc[215] : (in function: improveOnce) - Minimization finished with status=0
CascadeMinimizer.cc[219] : (in function: improveOnce) - Minimization success! status=0
AsymptoticLimits.cc[552] : (in function: findExpectedLimitFromCrossing) - At r = 74.000000:	delta(nll) = 0.01069

CascadeMinimizer.cc[188] : (in function: improveOnce) - Minimization configured with Type=Minuit2, Algo=Migrad, strategy=0, tolerance=0.1
CascadeMinimizer.cc[215] : (in function: improveOnce) - Minimization finished with status=0
CascadeMinimizer.cc[219] : (in function: improveOnce) - Minimization success! status=0
AsymptoticLimits.cc[552] : (in function: findExpectedLimitFromCrossing) - At r = 75.000000:	delta(nll) = 0.01105

CascadeMinimizer.cc[188] : (in function: improveOnce) - Minimization configured with Type=Minuit2, Algo=Migrad, strategy=0, tolerance=0.1
CascadeMinimizer.cc[215] : (in function: improveOnce) - Minimization finished with status=0
CascadeMinimizer.cc[219] : (in function: improveOnce) - Minimization success! status=0
AsymptoticLimits.cc[552] : (in function: findExpectedLimitFromCrossing) - At r = 76.000000:	delta(nll) = 0.01142

CascadeMinimizer.cc[188] : (in function: improveOnce) - Minimization configured with Type=Minuit2, Algo=Migrad, strategy=0, tolerance=0.1
CascadeMinimizer.cc[215] : (in function: improveOnce) - Minimization finished with status=0
CascadeMinimizer.cc[219] : (in function: improveOnce) - Minimization success! status=0
AsymptoticLimits.cc[552] : (in function: findExpectedLimitFromCrossing) - At r = 77.000000:	delta(nll) = 0.01180

CascadeMinimizer.cc[188] : (in function: improveOnce) - Minimization configured with Type=Minuit2, Algo=Migrad, strategy=0, tolerance=0.1
CascadeMinimizer.cc[215] : (in function: improveOnce) - Minimization finished with status=0
CascadeMinimizer.cc[219] : (in function: improveOnce) - Minimization success! status=0
AsymptoticLimits.cc[552] : (in function: findExpectedLimitFromCrossing) - At r = 78.000000:	delta(nll) = 0.01218

CascadeMinimizer.cc[188] : (in function: improveOnce) - Minimization configured with Type=Minuit2, Algo=Migrad, strategy=0, tolerance=0.1
CascadeMinimizer.cc[215] : (in function: improveOnce) - Minimization finished with status=0
CascadeMinimizer.cc[219] : (in function: improveOnce) - Minimization success! status=0
AsymptoticLimits.cc[552] : (in function: findExpectedLimitFromCrossing) - At r = 79.000000:	delta(nll) = 0.01257

CascadeMinimizer.cc[188] : (in function: improveOnce) - Minimization configured with Type=Minuit2, Algo=Migrad, strategy=0, tolerance=0.1
CascadeMinimizer.cc[215] : (in function: improveOnce) - Minimization finished with status=0
CascadeMinimizer.cc[219] : (in function: improveOnce) - Minimization success! status=0
AsymptoticLimits.cc[552] : (in function: findExpectedLimitFromCrossing) - At r = 80.000000:	delta(nll) = 0.01297

CascadeMinimizer.cc[188] : (in function: improveOnce) - Minimization configured with Type=Minuit2, Algo=Migrad, strategy=0, tolerance=0.1
CascadeMinimizer.cc[215] : (in function: improveOnce) - Minimization finished with status=0
CascadeMinimizer.cc[219] : (in function: improveOnce) - Minimization success! status=0
AsymptoticLimits.cc[552] : (in function: findExpectedLimitFromCrossing) - At r = 81.000000:	delta(nll) = 0.01336

CascadeMinimizer.cc[188] : (in function: improveOnce) - Minimization configured with Type=Minuit2, Algo=Migrad, strategy=0, tolerance=0.1
CascadeMinimizer.cc[215] : (in function: improveOnce) - Minimization finished with status=0
CascadeMinimizer.cc[219] : (in function: improveOnce) - Minimization success! status=0
AsymptoticLimits.cc[552] : (in function: findExpectedLimitFromCrossing) - At r = 82.000000:	delta(nll) = 0.01376

CascadeMinimizer.cc[188] : (in function: improveOnce) - Minimization configured with Type=Minuit2, Algo=Migrad, strategy=0, tolerance=0.1
CascadeMinimizer.cc[215] : (in function: improveOnce) - Minimization finished with status=0
CascadeMinimizer.cc[219] : (in function: improveOnce) - Minimization success! status=0
AsymptoticLimits.cc[552] : (in function: findExpectedLimitFromCrossing) - At r = 83.000000:	delta(nll) = 0.01312

CascadeMinimizer.cc[188] : (in function: improveOnce) - Minimization configured with Type=Minuit2, Algo=Migrad, strategy=0, tolerance=0.1
CascadeMinimizer.cc[215] : (in function: improveOnce) - Minimization finished with status=0
CascadeMinimizer.cc[219] : (in function: improveOnce) - Minimization success! status=0
AsymptoticLimits.cc[552] : (in function: findExpectedLimitFromCrossing) - At r = 84.000000:	delta(nll) = 0.01344

CascadeMinimizer.cc[188] : (in function: improveOnce) - Minimization configured with Type=Minuit2, Algo=Migrad, strategy=0, tolerance=0.1
CascadeMinimizer.cc[215] : (in function: improveOnce) - Minimization finished with status=0
CascadeMinimizer.cc[219] : (in function: improveOnce) - Minimization success! status=0
AsymptoticLimits.cc[552] : (in function: findExpectedLimitFromCrossing) - At r = 85.000000:	delta(nll) = 0.01379

CascadeMinimizer.cc[188] : (in function: improveOnce) - Minimization configured with Type=Minuit2, Algo=Migrad, strategy=0, tolerance=0.1
CascadeMinimizer.cc[215] : (in function: improveOnce) - Minimization finished with status=0
CascadeMinimizer.cc[219] : (in function: improveOnce) - Minimization success! status=0
AsymptoticLimits.cc[552] : (in function: findExpectedLimitFromCrossing) - At r = 86.000000:	delta(nll) = 0.01416

CascadeMinimizer.cc[188] : (in function: improveOnce) - Minimization configured with Type=Minuit2, Algo=Migrad, strategy=0, tolerance=0.1
CascadeMinimizer.cc[215] : (in function: improveOnce) - Minimization finished with status=0
CascadeMinimizer.cc[219] : (in function: improveOnce) - Minimization success! status=0
AsymptoticLimits.cc[552] : (in function: findExpectedLimitFromCrossing) - At r = 87.000000:	delta(nll) = 0.01454

CascadeMinimizer.cc[188] : (in function: improveOnce) - Minimization configured with Type=Minuit2, Algo=Migrad, strategy=0, tolerance=0.1
CascadeMinimizer.cc[215] : (in function: improveOnce) - Minimization finished with status=0
CascadeMinimizer.cc[219] : (in function: improveOnce) - Minimization success! status=0
AsymptoticLimits.cc[552] : (in function: findExpectedLimitFromCrossing) - At r = 88.000000:	delta(nll) = 0.01494

CascadeMinimizer.cc[188] : (in function: improveOnce) - Minimization configured with Type=Minuit2, Algo=Migrad, strategy=0, tolerance=0.1
CascadeMinimizer.cc[215] : (in function: improveOnce) - Minimization finished with status=0
CascadeMinimizer.cc[219] : (in function: improveOnce) - Minimization success! status=0
AsymptoticLimits.cc[552] : (in function: findExpectedLimitFromCrossing) - At r = 89.000000:	delta(nll) = 0.01535

CascadeMinimizer.cc[188] : (in function: improveOnce) - Minimization configured with Type=Minuit2, Algo=Migrad, strategy=0, tolerance=0.1
CascadeMinimizer.cc[215] : (in function: improveOnce) - Minimization finished with status=0
CascadeMinimizer.cc[219] : (in function: improveOnce) - Minimization success! status=0
AsymptoticLimits.cc[552] : (in function: findExpectedLimitFromCrossing) - At r = 90.000000:	delta(nll) = 0.01577

CascadeMinimizer.cc[188] : (in function: improveOnce) - Minimization configured with Type=Minuit2, Algo=Migrad, strategy=0, tolerance=0.1
CascadeMinimizer.cc[215] : (in function: improveOnce) - Minimization finished with status=0
CascadeMinimizer.cc[219] : (in function: improveOnce) - Minimization success! status=0
AsymptoticLimits.cc[552] : (in function: findExpectedLimitFromCrossing) - At r = 91.000000:	delta(nll) = 0.01619

CascadeMinimizer.cc[188] : (in function: improveOnce) - Minimization configured with Type=Minuit2, Algo=Migrad, strategy=0, tolerance=0.1
CascadeMinimizer.cc[215] : (in function: improveOnce) - Minimization finished with status=0
CascadeMinimizer.cc[219] : (in function: improveOnce) - Minimization success! status=0
AsymptoticLimits.cc[552] : (in function: findExpectedLimitFromCrossing) - At r = 92.000000:	delta(nll) = 0.01662

CascadeMinimizer.cc[188] : (in function: improveOnce) - Minimization configured with Type=Minuit2, Algo=Migrad, strategy=0, tolerance=0.1
CascadeMinimizer.cc[215] : (in function: improveOnce) - Minimization finished with status=0
CascadeMinimizer.cc[219] : (in function: improveOnce) - Minimization success! status=0
AsymptoticLimits.cc[552] : (in function: findExpectedLimitFromCrossing) - At r = 93.000000:	delta(nll) = 0.01706

CascadeMinimizer.cc[188] : (in function: improveOnce) - Minimization configured with Type=Minuit2, Algo=Migrad, strategy=0, tolerance=0.1
CascadeMinimizer.cc[215] : (in function: improveOnce) - Minimization finished with status=0
CascadeMinimizer.cc[219] : (in function: improveOnce) - Minimization success! status=0
AsymptoticLimits.cc[552] : (in function: findExpectedLimitFromCrossing) - At r = 94.000000:	delta(nll) = 0.01751

CascadeMinimizer.cc[188] : (in function: improveOnce) - Minimization configured with Type=Minuit2, Algo=Migrad, strategy=0, tolerance=0.1
CascadeMinimizer.cc[215] : (in function: improveOnce) - Minimization finished with status=0
CascadeMinimizer.cc[219] : (in function: improveOnce) - Minimization success! status=0
AsymptoticLimits.cc[552] : (in function: findExpectedLimitFromCrossing) - At r = 95.000000:	delta(nll) = 0.01795

CascadeMinimizer.cc[188] : (in function: improveOnce) - Minimization configured with Type=Minuit2, Algo=Migrad, strategy=0, tolerance=0.1
CascadeMinimizer.cc[215] : (in function: improveOnce) - Minimization finished with status=0
CascadeMinimizer.cc[219] : (in function: improveOnce) - Minimization success! status=0
AsymptoticLimits.cc[552] : (in function: findExpectedLimitFromCrossing) - At r = 96.000000:	delta(nll) = 0.01840

CascadeMinimizer.cc[188] : (in function: improveOnce) - Minimization configured with Type=Minuit2, Algo=Migrad, strategy=0, tolerance=0.1
CascadeMinimizer.cc[215] : (in function: improveOnce) - Minimization finished with status=0
CascadeMinimizer.cc[219] : (in function: improveOnce) - Minimization success! status=0
AsymptoticLimits.cc[552] : (in function: findExpectedLimitFromCrossing) - At r = 97.000000:	delta(nll) = 0.01792

CascadeMinimizer.cc[188] : (in function: improveOnce) - Minimization configured with Type=Minuit2, Algo=Migrad, strategy=0, tolerance=0.1
CascadeMinimizer.cc[215] : (in function: improveOnce) - Minimization finished with status=0
CascadeMinimizer.cc[219] : (in function: improveOnce) - Minimization success! status=0
AsymptoticLimits.cc[552] : (in function: findExpectedLimitFromCrossing) - At r = 98.000000:	delta(nll) = 0.01830

CascadeMinimizer.cc[188] : (in function: improveOnce) - Minimization configured with Type=Minuit2, Algo=Migrad, strategy=0, tolerance=0.1
CascadeMinimizer.cc[215] : (in function: improveOnce) - Minimization finished with status=0
CascadeMinimizer.cc[219] : (in function: improveOnce) - Minimization success! status=0
AsymptoticLimits.cc[552] : (in function: findExpectedLimitFromCrossing) - At r = 99.000000:	delta(nll) = 0.01871

CascadeMinimizer.cc[188] : (in function: improveOnce) - Minimization configured with Type=Minuit2, Algo=Migrad, strategy=0, tolerance=0.1
CascadeMinimizer.cc[215] : (in function: improveOnce) - Minimization finished with status=0
CascadeMinimizer.cc[219] : (in function: improveOnce) - Minimization success! status=0
AsymptoticLimits.cc[552] : (in function: findExpectedLimitFromCrossing) - At r = 100.000000:	delta(nll) = 0.01912

CascadeMinimizer.cc[188] : (in function: improveOnce) - Minimization configured with Type=Minuit2, Algo=Migrad, strategy=0, tolerance=0.1
CascadeMinimizer.cc[215] : (in function: improveOnce) - Minimization finished with status=0
CascadeMinimizer.cc[219] : (in function: improveOnce) - Minimization success! status=0
AsymptoticLimits.cc[552] : (in function: findExpectedLimitFromCrossing) - At r = 101.000000:	delta(nll) = 0.01956

CascadeMinimizer.cc[188] : (in function: improveOnce) - Minimization configured with Type=Minuit2, Algo=Migrad, strategy=0, tolerance=0.1
CascadeMinimizer.cc[215] : (in function: improveOnce) - Minimization finished with status=0
CascadeMinimizer.cc[219] : (in function: improveOnce) - Minimization success! status=0
AsymptoticLimits.cc[552] : (in function: findExpectedLimitFromCrossing) - At r = 102.000000:	delta(nll) = 0.02001

CascadeMinimizer.cc[188] : (in function: improveOnce) - Minimization configured with Type=Minuit2, Algo=Migrad, strategy=0, tolerance=0.1
CascadeMinimizer.cc[215] : (in function: improveOnce) - Minimization finished with status=0
CascadeMinimizer.cc[219] : (in function: improveOnce) - Minimization success! status=0
AsymptoticLimits.cc[552] : (in function: findExpectedLimitFromCrossing) - At r = 103.000000:	delta(nll) = 0.02047

CascadeMinimizer.cc[188] : (in function: improveOnce) - Minimization configured with Type=Minuit2, Algo=Migrad, strategy=0, tolerance=0.1
CascadeMinimizer.cc[215] : (in function: improveOnce) - Minimization finished with status=0
CascadeMinimizer.cc[219] : (in function: improveOnce) - Minimization success! status=0
AsymptoticLimits.cc[552] : (in function: findExpectedLimitFromCrossing) - At r = 104.000000:	delta(nll) = 0.02094

CascadeMinimizer.cc[188] : (in function: improveOnce) - Minimization configured with Type=Minuit2, Algo=Migrad, strategy=0, tolerance=0.1
CascadeMinimizer.cc[215] : (in function: improveOnce) - Minimization finished with status=0
CascadeMinimizer.cc[219] : (in function: improveOnce) - Minimization success! status=0
AsymptoticLimits.cc[552] : (in function: findExpectedLimitFromCrossing) - At r = 105.000000:	delta(nll) = 0.02142

CascadeMinimizer.cc[188] : (in function: improveOnce) - Minimization configured with Type=Minuit2, Algo=Migrad, strategy=0, tolerance=0.1
CascadeMinimizer.cc[215] : (in function: improveOnce) - Minimization finished with status=0
CascadeMinimizer.cc[219] : (in function: improveOnce) - Minimization success! status=0
AsymptoticLimits.cc[552] : (in function: findExpectedLimitFromCrossing) - At r = 106.000000:	delta(nll) = 0.02190

CascadeMinimizer.cc[188] : (in function: improveOnce) - Minimization configured with Type=Minuit2, Algo=Migrad, strategy=0, tolerance=0.1
CascadeMinimizer.cc[215] : (in function: improveOnce) - Minimization finished with status=0
CascadeMinimizer.cc[219] : (in function: improveOnce) - Minimization success! status=0
AsymptoticLimits.cc[552] : (in function: findExpectedLimitFromCrossing) - At r = 107.000000:	delta(nll) = 0.02239

CascadeMinimizer.cc[188] : (in function: improveOnce) - Minimization configured with Type=Minuit2, Algo=Migrad, strategy=0, tolerance=0.1
CascadeMinimizer.cc[215] : (in function: improveOnce) - Minimization finished with status=0
CascadeMinimizer.cc[219] : (in function: improveOnce) - Minimization success! status=0
AsymptoticLimits.cc[552] : (in function: findExpectedLimitFromCrossing) - At r = 108.000000:	delta(nll) = 0.02289

CascadeMinimizer.cc[188] : (in function: improveOnce) - Minimization configured with Type=Minuit2, Algo=Migrad, strategy=0, tolerance=0.1
CascadeMinimizer.cc[215] : (in function: improveOnce) - Minimization finished with status=0
CascadeMinimizer.cc[219] : (in function: improveOnce) - Minimization success! status=0
AsymptoticLimits.cc[552] : (in function: findExpectedLimitFromCrossing) - At r = 109.000000:	delta(nll) = 0.02338

CascadeMinimizer.cc[188] : (in function: improveOnce) - Minimization configured with Type=Minuit2, Algo=Migrad, strategy=0, tolerance=0.1
CascadeMinimizer.cc[215] : (in function: improveOnce) - Minimization finished with status=0
CascadeMinimizer.cc[219] : (in function: improveOnce) - Minimization success! status=0
AsymptoticLimits.cc[552] : (in function: findExpectedLimitFromCrossing) - At r = 110.000000:	delta(nll) = 0.02305

CascadeMinimizer.cc[188] : (in function: improveOnce) - Minimization configured with Type=Minuit2, Algo=Migrad, strategy=0, tolerance=0.1
CascadeMinimizer.cc[215] : (in function: improveOnce) - Minimization finished with status=0
CascadeMinimizer.cc[219] : (in function: improveOnce) - Minimization success! status=0
AsymptoticLimits.cc[552] : (in function: findExpectedLimitFromCrossing) - At r = 111.000000:	delta(nll) = 0.02348

CascadeMinimizer.cc[188] : (in function: improveOnce) - Minimization configured with Type=Minuit2, Algo=Migrad, strategy=0, tolerance=0.1
CascadeMinimizer.cc[215] : (in function: improveOnce) - Minimization finished with status=0
CascadeMinimizer.cc[219] : (in function: improveOnce) - Minimization success! status=0
AsymptoticLimits.cc[552] : (in function: findExpectedLimitFromCrossing) - At r = 112.000000:	delta(nll) = 0.02394

CascadeMinimizer.cc[188] : (in function: improveOnce) - Minimization configured with Type=Minuit2, Algo=Migrad, strategy=0, tolerance=0.1
CascadeMinimizer.cc[215] : (in function: improveOnce) - Minimization finished with status=0
CascadeMinimizer.cc[219] : (in function: improveOnce) - Minimization success! status=0
AsymptoticLimits.cc[552] : (in function: findExpectedLimitFromCrossing) - At r = 113.000000:	delta(nll) = 0.02441

CascadeMinimizer.cc[188] : (in function: improveOnce) - Minimization configured with Type=Minuit2, Algo=Migrad, strategy=0, tolerance=0.1
CascadeMinimizer.cc[215] : (in function: improveOnce) - Minimization finished with status=0
CascadeMinimizer.cc[219] : (in function: improveOnce) - Minimization success! status=0
AsymptoticLimits.cc[552] : (in function: findExpectedLimitFromCrossing) - At r = 114.000000:	delta(nll) = 0.02490

CascadeMinimizer.cc[188] : (in function: improveOnce) - Minimization configured with Type=Minuit2, Algo=Migrad, strategy=0, tolerance=0.1
CascadeMinimizer.cc[215] : (in function: improveOnce) - Minimization finished with status=0
CascadeMinimizer.cc[219] : (in function: improveOnce) - Minimization success! status=0
AsymptoticLimits.cc[552] : (in function: findExpectedLimitFromCrossing) - At r = 115.000000:	delta(nll) = 0.02540

CascadeMinimizer.cc[188] : (in function: improveOnce) - Minimization configured with Type=Minuit2, Algo=Migrad, strategy=0, tolerance=0.1
CascadeMinimizer.cc[215] : (in function: improveOnce) - Minimization finished with status=0
CascadeMinimizer.cc[219] : (in function: improveOnce) - Minimization success! status=0
AsymptoticLimits.cc[552] : (in function: findExpectedLimitFromCrossing) - At r = 116.000000:	delta(nll) = 0.02590

CascadeMinimizer.cc[188] : (in function: improveOnce) - Minimization configured with Type=Minuit2, Algo=Migrad, strategy=0, tolerance=0.1
CascadeMinimizer.cc[215] : (in function: improveOnce) - Minimization finished with status=0
CascadeMinimizer.cc[219] : (in function: improveOnce) - Minimization success! status=0
AsymptoticLimits.cc[552] : (in function: findExpectedLimitFromCrossing) - At r = 117.000000:	delta(nll) = 0.02642

CascadeMinimizer.cc[188] : (in function: improveOnce) - Minimization configured with Type=Minuit2, Algo=Migrad, strategy=0, tolerance=0.1
CascadeMinimizer.cc[215] : (in function: improveOnce) - Minimization finished with status=0
CascadeMinimizer.cc[219] : (in function: improveOnce) - Minimization success! status=0
AsymptoticLimits.cc[552] : (in function: findExpectedLimitFromCrossing) - At r = 118.000000:	delta(nll) = 0.02695

CascadeMinimizer.cc[188] : (in function: improveOnce) - Minimization configured with Type=Minuit2, Algo=Migrad, strategy=0, tolerance=0.1
CascadeMinimizer.cc[215] : (in function: improveOnce) - Minimization finished with status=0
CascadeMinimizer.cc[219] : (in function: improveOnce) - Minimization success! status=0
AsymptoticLimits.cc[552] : (in function: findExpectedLimitFromCrossing) - At r = 119.000000:	delta(nll) = 0.02748

CascadeMinimizer.cc[188] : (in function: improveOnce) - Minimization configured with Type=Minuit2, Algo=Migrad, strategy=0, tolerance=0.1
CascadeMinimizer.cc[215] : (in function: improveOnce) - Minimization finished with status=0
CascadeMinimizer.cc[219] : (in function: improveOnce) - Minimization success! status=0
AsymptoticLimits.cc[552] : (in function: findExpectedLimitFromCrossing) - At r = 120.000000:	delta(nll) = 0.02801

CascadeMinimizer.cc[188] : (in function: improveOnce) - Minimization configured with Type=Minuit2, Algo=Migrad, strategy=0, tolerance=0.1
CascadeMinimizer.cc[215] : (in function: improveOnce) - Minimization finished with status=0
CascadeMinimizer.cc[219] : (in function: improveOnce) - Minimization success! status=0
AsymptoticLimits.cc[552] : (in function: findExpectedLimitFromCrossing) - At r = 121.000000:	delta(nll) = 0.02856

CascadeMinimizer.cc[188] : (in function: improveOnce) - Minimization configured with Type=Minuit2, Algo=Migrad, strategy=0, tolerance=0.1
CascadeMinimizer.cc[215] : (in function: improveOnce) - Minimization finished with status=0
CascadeMinimizer.cc[219] : (in function: improveOnce) - Minimization success! status=0
AsymptoticLimits.cc[552] : (in function: findExpectedLimitFromCrossing) - At r = 122.000000:	delta(nll) = 0.02909

CascadeMinimizer.cc[188] : (in function: improveOnce) - Minimization configured with Type=Minuit2, Algo=Migrad, strategy=0, tolerance=0.1
CascadeMinimizer.cc[215] : (in function: improveOnce) - Minimization finished with status=0
CascadeMinimizer.cc[219] : (in function: improveOnce) - Minimization success! status=0
AsymptoticLimits.cc[552] : (in function: findExpectedLimitFromCrossing) - At r = 123.000000:	delta(nll) = 0.02883

CascadeMinimizer.cc[188] : (in function: improveOnce) - Minimization configured with Type=Minuit2, Algo=Migrad, strategy=0, tolerance=0.1
CascadeMinimizer.cc[215] : (in function: improveOnce) - Minimization finished with status=0
CascadeMinimizer.cc[219] : (in function: improveOnce) - Minimization success! status=0
AsymptoticLimits.cc[552] : (in function: findExpectedLimitFromCrossing) - At r = 124.000000:	delta(nll) = 0.02931

CascadeMinimizer.cc[188] : (in function: improveOnce) - Minimization configured with Type=Minuit2, Algo=Migrad, strategy=0, tolerance=0.1
CascadeMinimizer.cc[215] : (in function: improveOnce) - Minimization finished with status=0
CascadeMinimizer.cc[219] : (in function: improveOnce) - Minimization success! status=0
AsymptoticLimits.cc[552] : (in function: findExpectedLimitFromCrossing) - At r = 125.000000:	delta(nll) = 0.02981

CascadeMinimizer.cc[188] : (in function: improveOnce) - Minimization configured with Type=Minuit2, Algo=Migrad, strategy=0, tolerance=0.1
CascadeMinimizer.cc[215] : (in function: improveOnce) - Minimization finished with status=0
CascadeMinimizer.cc[219] : (in function: improveOnce) - Minimization success! status=0
AsymptoticLimits.cc[552] : (in function: findExpectedLimitFromCrossing) - At r = 126.000000:	delta(nll) = 0.03033

CascadeMinimizer.cc[188] : (in function: improveOnce) - Minimization configured with Type=Minuit2, Algo=Migrad, strategy=0, tolerance=0.1
CascadeMinimizer.cc[215] : (in function: improveOnce) - Minimization finished with status=0
CascadeMinimizer.cc[219] : (in function: improveOnce) - Minimization success! status=0
AsymptoticLimits.cc[552] : (in function: findExpectedLimitFromCrossing) - At r = 127.000000:	delta(nll) = 0.03087

CascadeMinimizer.cc[188] : (in function: improveOnce) - Minimization configured with Type=Minuit2, Algo=Migrad, strategy=0, tolerance=0.1
CascadeMinimizer.cc[215] : (in function: improveOnce) - Minimization finished with status=0
CascadeMinimizer.cc[219] : (in function: improveOnce) - Minimization success! status=0
AsymptoticLimits.cc[552] : (in function: findExpectedLimitFromCrossing) - At r = 128.000000:	delta(nll) = 0.03141

CascadeMinimizer.cc[188] : (in function: improveOnce) - Minimization configured with Type=Minuit2, Algo=Migrad, strategy=0, tolerance=0.1
CascadeMinimizer.cc[215] : (in function: improveOnce) - Minimization finished with status=0
CascadeMinimizer.cc[219] : (in function: improveOnce) - Minimization success! status=0
AsymptoticLimits.cc[552] : (in function: findExpectedLimitFromCrossing) - At r = 129.000000:	delta(nll) = 0.03197

CascadeMinimizer.cc[188] : (in function: improveOnce) - Minimization configured with Type=Minuit2, Algo=Migrad, strategy=0, tolerance=0.1
CascadeMinimizer.cc[215] : (in function: improveOnce) - Minimization finished with status=0
CascadeMinimizer.cc[219] : (in function: improveOnce) - Minimization success! status=0
AsymptoticLimits.cc[552] : (in function: findExpectedLimitFromCrossing) - At r = 130.000000:	delta(nll) = 0.03253

CascadeMinimizer.cc[188] : (in function: improveOnce) - Minimization configured with Type=Minuit2, Algo=Migrad, strategy=0, tolerance=0.1
CascadeMinimizer.cc[215] : (in function: improveOnce) - Minimization finished with status=0
CascadeMinimizer.cc[219] : (in function: improveOnce) - Minimization success! status=0
AsymptoticLimits.cc[552] : (in function: findExpectedLimitFromCrossing) - At r = 131.000000:	delta(nll) = 0.03311

CascadeMinimizer.cc[188] : (in function: improveOnce) - Minimization configured with Type=Minuit2, Algo=Migrad, strategy=0, tolerance=0.1
CascadeMinimizer.cc[215] : (in function: improveOnce) - Minimization finished with status=0
CascadeMinimizer.cc[219] : (in function: improveOnce) - Minimization success! status=0
AsymptoticLimits.cc[552] : (in function: findExpectedLimitFromCrossing) - At r = 132.000000:	delta(nll) = 0.03369

CascadeMinimizer.cc[188] : (in function: improveOnce) - Minimization configured with Type=Minuit2, Algo=Migrad, strategy=0, tolerance=0.1
CascadeMinimizer.cc[215] : (in function: improveOnce) - Minimization finished with status=0
CascadeMinimizer.cc[219] : (in function: improveOnce) - Minimization success! status=0
AsymptoticLimits.cc[552] : (in function: findExpectedLimitFromCrossing) - At r = 133.000000:	delta(nll) = 0.03427

CascadeMinimizer.cc[188] : (in function: improveOnce) - Minimization configured with Type=Minuit2, Algo=Migrad, strategy=0, tolerance=0.1
CascadeMinimizer.cc[215] : (in function: improveOnce) - Minimization finished with status=0
CascadeMinimizer.cc[219] : (in function: improveOnce) - Minimization success! status=0
AsymptoticLimits.cc[552] : (in function: findExpectedLimitFromCrossing) - At r = 134.000000:	delta(nll) = 0.03485

CascadeMinimizer.cc[188] : (in function: improveOnce) - Minimization configured with Type=Minuit2, Algo=Migrad, strategy=0, tolerance=0.1
CascadeMinimizer.cc[215] : (in function: improveOnce) - Minimization finished with status=0
CascadeMinimizer.cc[219] : (in function: improveOnce) - Minimization success! status=0
AsymptoticLimits.cc[552] : (in function: findExpectedLimitFromCrossing) - At r = 135.000000:	delta(nll) = 0.03532

CascadeMinimizer.cc[188] : (in function: improveOnce) - Minimization configured with Type=Minuit2, Algo=Migrad, strategy=0, tolerance=0.1
CascadeMinimizer.cc[215] : (in function: improveOnce) - Minimization finished with status=0
CascadeMinimizer.cc[219] : (in function: improveOnce) - Minimization success! status=0
AsymptoticLimits.cc[552] : (in function: findExpectedLimitFromCrossing) - At r = 136.000000:	delta(nll) = 0.03590

CascadeMinimizer.cc[188] : (in function: improveOnce) - Minimization configured with Type=Minuit2, Algo=Migrad, strategy=0, tolerance=0.1
CascadeMinimizer.cc[215] : (in function: improveOnce) - Minimization finished with status=0
CascadeMinimizer.cc[219] : (in function: improveOnce) - Minimization success! status=0
AsymptoticLimits.cc[552] : (in function: findExpectedLimitFromCrossing) - At r = 137.000000:	delta(nll) = 0.03639

CascadeMinimizer.cc[188] : (in function: improveOnce) - Minimization configured with Type=Minuit2, Algo=Migrad, strategy=0, tolerance=0.1
CascadeMinimizer.cc[215] : (in function: improveOnce) - Minimization finished with status=0
CascadeMinimizer.cc[219] : (in function: improveOnce) - Minimization success! status=0
AsymptoticLimits.cc[552] : (in function: findExpectedLimitFromCrossing) - At r = 138.000000:	delta(nll) = 0.03698

CascadeMinimizer.cc[188] : (in function: improveOnce) - Minimization configured with Type=Minuit2, Algo=Migrad, strategy=0, tolerance=0.1
CascadeMinimizer.cc[215] : (in function: improveOnce) - Minimization finished with status=0
CascadeMinimizer.cc[219] : (in function: improveOnce) - Minimization success! status=0
AsymptoticLimits.cc[552] : (in function: findExpectedLimitFromCrossing) - At r = 139.000000:	delta(nll) = 0.03747

CascadeMinimizer.cc[188] : (in function: improveOnce) - Minimization configured with Type=Minuit2, Algo=Migrad, strategy=0, tolerance=0.1
CascadeMinimizer.cc[215] : (in function: improveOnce) - Minimization finished with status=0
CascadeMinimizer.cc[219] : (in function: improveOnce) - Minimization success! status=0
AsymptoticLimits.cc[552] : (in function: findExpectedLimitFromCrossing) - At r = 140.000000:	delta(nll) = 0.03807

CascadeMinimizer.cc[188] : (in function: improveOnce) - Minimization configured with Type=Minuit2, Algo=Migrad, strategy=0, tolerance=0.1
CascadeMinimizer.cc[215] : (in function: improveOnce) - Minimization finished with status=0
CascadeMinimizer.cc[219] : (in function: improveOnce) - Minimization success! status=0
AsymptoticLimits.cc[552] : (in function: findExpectedLimitFromCrossing) - At r = 141.000000:	delta(nll) = 0.03856

CascadeMinimizer.cc[188] : (in function: improveOnce) - Minimization configured with Type=Minuit2, Algo=Migrad, strategy=0, tolerance=0.1
CascadeMinimizer.cc[215] : (in function: improveOnce) - Minimization finished with status=0
CascadeMinimizer.cc[219] : (in function: improveOnce) - Minimization success! status=0
AsymptoticLimits.cc[552] : (in function: findExpectedLimitFromCrossing) - At r = 142.000000:	delta(nll) = 0.03917

CascadeMinimizer.cc[188] : (in function: improveOnce) - Minimization configured with Type=Minuit2, Algo=Migrad, strategy=0, tolerance=0.1
CascadeMinimizer.cc[215] : (in function: improveOnce) - Minimization finished with status=0
CascadeMinimizer.cc[219] : (in function: improveOnce) - Minimization success! status=0
AsymptoticLimits.cc[552] : (in function: findExpectedLimitFromCrossing) - At r = 143.000000:	delta(nll) = 0.03966

CascadeMinimizer.cc[188] : (in function: improveOnce) - Minimization configured with Type=Minuit2, Algo=Migrad, strategy=0, tolerance=0.1
CascadeMinimizer.cc[215] : (in function: improveOnce) - Minimization finished with status=0
CascadeMinimizer.cc[219] : (in function: improveOnce) - Minimization success! status=0
AsymptoticLimits.cc[552] : (in function: findExpectedLimitFromCrossing) - At r = 144.000000:	delta(nll) = 0.04027

CascadeMinimizer.cc[188] : (in function: improveOnce) - Minimization configured with Type=Minuit2, Algo=Migrad, strategy=0, tolerance=0.1
CascadeMinimizer.cc[215] : (in function: improveOnce) - Minimization finished with status=0
CascadeMinimizer.cc[219] : (in function: improveOnce) - Minimization success! status=0
AsymptoticLimits.cc[552] : (in function: findExpectedLimitFromCrossing) - At r = 145.000000:	delta(nll) = 0.04008

CascadeMinimizer.cc[188] : (in function: improveOnce) - Minimization configured with Type=Minuit2, Algo=Migrad, strategy=0, tolerance=0.1
CascadeMinimizer.cc[215] : (in function: improveOnce) - Minimization finished with status=0
CascadeMinimizer.cc[219] : (in function: improveOnce) - Minimization success! status=0
AsymptoticLimits.cc[552] : (in function: findExpectedLimitFromCrossing) - At r = 146.000000:	delta(nll) = 0.04065

CascadeMinimizer.cc[188] : (in function: improveOnce) - Minimization configured with Type=Minuit2, Algo=Migrad, strategy=0, tolerance=0.1
CascadeMinimizer.cc[215] : (in function: improveOnce) - Minimization finished with status=0
CascadeMinimizer.cc[219] : (in function: improveOnce) - Minimization success! status=0
AsymptoticLimits.cc[552] : (in function: findExpectedLimitFromCrossing) - At r = 147.000000:	delta(nll) = 0.04124

CascadeMinimizer.cc[188] : (in function: improveOnce) - Minimization configured with Type=Minuit2, Algo=Migrad, strategy=0, tolerance=0.1
CascadeMinimizer.cc[215] : (in function: improveOnce) - Minimization finished with status=0
CascadeMinimizer.cc[219] : (in function: improveOnce) - Minimization success! status=0
AsymptoticLimits.cc[552] : (in function: findExpectedLimitFromCrossing) - At r = 148.000000:	delta(nll) = 0.04185

CascadeMinimizer.cc[188] : (in function: improveOnce) - Minimization configured with Type=Minuit2, Algo=Migrad, strategy=0, tolerance=0.1
CascadeMinimizer.cc[215] : (in function: improveOnce) - Minimization finished with status=0
CascadeMinimizer.cc[219] : (in function: improveOnce) - Minimization success! status=0
AsymptoticLimits.cc[552] : (in function: findExpectedLimitFromCrossing) - At r = 149.000000:	delta(nll) = 0.04246

CascadeMinimizer.cc[188] : (in function: improveOnce) - Minimization configured with Type=Minuit2, Algo=Migrad, strategy=0, tolerance=0.1
CascadeMinimizer.cc[215] : (in function: improveOnce) - Minimization finished with status=0
CascadeMinimizer.cc[219] : (in function: improveOnce) - Minimization success! status=0
AsymptoticLimits.cc[552] : (in function: findExpectedLimitFromCrossing) - At r = 150.000000:	delta(nll) = 0.04310

CascadeMinimizer.cc[188] : (in function: improveOnce) - Minimization configured with Type=Minuit2, Algo=Migrad, strategy=0, tolerance=0.1
CascadeMinimizer.cc[215] : (in function: improveOnce) - Minimization finished with status=0
CascadeMinimizer.cc[219] : (in function: improveOnce) - Minimization success! status=0
AsymptoticLimits.cc[552] : (in function: findExpectedLimitFromCrossing) - At r = 151.000000:	delta(nll) = 0.04374

CascadeMinimizer.cc[188] : (in function: improveOnce) - Minimization configured with Type=Minuit2, Algo=Migrad, strategy=0, tolerance=0.1
CascadeMinimizer.cc[215] : (in function: improveOnce) - Minimization finished with status=0
CascadeMinimizer.cc[219] : (in function: improveOnce) - Minimization success! status=0
AsymptoticLimits.cc[552] : (in function: findExpectedLimitFromCrossing) - At r = 152.000000:	delta(nll) = 0.04438

CascadeMinimizer.cc[188] : (in function: improveOnce) - Minimization configured with Type=Minuit2, Algo=Migrad, strategy=0, tolerance=0.1
CascadeMinimizer.cc[215] : (in function: improveOnce) - Minimization finished with status=0
CascadeMinimizer.cc[219] : (in function: improveOnce) - Minimization success! status=0
AsymptoticLimits.cc[552] : (in function: findExpectedLimitFromCrossing) - At r = 153.000000:	delta(nll) = 0.04503

CascadeMinimizer.cc[188] : (in function: improveOnce) - Minimization configured with Type=Minuit2, Algo=Migrad, strategy=0, tolerance=0.1
CascadeMinimizer.cc[215] : (in function: improveOnce) - Minimization finished with status=0
CascadeMinimizer.cc[219] : (in function: improveOnce) - Minimization success! status=0
AsymptoticLimits.cc[552] : (in function: findExpectedLimitFromCrossing) - At r = 154.000000:	delta(nll) = 0.04569

CascadeMinimizer.cc[188] : (in function: improveOnce) - Minimization configured with Type=Minuit2, Algo=Migrad, strategy=0, tolerance=0.1
CascadeMinimizer.cc[215] : (in function: improveOnce) - Minimization finished with status=0
CascadeMinimizer.cc[219] : (in function: improveOnce) - Minimization success! status=0
AsymptoticLimits.cc[552] : (in function: findExpectedLimitFromCrossing) - At r = 155.000000:	delta(nll) = 0.04626

CascadeMinimizer.cc[188] : (in function: improveOnce) - Minimization configured with Type=Minuit2, Algo=Migrad, strategy=0, tolerance=0.1
CascadeMinimizer.cc[215] : (in function: improveOnce) - Minimization finished with status=0
CascadeMinimizer.cc[219] : (in function: improveOnce) - Minimization success! status=0
AsymptoticLimits.cc[552] : (in function: findExpectedLimitFromCrossing) - At r = 156.000000:	delta(nll) = 0.04693

CascadeMinimizer.cc[188] : (in function: improveOnce) - Minimization configured with Type=Minuit2, Algo=Migrad, strategy=0, tolerance=0.1
CascadeMinimizer.cc[215] : (in function: improveOnce) - Minimization finished with status=0
CascadeMinimizer.cc[219] : (in function: improveOnce) - Minimization success! status=0
AsymptoticLimits.cc[552] : (in function: findExpectedLimitFromCrossing) - At r = 157.000000:	delta(nll) = 0.04751

CascadeMinimizer.cc[188] : (in function: improveOnce) - Minimization configured with Type=Minuit2, Algo=Migrad, strategy=0, tolerance=0.1
CascadeMinimizer.cc[215] : (in function: improveOnce) - Minimization finished with status=0
CascadeMinimizer.cc[219] : (in function: improveOnce) - Minimization success! status=0
AsymptoticLimits.cc[552] : (in function: findExpectedLimitFromCrossing) - At r = 158.000000:	delta(nll) = 0.04819

CascadeMinimizer.cc[188] : (in function: improveOnce) - Minimization configured with Type=Minuit2, Algo=Migrad, strategy=0, tolerance=0.1
CascadeMinimizer.cc[215] : (in function: improveOnce) - Minimization finished with status=0
CascadeMinimizer.cc[219] : (in function: improveOnce) - Minimization success! status=0
AsymptoticLimits.cc[552] : (in function: findExpectedLimitFromCrossing) - At r = 159.000000:	delta(nll) = 0.04876

CascadeMinimizer.cc[188] : (in function: improveOnce) - Minimization configured with Type=Minuit2, Algo=Migrad, strategy=0, tolerance=0.1
CascadeMinimizer.cc[215] : (in function: improveOnce) - Minimization finished with status=0
CascadeMinimizer.cc[219] : (in function: improveOnce) - Minimization success! status=0
AsymptoticLimits.cc[552] : (in function: findExpectedLimitFromCrossing) - At r = 160.000000:	delta(nll) = 0.04945

CascadeMinimizer.cc[188] : (in function: improveOnce) - Minimization configured with Type=Minuit2, Algo=Migrad, strategy=0, tolerance=0.1
CascadeMinimizer.cc[215] : (in function: improveOnce) - Minimization finished with status=0
CascadeMinimizer.cc[219] : (in function: improveOnce) - Minimization success! status=0
AsymptoticLimits.cc[552] : (in function: findExpectedLimitFromCrossing) - At r = 161.000000:	delta(nll) = 0.05002

CascadeMinimizer.cc[188] : (in function: improveOnce) - Minimization configured with Type=Minuit2, Algo=Migrad, strategy=0, tolerance=0.1
CascadeMinimizer.cc[215] : (in function: improveOnce) - Minimization finished with status=0
CascadeMinimizer.cc[219] : (in function: improveOnce) - Minimization success! status=0
AsymptoticLimits.cc[552] : (in function: findExpectedLimitFromCrossing) - At r = 162.000000:	delta(nll) = 0.05071

CascadeMinimizer.cc[188] : (in function: improveOnce) - Minimization configured with Type=Minuit2, Algo=Migrad, strategy=0, tolerance=0.1
CascadeMinimizer.cc[215] : (in function: improveOnce) - Minimization finished with status=0
CascadeMinimizer.cc[219] : (in function: improveOnce) - Minimization success! status=0
AsymptoticLimits.cc[552] : (in function: findExpectedLimitFromCrossing) - At r = 163.000000:	delta(nll) = 0.05128

CascadeMinimizer.cc[188] : (in function: improveOnce) - Minimization configured with Type=Minuit2, Algo=Migrad, strategy=0, tolerance=0.1
CascadeMinimizer.cc[215] : (in function: improveOnce) - Minimization finished with status=0
CascadeMinimizer.cc[219] : (in function: improveOnce) - Minimization success! status=0
AsymptoticLimits.cc[552] : (in function: findExpectedLimitFromCrossing) - At r = 164.000000:	delta(nll) = 0.05198

CascadeMinimizer.cc[188] : (in function: improveOnce) - Minimization configured with Type=Minuit2, Algo=Migrad, strategy=0, tolerance=0.1
CascadeMinimizer.cc[215] : (in function: improveOnce) - Minimization finished with status=0
CascadeMinimizer.cc[219] : (in function: improveOnce) - Minimization success! status=0
AsymptoticLimits.cc[552] : (in function: findExpectedLimitFromCrossing) - At r = 165.000000:	delta(nll) = 0.05255

CascadeMinimizer.cc[188] : (in function: improveOnce) - Minimization configured with Type=Minuit2, Algo=Migrad, strategy=0, tolerance=0.1
CascadeMinimizer.cc[215] : (in function: improveOnce) - Minimization finished with status=0
CascadeMinimizer.cc[219] : (in function: improveOnce) - Minimization success! status=0
AsymptoticLimits.cc[552] : (in function: findExpectedLimitFromCrossing) - At r = 166.000000:	delta(nll) = 0.05325

CascadeMinimizer.cc[188] : (in function: improveOnce) - Minimization configured with Type=Minuit2, Algo=Migrad, strategy=0, tolerance=0.1
CascadeMinimizer.cc[215] : (in function: improveOnce) - Minimization finished with status=0
CascadeMinimizer.cc[219] : (in function: improveOnce) - Minimization success! status=0
AsymptoticLimits.cc[552] : (in function: findExpectedLimitFromCrossing) - At r = 167.000000:	delta(nll) = 0.05382

CascadeMinimizer.cc[188] : (in function: improveOnce) - Minimization configured with Type=Minuit2, Algo=Migrad, strategy=0, tolerance=0.1
CascadeMinimizer.cc[215] : (in function: improveOnce) - Minimization finished with status=0
CascadeMinimizer.cc[219] : (in function: improveOnce) - Minimization success! status=0
AsymptoticLimits.cc[552] : (in function: findExpectedLimitFromCrossing) - At r = 168.000000:	delta(nll) = 0.05452

CascadeMinimizer.cc[188] : (in function: improveOnce) - Minimization configured with Type=Minuit2, Algo=Migrad, strategy=0, tolerance=0.1
CascadeMinimizer.cc[215] : (in function: improveOnce) - Minimization finished with status=0
CascadeMinimizer.cc[219] : (in function: improveOnce) - Minimization success! status=0
AsymptoticLimits.cc[552] : (in function: findExpectedLimitFromCrossing) - At r = 169.000000:	delta(nll) = 0.05511

CascadeMinimizer.cc[188] : (in function: improveOnce) - Minimization configured with Type=Minuit2, Algo=Migrad, strategy=0, tolerance=0.1
CascadeMinimizer.cc[215] : (in function: improveOnce) - Minimization finished with status=0
CascadeMinimizer.cc[219] : (in function: improveOnce) - Minimization success! status=0
AsymptoticLimits.cc[552] : (in function: findExpectedLimitFromCrossing) - At r = 170.000000:	delta(nll) = 0.05583

CascadeMinimizer.cc[188] : (in function: improveOnce) - Minimization configured with Type=Minuit2, Algo=Migrad, strategy=0, tolerance=0.1
CascadeMinimizer.cc[215] : (in function: improveOnce) - Minimization finished with status=0
CascadeMinimizer.cc[219] : (in function: improveOnce) - Minimization success! status=0
AsymptoticLimits.cc[552] : (in function: findExpectedLimitFromCrossing) - At r = 171.000000:	delta(nll) = 0.05641

CascadeMinimizer.cc[188] : (in function: improveOnce) - Minimization configured with Type=Minuit2, Algo=Migrad, strategy=0, tolerance=0.1
CascadeMinimizer.cc[215] : (in function: improveOnce) - Minimization finished with status=0
CascadeMinimizer.cc[219] : (in function: improveOnce) - Minimization success! status=0
AsymptoticLimits.cc[552] : (in function: findExpectedLimitFromCrossing) - At r = 172.000000:	delta(nll) = 0.05714

CascadeMinimizer.cc[188] : (in function: improveOnce) - Minimization configured with Type=Minuit2, Algo=Migrad, strategy=0, tolerance=0.1
CascadeMinimizer.cc[215] : (in function: improveOnce) - Minimization finished with status=0
CascadeMinimizer.cc[219] : (in function: improveOnce) - Minimization success! status=0
AsymptoticLimits.cc[552] : (in function: findExpectedLimitFromCrossing) - At r = 173.000000:	delta(nll) = 0.05772

CascadeMinimizer.cc[188] : (in function: improveOnce) - Minimization configured with Type=Minuit2, Algo=Migrad, strategy=0, tolerance=0.1
CascadeMinimizer.cc[215] : (in function: improveOnce) - Minimization finished with status=0
CascadeMinimizer.cc[219] : (in function: improveOnce) - Minimization success! status=0
AsymptoticLimits.cc[552] : (in function: findExpectedLimitFromCrossing) - At r = 174.000000:	delta(nll) = 0.05845

CascadeMinimizer.cc[188] : (in function: improveOnce) - Minimization configured with Type=Minuit2, Algo=Migrad, strategy=0, tolerance=0.1
CascadeMinimizer.cc[215] : (in function: improveOnce) - Minimization finished with status=0
CascadeMinimizer.cc[219] : (in function: improveOnce) - Minimization success! status=0
AsymptoticLimits.cc[552] : (in function: findExpectedLimitFromCrossing) - At r = 175.000000:	delta(nll) = 0.05905

CascadeMinimizer.cc[188] : (in function: improveOnce) - Minimization configured with Type=Minuit2, Algo=Migrad, strategy=0, tolerance=0.1
CascadeMinimizer.cc[215] : (in function: improveOnce) - Minimization finished with status=0
CascadeMinimizer.cc[219] : (in function: improveOnce) - Minimization success! status=0
AsymptoticLimits.cc[552] : (in function: findExpectedLimitFromCrossing) - At r = 176.000000:	delta(nll) = 0.05980

CascadeMinimizer.cc[188] : (in function: improveOnce) - Minimization configured with Type=Minuit2, Algo=Migrad, strategy=0, tolerance=0.1
CascadeMinimizer.cc[215] : (in function: improveOnce) - Minimization finished with status=0
CascadeMinimizer.cc[219] : (in function: improveOnce) - Minimization success! status=0
AsymptoticLimits.cc[552] : (in function: findExpectedLimitFromCrossing) - At r = 177.000000:	delta(nll) = 0.06039

CascadeMinimizer.cc[188] : (in function: improveOnce) - Minimization configured with Type=Minuit2, Algo=Migrad, strategy=0, tolerance=0.1
CascadeMinimizer.cc[215] : (in function: improveOnce) - Minimization finished with status=0
CascadeMinimizer.cc[219] : (in function: improveOnce) - Minimization success! status=0
AsymptoticLimits.cc[552] : (in function: findExpectedLimitFromCrossing) - At r = 178.000000:	delta(nll) = 0.06114

CascadeMinimizer.cc[188] : (in function: improveOnce) - Minimization configured with Type=Minuit2, Algo=Migrad, strategy=0, tolerance=0.1
CascadeMinimizer.cc[215] : (in function: improveOnce) - Minimization finished with status=0
CascadeMinimizer.cc[219] : (in function: improveOnce) - Minimization success! status=0
AsymptoticLimits.cc[552] : (in function: findExpectedLimitFromCrossing) - At r = 179.000000:	delta(nll) = 0.06174

CascadeMinimizer.cc[188] : (in function: improveOnce) - Minimization configured with Type=Minuit2, Algo=Migrad, strategy=0, tolerance=0.1
CascadeMinimizer.cc[215] : (in function: improveOnce) - Minimization finished with status=0
CascadeMinimizer.cc[219] : (in function: improveOnce) - Minimization success! status=0
AsymptoticLimits.cc[552] : (in function: findExpectedLimitFromCrossing) - At r = 180.000000:	delta(nll) = 0.06250

CascadeMinimizer.cc[188] : (in function: improveOnce) - Minimization configured with Type=Minuit2, Algo=Migrad, strategy=0, tolerance=0.1
CascadeMinimizer.cc[215] : (in function: improveOnce) - Minimization finished with status=0
CascadeMinimizer.cc[219] : (in function: improveOnce) - Minimization success! status=0
AsymptoticLimits.cc[552] : (in function: findExpectedLimitFromCrossing) - At r = 181.000000:	delta(nll) = 0.06312

CascadeMinimizer.cc[188] : (in function: improveOnce) - Minimization configured with Type=Minuit2, Algo=Migrad, strategy=0, tolerance=0.1
CascadeMinimizer.cc[215] : (in function: improveOnce) - Minimization finished with status=0
CascadeMinimizer.cc[219] : (in function: improveOnce) - Minimization success! status=0
AsymptoticLimits.cc[552] : (in function: findExpectedLimitFromCrossing) - At r = 182.000000:	delta(nll) = 0.06389

CascadeMinimizer.cc[188] : (in function: improveOnce) - Minimization configured with Type=Minuit2, Algo=Migrad, strategy=0, tolerance=0.1
CascadeMinimizer.cc[215] : (in function: improveOnce) - Minimization finished with status=0
CascadeMinimizer.cc[219] : (in function: improveOnce) - Minimization success! status=0
AsymptoticLimits.cc[552] : (in function: findExpectedLimitFromCrossing) - At r = 183.000000:	delta(nll) = 0.06452

CascadeMinimizer.cc[188] : (in function: improveOnce) - Minimization configured with Type=Minuit2, Algo=Migrad, strategy=0, tolerance=0.1
CascadeMinimizer.cc[215] : (in function: improveOnce) - Minimization finished with status=0
CascadeMinimizer.cc[219] : (in function: improveOnce) - Minimization success! status=0
AsymptoticLimits.cc[552] : (in function: findExpectedLimitFromCrossing) - At r = 184.000000:	delta(nll) = 0.06529

CascadeMinimizer.cc[188] : (in function: improveOnce) - Minimization configured with Type=Minuit2, Algo=Migrad, strategy=0, tolerance=0.1
CascadeMinimizer.cc[215] : (in function: improveOnce) - Minimization finished with status=0
CascadeMinimizer.cc[219] : (in function: improveOnce) - Minimization success! status=0
AsymptoticLimits.cc[552] : (in function: findExpectedLimitFromCrossing) - At r = 185.000000:	delta(nll) = 0.06591

CascadeMinimizer.cc[188] : (in function: improveOnce) - Minimization configured with Type=Minuit2, Algo=Migrad, strategy=0, tolerance=0.1
CascadeMinimizer.cc[215] : (in function: improveOnce) - Minimization finished with status=0
CascadeMinimizer.cc[219] : (in function: improveOnce) - Minimization success! status=0
AsymptoticLimits.cc[552] : (in function: findExpectedLimitFromCrossing) - At r = 186.000000:	delta(nll) = 0.06669

CascadeMinimizer.cc[188] : (in function: improveOnce) - Minimization configured with Type=Minuit2, Algo=Migrad, strategy=0, tolerance=0.1
CascadeMinimizer.cc[215] : (in function: improveOnce) - Minimization finished with status=0
CascadeMinimizer.cc[219] : (in function: improveOnce) - Minimization success! status=0
AsymptoticLimits.cc[552] : (in function: findExpectedLimitFromCrossing) - At r = 187.000000:	delta(nll) = 0.06732

CascadeMinimizer.cc[188] : (in function: improveOnce) - Minimization configured with Type=Minuit2, Algo=Migrad, strategy=0, tolerance=0.1
CascadeMinimizer.cc[215] : (in function: improveOnce) - Minimization finished with status=0
CascadeMinimizer.cc[219] : (in function: improveOnce) - Minimization success! status=0
AsymptoticLimits.cc[552] : (in function: findExpectedLimitFromCrossing) - At r = 188.000000:	delta(nll) = 0.06810

CascadeMinimizer.cc[188] : (in function: improveOnce) - Minimization configured with Type=Minuit2, Algo=Migrad, strategy=0, tolerance=0.1
CascadeMinimizer.cc[215] : (in function: improveOnce) - Minimization finished with status=0
CascadeMinimizer.cc[219] : (in function: improveOnce) - Minimization success! status=0
AsymptoticLimits.cc[552] : (in function: findExpectedLimitFromCrossing) - At r = 189.000000:	delta(nll) = 0.06874

CascadeMinimizer.cc[188] : (in function: improveOnce) - Minimization configured with Type=Minuit2, Algo=Migrad, strategy=0, tolerance=0.1
CascadeMinimizer.cc[215] : (in function: improveOnce) - Minimization finished with status=0
CascadeMinimizer.cc[219] : (in function: improveOnce) - Minimization success! status=0
AsymptoticLimits.cc[552] : (in function: findExpectedLimitFromCrossing) - At r = 190.000000:	delta(nll) = 0.06953

CascadeMinimizer.cc[188] : (in function: improveOnce) - Minimization configured with Type=Minuit2, Algo=Migrad, strategy=0, tolerance=0.1
CascadeMinimizer.cc[215] : (in function: improveOnce) - Minimization finished with status=0
CascadeMinimizer.cc[219] : (in function: improveOnce) - Minimization success! status=0
AsymptoticLimits.cc[552] : (in function: findExpectedLimitFromCrossing) - At r = 191.000000:	delta(nll) = 0.07018

CascadeMinimizer.cc[188] : (in function: improveOnce) - Minimization configured with Type=Minuit2, Algo=Migrad, strategy=0, tolerance=0.1
CascadeMinimizer.cc[215] : (in function: improveOnce) - Minimization finished with status=0
CascadeMinimizer.cc[219] : (in function: improveOnce) - Minimization success! status=0
AsymptoticLimits.cc[552] : (in function: findExpectedLimitFromCrossing) - At r = 192.000000:	delta(nll) = 0.07099

CascadeMinimizer.cc[188] : (in function: improveOnce) - Minimization configured with Type=Minuit2, Algo=Migrad, strategy=0, tolerance=0.1
CascadeMinimizer.cc[215] : (in function: improveOnce) - Minimization finished with status=0
CascadeMinimizer.cc[219] : (in function: improveOnce) - Minimization success! status=0
AsymptoticLimits.cc[552] : (in function: findExpectedLimitFromCrossing) - At r = 193.000000:	delta(nll) = 0.07164

CascadeMinimizer.cc[188] : (in function: improveOnce) - Minimization configured with Type=Minuit2, Algo=Migrad, strategy=0, tolerance=0.1
CascadeMinimizer.cc[215] : (in function: improveOnce) - Minimization finished with status=0
CascadeMinimizer.cc[219] : (in function: improveOnce) - Minimization success! status=0
AsymptoticLimits.cc[552] : (in function: findExpectedLimitFromCrossing) - At r = 194.000000:	delta(nll) = 0.07245

CascadeMinimizer.cc[188] : (in function: improveOnce) - Minimization configured with Type=Minuit2, Algo=Migrad, strategy=0, tolerance=0.1
CascadeMinimizer.cc[215] : (in function: improveOnce) - Minimization finished with status=0
CascadeMinimizer.cc[219] : (in function: improveOnce) - Minimization success! status=0
AsymptoticLimits.cc[552] : (in function: findExpectedLimitFromCrossing) - At r = 195.000000:	delta(nll) = 0.07311

CascadeMinimizer.cc[188] : (in function: improveOnce) - Minimization configured with Type=Minuit2, Algo=Migrad, strategy=0, tolerance=0.1
CascadeMinimizer.cc[215] : (in function: improveOnce) - Minimization finished with status=0
CascadeMinimizer.cc[219] : (in function: improveOnce) - Minimization success! status=0
AsymptoticLimits.cc[552] : (in function: findExpectedLimitFromCrossing) - At r = 196.000000:	delta(nll) = 0.07392

CascadeMinimizer.cc[188] : (in function: improveOnce) - Minimization configured with Type=Minuit2, Algo=Migrad, strategy=0, tolerance=0.1
CascadeMinimizer.cc[215] : (in function: improveOnce) - Minimization finished with status=0
CascadeMinimizer.cc[219] : (in function: improveOnce) - Minimization success! status=0
AsymptoticLimits.cc[552] : (in function: findExpectedLimitFromCrossing) - At r = 197.000000:	delta(nll) = 0.07460

CascadeMinimizer.cc[188] : (in function: improveOnce) - Minimization configured with Type=Minuit2, Algo=Migrad, strategy=0, tolerance=0.1
CascadeMinimizer.cc[215] : (in function: improveOnce) - Minimization finished with status=0
CascadeMinimizer.cc[219] : (in function: improveOnce) - Minimization success! status=0
AsymptoticLimits.cc[552] : (in function: findExpectedLimitFromCrossing) - At r = 198.000000:	delta(nll) = 0.07543

CascadeMinimizer.cc[188] : (in function: improveOnce) - Minimization configured with Type=Minuit2, Algo=Migrad, strategy=0, tolerance=0.1
CascadeMinimizer.cc[215] : (in function: improveOnce) - Minimization finished with status=0
CascadeMinimizer.cc[219] : (in function: improveOnce) - Minimization success! status=0
AsymptoticLimits.cc[552] : (in function: findExpectedLimitFromCrossing) - At r = 199.000000:	delta(nll) = 0.07611

CascadeMinimizer.cc[188] : (in function: improveOnce) - Minimization configured with Type=Minuit2, Algo=Migrad, strategy=0, tolerance=0.1
CascadeMinimizer.cc[215] : (in function: improveOnce) - Minimization finished with status=0
CascadeMinimizer.cc[219] : (in function: improveOnce) - Minimization success! status=0
AsymptoticLimits.cc[552] : (in function: findExpectedLimitFromCrossing) - At r = 200.000000:	delta(nll) = 0.07695

CascadeMinimizer.cc[188] : (in function: improveOnce) - Minimization configured with Type=Minuit2, Algo=Migrad, strategy=0, tolerance=0.1
CascadeMinimizer.cc[215] : (in function: improveOnce) - Minimization finished with status=0
CascadeMinimizer.cc[219] : (in function: improveOnce) - Minimization success! status=0
AsymptoticLimits.cc[552] : (in function: findExpectedLimitFromCrossing) - At r = 201.000000:	delta(nll) = 0.07763

CascadeMinimizer.cc[188] : (in function: improveOnce) - Minimization configured with Type=Minuit2, Algo=Migrad, strategy=0, tolerance=0.1
CascadeMinimizer.cc[215] : (in function: improveOnce) - Minimization finished with status=0
CascadeMinimizer.cc[219] : (in function: improveOnce) - Minimization success! status=0
AsymptoticLimits.cc[552] : (in function: findExpectedLimitFromCrossing) - At r = 202.000000:	delta(nll) = 0.07847

CascadeMinimizer.cc[188] : (in function: improveOnce) - Minimization configured with Type=Minuit2, Algo=Migrad, strategy=0, tolerance=0.1
CascadeMinimizer.cc[215] : (in function: improveOnce) - Minimization finished with status=0
CascadeMinimizer.cc[219] : (in function: improveOnce) - Minimization success! status=0
AsymptoticLimits.cc[552] : (in function: findExpectedLimitFromCrossing) - At r = 203.000000:	delta(nll) = 0.07916

CascadeMinimizer.cc[188] : (in function: improveOnce) - Minimization configured with Type=Minuit2, Algo=Migrad, strategy=0, tolerance=0.1
CascadeMinimizer.cc[215] : (in function: improveOnce) - Minimization finished with status=0
CascadeMinimizer.cc[219] : (in function: improveOnce) - Minimization success! status=0
AsymptoticLimits.cc[552] : (in function: findExpectedLimitFromCrossing) - At r = 204.000000:	delta(nll) = 0.08001

CascadeMinimizer.cc[188] : (in function: improveOnce) - Minimization configured with Type=Minuit2, Algo=Migrad, strategy=0, tolerance=0.1
CascadeMinimizer.cc[215] : (in function: improveOnce) - Minimization finished with status=0
CascadeMinimizer.cc[219] : (in function: improveOnce) - Minimization success! status=0
AsymptoticLimits.cc[552] : (in function: findExpectedLimitFromCrossing) - At r = 205.000000:	delta(nll) = 0.08072

CascadeMinimizer.cc[188] : (in function: improveOnce) - Minimization configured with Type=Minuit2, Algo=Migrad, strategy=0, tolerance=0.1
CascadeMinimizer.cc[215] : (in function: improveOnce) - Minimization finished with status=0
CascadeMinimizer.cc[219] : (in function: improveOnce) - Minimization success! status=0
AsymptoticLimits.cc[552] : (in function: findExpectedLimitFromCrossing) - At r = 206.000000:	delta(nll) = 0.08158

CascadeMinimizer.cc[188] : (in function: improveOnce) - Minimization configured with Type=Minuit2, Algo=Migrad, strategy=0, tolerance=0.1
CascadeMinimizer.cc[215] : (in function: improveOnce) - Minimization finished with status=0
CascadeMinimizer.cc[219] : (in function: improveOnce) - Minimization success! status=0
AsymptoticLimits.cc[552] : (in function: findExpectedLimitFromCrossing) - At r = 207.000000:	delta(nll) = 0.08229

CascadeMinimizer.cc[188] : (in function: improveOnce) - Minimization configured with Type=Minuit2, Algo=Migrad, strategy=0, tolerance=0.1
CascadeMinimizer.cc[215] : (in function: improveOnce) - Minimization finished with status=0
CascadeMinimizer.cc[219] : (in function: improveOnce) - Minimization success! status=0
AsymptoticLimits.cc[552] : (in function: findExpectedLimitFromCrossing) - At r = 208.000000:	delta(nll) = 0.08316

CascadeMinimizer.cc[188] : (in function: improveOnce) - Minimization configured with Type=Minuit2, Algo=Migrad, strategy=0, tolerance=0.1
CascadeMinimizer.cc[215] : (in function: improveOnce) - Minimization finished with status=0
CascadeMinimizer.cc[219] : (in function: improveOnce) - Minimization success! status=0
AsymptoticLimits.cc[552] : (in function: findExpectedLimitFromCrossing) - At r = 209.000000:	delta(nll) = 0.08388

CascadeMinimizer.cc[188] : (in function: improveOnce) - Minimization configured with Type=Minuit2, Algo=Migrad, strategy=0, tolerance=0.1
CascadeMinimizer.cc[215] : (in function: improveOnce) - Minimization finished with status=0
CascadeMinimizer.cc[219] : (in function: improveOnce) - Minimization success! status=0
AsymptoticLimits.cc[552] : (in function: findExpectedLimitFromCrossing) - At r = 210.000000:	delta(nll) = 0.08475

CascadeMinimizer.cc[188] : (in function: improveOnce) - Minimization configured with Type=Minuit2, Algo=Migrad, strategy=0, tolerance=0.1
CascadeMinimizer.cc[215] : (in function: improveOnce) - Minimization finished with status=0
CascadeMinimizer.cc[219] : (in function: improveOnce) - Minimization success! status=0
AsymptoticLimits.cc[552] : (in function: findExpectedLimitFromCrossing) - At r = 211.000000:	delta(nll) = 0.08547

CascadeMinimizer.cc[188] : (in function: improveOnce) - Minimization configured with Type=Minuit2, Algo=Migrad, strategy=0, tolerance=0.1
CascadeMinimizer.cc[215] : (in function: improveOnce) - Minimization finished with status=0
CascadeMinimizer.cc[219] : (in function: improveOnce) - Minimization success! status=0
AsymptoticLimits.cc[552] : (in function: findExpectedLimitFromCrossing) - At r = 212.000000:	delta(nll) = 0.08635

CascadeMinimizer.cc[188] : (in function: improveOnce) - Minimization configured with Type=Minuit2, Algo=Migrad, strategy=0, tolerance=0.1
CascadeMinimizer.cc[215] : (in function: improveOnce) - Minimization finished with status=0
CascadeMinimizer.cc[219] : (in function: improveOnce) - Minimization success! status=0
AsymptoticLimits.cc[552] : (in function: findExpectedLimitFromCrossing) - At r = 213.000000:	delta(nll) = 0.08706

CascadeMinimizer.cc[188] : (in function: improveOnce) - Minimization configured with Type=Minuit2, Algo=Migrad, strategy=0, tolerance=0.1
CascadeMinimizer.cc[215] : (in function: improveOnce) - Minimization finished with status=0
CascadeMinimizer.cc[219] : (in function: improveOnce) - Minimization success! status=0
AsymptoticLimits.cc[552] : (in function: findExpectedLimitFromCrossing) - At r = 214.000000:	delta(nll) = 0.08795

CascadeMinimizer.cc[188] : (in function: improveOnce) - Minimization configured with Type=Minuit2, Algo=Migrad, strategy=0, tolerance=0.1
CascadeMinimizer.cc[215] : (in function: improveOnce) - Minimization finished with status=0
CascadeMinimizer.cc[219] : (in function: improveOnce) - Minimization success! status=0
AsymptoticLimits.cc[552] : (in function: findExpectedLimitFromCrossing) - At r = 215.000000:	delta(nll) = 0.08870

CascadeMinimizer.cc[188] : (in function: improveOnce) - Minimization configured with Type=Minuit2, Algo=Migrad, strategy=0, tolerance=0.1
CascadeMinimizer.cc[215] : (in function: improveOnce) - Minimization finished with status=0
CascadeMinimizer.cc[219] : (in function: improveOnce) - Minimization success! status=0
AsymptoticLimits.cc[552] : (in function: findExpectedLimitFromCrossing) - At r = 216.000000:	delta(nll) = 0.08960

CascadeMinimizer.cc[188] : (in function: improveOnce) - Minimization configured with Type=Minuit2, Algo=Migrad, strategy=0, tolerance=0.1
CascadeMinimizer.cc[215] : (in function: improveOnce) - Minimization finished with status=0
CascadeMinimizer.cc[219] : (in function: improveOnce) - Minimization success! status=0
AsymptoticLimits.cc[552] : (in function: findExpectedLimitFromCrossing) - At r = 217.000000:	delta(nll) = 0.09034

CascadeMinimizer.cc[188] : (in function: improveOnce) - Minimization configured with Type=Minuit2, Algo=Migrad, strategy=0, tolerance=0.1
CascadeMinimizer.cc[215] : (in function: improveOnce) - Minimization finished with status=0
CascadeMinimizer.cc[219] : (in function: improveOnce) - Minimization success! status=0
AsymptoticLimits.cc[552] : (in function: findExpectedLimitFromCrossing) - At r = 218.000000:	delta(nll) = 0.09125

CascadeMinimizer.cc[188] : (in function: improveOnce) - Minimization configured with Type=Minuit2, Algo=Migrad, strategy=0, tolerance=0.1
CascadeMinimizer.cc[215] : (in function: improveOnce) - Minimization finished with status=0
CascadeMinimizer.cc[219] : (in function: improveOnce) - Minimization success! status=0
AsymptoticLimits.cc[552] : (in function: findExpectedLimitFromCrossing) - At r = 219.000000:	delta(nll) = 0.09201

CascadeMinimizer.cc[188] : (in function: improveOnce) - Minimization configured with Type=Minuit2, Algo=Migrad, strategy=0, tolerance=0.1
CascadeMinimizer.cc[215] : (in function: improveOnce) - Minimization finished with status=0
CascadeMinimizer.cc[219] : (in function: improveOnce) - Minimization success! status=0
AsymptoticLimits.cc[552] : (in function: findExpectedLimitFromCrossing) - At r = 220.000000:	delta(nll) = 0.09293

CascadeMinimizer.cc[188] : (in function: improveOnce) - Minimization configured with Type=Minuit2, Algo=Migrad, strategy=0, tolerance=0.1
CascadeMinimizer.cc[215] : (in function: improveOnce) - Minimization finished with status=0
CascadeMinimizer.cc[219] : (in function: improveOnce) - Minimization success! status=0
AsymptoticLimits.cc[552] : (in function: findExpectedLimitFromCrossing) - At r = 221.000000:	delta(nll) = 0.09369

CascadeMinimizer.cc[188] : (in function: improveOnce) - Minimization configured with Type=Minuit2, Algo=Migrad, strategy=0, tolerance=0.1
CascadeMinimizer.cc[215] : (in function: improveOnce) - Minimization finished with status=0
CascadeMinimizer.cc[219] : (in function: improveOnce) - Minimization success! status=0
AsymptoticLimits.cc[552] : (in function: findExpectedLimitFromCrossing) - At r = 222.000000:	delta(nll) = 0.09461

CascadeMinimizer.cc[188] : (in function: improveOnce) - Minimization configured with Type=Minuit2, Algo=Migrad, strategy=0, tolerance=0.1
CascadeMinimizer.cc[215] : (in function: improveOnce) - Minimization finished with status=0
CascadeMinimizer.cc[219] : (in function: improveOnce) - Minimization success! status=0
AsymptoticLimits.cc[552] : (in function: findExpectedLimitFromCrossing) - At r = 223.000000:	delta(nll) = 0.09537

CascadeMinimizer.cc[188] : (in function: improveOnce) - Minimization configured with Type=Minuit2, Algo=Migrad, strategy=0, tolerance=0.1
CascadeMinimizer.cc[215] : (in function: improveOnce) - Minimization finished with status=0
CascadeMinimizer.cc[219] : (in function: improveOnce) - Minimization success! status=0
AsymptoticLimits.cc[552] : (in function: findExpectedLimitFromCrossing) - At r = 224.000000:	delta(nll) = 0.09630

CascadeMinimizer.cc[188] : (in function: improveOnce) - Minimization configured with Type=Minuit2, Algo=Migrad, strategy=0, tolerance=0.1
CascadeMinimizer.cc[215] : (in function: improveOnce) - Minimization finished with status=0
CascadeMinimizer.cc[219] : (in function: improveOnce) - Minimization success! status=0
AsymptoticLimits.cc[552] : (in function: findExpectedLimitFromCrossing) - At r = 225.000000:	delta(nll) = 0.09708

CascadeMinimizer.cc[188] : (in function: improveOnce) - Minimization configured with Type=Minuit2, Algo=Migrad, strategy=0, tolerance=0.1
CascadeMinimizer.cc[215] : (in function: improveOnce) - Minimization finished with status=0
CascadeMinimizer.cc[219] : (in function: improveOnce) - Minimization success! status=0
AsymptoticLimits.cc[552] : (in function: findExpectedLimitFromCrossing) - At r = 226.000000:	delta(nll) = 0.09802

CascadeMinimizer.cc[188] : (in function: improveOnce) - Minimization configured with Type=Minuit2, Algo=Migrad, strategy=0, tolerance=0.1
CascadeMinimizer.cc[215] : (in function: improveOnce) - Minimization finished with status=0
CascadeMinimizer.cc[219] : (in function: improveOnce) - Minimization success! status=0
AsymptoticLimits.cc[552] : (in function: findExpectedLimitFromCrossing) - At r = 227.000000:	delta(nll) = 0.09882

CascadeMinimizer.cc[188] : (in function: improveOnce) - Minimization configured with Type=Minuit2, Algo=Migrad, strategy=0, tolerance=0.1
CascadeMinimizer.cc[215] : (in function: improveOnce) - Minimization finished with status=0
CascadeMinimizer.cc[219] : (in function: improveOnce) - Minimization success! status=0
AsymptoticLimits.cc[552] : (in function: findExpectedLimitFromCrossing) - At r = 228.000000:	delta(nll) = 0.09978

CascadeMinimizer.cc[188] : (in function: improveOnce) - Minimization configured with Type=Minuit2, Algo=Migrad, strategy=0, tolerance=0.1
CascadeMinimizer.cc[215] : (in function: improveOnce) - Minimization finished with status=0
CascadeMinimizer.cc[219] : (in function: improveOnce) - Minimization success! status=0
AsymptoticLimits.cc[552] : (in function: findExpectedLimitFromCrossing) - At r = 229.000000:	delta(nll) = 0.10055

CascadeMinimizer.cc[188] : (in function: improveOnce) - Minimization configured with Type=Minuit2, Algo=Migrad, strategy=0, tolerance=0.1
CascadeMinimizer.cc[215] : (in function: improveOnce) - Minimization finished with status=0
CascadeMinimizer.cc[219] : (in function: improveOnce) - Minimization success! status=0
AsymptoticLimits.cc[552] : (in function: findExpectedLimitFromCrossing) - At r = 230.000000:	delta(nll) = 0.10150

CascadeMinimizer.cc[188] : (in function: improveOnce) - Minimization configured with Type=Minuit2, Algo=Migrad, strategy=0, tolerance=0.1
CascadeMinimizer.cc[215] : (in function: improveOnce) - Minimization finished with status=0
CascadeMinimizer.cc[219] : (in function: improveOnce) - Minimization success! status=0
AsymptoticLimits.cc[552] : (in function: findExpectedLimitFromCrossing) - At r = 231.000000:	delta(nll) = 0.10228

CascadeMinimizer.cc[188] : (in function: improveOnce) - Minimization configured with Type=Minuit2, Algo=Migrad, strategy=0, tolerance=0.1
CascadeMinimizer.cc[215] : (in function: improveOnce) - Minimization finished with status=0
CascadeMinimizer.cc[219] : (in function: improveOnce) - Minimization success! status=0
AsymptoticLimits.cc[552] : (in function: findExpectedLimitFromCrossing) - At r = 232.000000:	delta(nll) = 0.10323

CascadeMinimizer.cc[188] : (in function: improveOnce) - Minimization configured with Type=Minuit2, Algo=Migrad, strategy=0, tolerance=0.1
CascadeMinimizer.cc[215] : (in function: improveOnce) - Minimization finished with status=0
CascadeMinimizer.cc[219] : (in function: improveOnce) - Minimization success! status=0
AsymptoticLimits.cc[552] : (in function: findExpectedLimitFromCrossing) - At r = 233.000000:	delta(nll) = 0.10404

CascadeMinimizer.cc[188] : (in function: improveOnce) - Minimization configured with Type=Minuit2, Algo=Migrad, strategy=0, tolerance=0.1
CascadeMinimizer.cc[215] : (in function: improveOnce) - Minimization finished with status=0
CascadeMinimizer.cc[219] : (in function: improveOnce) - Minimization success! status=0
AsymptoticLimits.cc[552] : (in function: findExpectedLimitFromCrossing) - At r = 234.000000:	delta(nll) = 0.10500

CascadeMinimizer.cc[188] : (in function: improveOnce) - Minimization configured with Type=Minuit2, Algo=Migrad, strategy=0, tolerance=0.1
CascadeMinimizer.cc[215] : (in function: improveOnce) - Minimization finished with status=0
CascadeMinimizer.cc[219] : (in function: improveOnce) - Minimization success! status=0
AsymptoticLimits.cc[552] : (in function: findExpectedLimitFromCrossing) - At r = 235.000000:	delta(nll) = 0.10581

CascadeMinimizer.cc[188] : (in function: improveOnce) - Minimization configured with Type=Minuit2, Algo=Migrad, strategy=0, tolerance=0.1
CascadeMinimizer.cc[215] : (in function: improveOnce) - Minimization finished with status=0
CascadeMinimizer.cc[219] : (in function: improveOnce) - Minimization success! status=0
AsymptoticLimits.cc[552] : (in function: findExpectedLimitFromCrossing) - At r = 236.000000:	delta(nll) = 0.10678

CascadeMinimizer.cc[188] : (in function: improveOnce) - Minimization configured with Type=Minuit2, Algo=Migrad, strategy=0, tolerance=0.1
CascadeMinimizer.cc[215] : (in function: improveOnce) - Minimization finished with status=0
CascadeMinimizer.cc[219] : (in function: improveOnce) - Minimization success! status=0
AsymptoticLimits.cc[552] : (in function: findExpectedLimitFromCrossing) - At r = 237.000000:	delta(nll) = 0.10760

CascadeMinimizer.cc[188] : (in function: improveOnce) - Minimization configured with Type=Minuit2, Algo=Migrad, strategy=0, tolerance=0.1
CascadeMinimizer.cc[215] : (in function: improveOnce) - Minimization finished with status=0
CascadeMinimizer.cc[219] : (in function: improveOnce) - Minimization success! status=0
AsymptoticLimits.cc[552] : (in function: findExpectedLimitFromCrossing) - At r = 238.000000:	delta(nll) = 0.10859

CascadeMinimizer.cc[188] : (in function: improveOnce) - Minimization configured with Type=Minuit2, Algo=Migrad, strategy=0, tolerance=0.1
CascadeMinimizer.cc[215] : (in function: improveOnce) - Minimization finished with status=0
CascadeMinimizer.cc[219] : (in function: improveOnce) - Minimization success! status=0
AsymptoticLimits.cc[552] : (in function: findExpectedLimitFromCrossing) - At r = 239.000000:	delta(nll) = 0.10941

CascadeMinimizer.cc[188] : (in function: improveOnce) - Minimization configured with Type=Minuit2, Algo=Migrad, strategy=0, tolerance=0.1
CascadeMinimizer.cc[215] : (in function: improveOnce) - Minimization finished with status=0
CascadeMinimizer.cc[219] : (in function: improveOnce) - Minimization success! status=0
AsymptoticLimits.cc[552] : (in function: findExpectedLimitFromCrossing) - At r = 240.000000:	delta(nll) = 0.11040

CascadeMinimizer.cc[188] : (in function: improveOnce) - Minimization configured with Type=Minuit2, Algo=Migrad, strategy=0, tolerance=0.1
CascadeMinimizer.cc[215] : (in function: improveOnce) - Minimization finished with status=0
CascadeMinimizer.cc[219] : (in function: improveOnce) - Minimization success! status=0
AsymptoticLimits.cc[552] : (in function: findExpectedLimitFromCrossing) - At r = 241.000000:	delta(nll) = 0.11124

CascadeMinimizer.cc[188] : (in function: improveOnce) - Minimization configured with Type=Minuit2, Algo=Migrad, strategy=0, tolerance=0.1
CascadeMinimizer.cc[215] : (in function: improveOnce) - Minimization finished with status=0
CascadeMinimizer.cc[219] : (in function: improveOnce) - Minimization success! status=0
AsymptoticLimits.cc[552] : (in function: findExpectedLimitFromCrossing) - At r = 242.000000:	delta(nll) = 0.11224

CascadeMinimizer.cc[188] : (in function: improveOnce) - Minimization configured with Type=Minuit2, Algo=Migrad, strategy=0, tolerance=0.1
CascadeMinimizer.cc[215] : (in function: improveOnce) - Minimization finished with status=0
CascadeMinimizer.cc[219] : (in function: improveOnce) - Minimization success! status=0
AsymptoticLimits.cc[552] : (in function: findExpectedLimitFromCrossing) - At r = 243.000000:	delta(nll) = 0.11309

CascadeMinimizer.cc[188] : (in function: improveOnce) - Minimization configured with Type=Minuit2, Algo=Migrad, strategy=0, tolerance=0.1
CascadeMinimizer.cc[215] : (in function: improveOnce) - Minimization finished with status=0
CascadeMinimizer.cc[219] : (in function: improveOnce) - Minimization success! status=0
AsymptoticLimits.cc[552] : (in function: findExpectedLimitFromCrossing) - At r = 244.000000:	delta(nll) = 0.11410

CascadeMinimizer.cc[188] : (in function: improveOnce) - Minimization configured with Type=Minuit2, Algo=Migrad, strategy=0, tolerance=0.1
CascadeMinimizer.cc[215] : (in function: improveOnce) - Minimization finished with status=0
CascadeMinimizer.cc[219] : (in function: improveOnce) - Minimization success! status=0
AsymptoticLimits.cc[552] : (in function: findExpectedLimitFromCrossing) - At r = 245.000000:	delta(nll) = 0.11494

CascadeMinimizer.cc[188] : (in function: improveOnce) - Minimization configured with Type=Minuit2, Algo=Migrad, strategy=0, tolerance=0.1
CascadeMinimizer.cc[215] : (in function: improveOnce) - Minimization finished with status=0
CascadeMinimizer.cc[219] : (in function: improveOnce) - Minimization success! status=0
AsymptoticLimits.cc[552] : (in function: findExpectedLimitFromCrossing) - At r = 246.000000:	delta(nll) = 0.11595

CascadeMinimizer.cc[188] : (in function: improveOnce) - Minimization configured with Type=Minuit2, Algo=Migrad, strategy=0, tolerance=0.1
CascadeMinimizer.cc[215] : (in function: improveOnce) - Minimization finished with status=0
CascadeMinimizer.cc[219] : (in function: improveOnce) - Minimization success! status=0
AsymptoticLimits.cc[552] : (in function: findExpectedLimitFromCrossing) - At r = 247.000000:	delta(nll) = 0.11679

CascadeMinimizer.cc[188] : (in function: improveOnce) - Minimization configured with Type=Minuit2, Algo=Migrad, strategy=0, tolerance=0.1
CascadeMinimizer.cc[215] : (in function: improveOnce) - Minimization finished with status=0
CascadeMinimizer.cc[219] : (in function: improveOnce) - Minimization success! status=0
AsymptoticLimits.cc[552] : (in function: findExpectedLimitFromCrossing) - At r = 248.000000:	delta(nll) = 0.11780

CascadeMinimizer.cc[188] : (in function: improveOnce) - Minimization configured with Type=Minuit2, Algo=Migrad, strategy=0, tolerance=0.1
CascadeMinimizer.cc[215] : (in function: improveOnce) - Minimization finished with status=0
CascadeMinimizer.cc[219] : (in function: improveOnce) - Minimization success! status=0
AsymptoticLimits.cc[552] : (in function: findExpectedLimitFromCrossing) - At r = 249.000000:	delta(nll) = 0.11866

CascadeMinimizer.cc[188] : (in function: improveOnce) - Minimization configured with Type=Minuit2, Algo=Migrad, strategy=0, tolerance=0.1
CascadeMinimizer.cc[215] : (in function: improveOnce) - Minimization finished with status=0
CascadeMinimizer.cc[219] : (in function: improveOnce) - Minimization success! status=0
AsymptoticLimits.cc[552] : (in function: findExpectedLimitFromCrossing) - At r = 250.000000:	delta(nll) = 0.11969

CascadeMinimizer.cc[188] : (in function: improveOnce) - Minimization configured with Type=Minuit2, Algo=Migrad, strategy=0, tolerance=0.1
CascadeMinimizer.cc[215] : (in function: improveOnce) - Minimization finished with status=0
CascadeMinimizer.cc[219] : (in function: improveOnce) - Minimization success! status=0
AsymptoticLimits.cc[552] : (in function: findExpectedLimitFromCrossing) - At r = 251.000000:	delta(nll) = 0.12058

CascadeMinimizer.cc[188] : (in function: improveOnce) - Minimization configured with Type=Minuit2, Algo=Migrad, strategy=0, tolerance=0.1
CascadeMinimizer.cc[215] : (in function: improveOnce) - Minimization finished with status=0
CascadeMinimizer.cc[219] : (in function: improveOnce) - Minimization success! status=0
AsymptoticLimits.cc[552] : (in function: findExpectedLimitFromCrossing) - At r = 252.000000:	delta(nll) = 0.12162

CascadeMinimizer.cc[188] : (in function: improveOnce) - Minimization configured with Type=Minuit2, Algo=Migrad, strategy=0, tolerance=0.1
CascadeMinimizer.cc[215] : (in function: improveOnce) - Minimization finished with status=0
CascadeMinimizer.cc[219] : (in function: improveOnce) - Minimization success! status=0
AsymptoticLimits.cc[552] : (in function: findExpectedLimitFromCrossing) - At r = 253.000000:	delta(nll) = 0.12251

CascadeMinimizer.cc[188] : (in function: improveOnce) - Minimization configured with Type=Minuit2, Algo=Migrad, strategy=0, tolerance=0.1
CascadeMinimizer.cc[215] : (in function: improveOnce) - Minimization finished with status=0
CascadeMinimizer.cc[219] : (in function: improveOnce) - Minimization success! status=0
AsymptoticLimits.cc[552] : (in function: findExpectedLimitFromCrossing) - At r = 254.000000:	delta(nll) = 0.12356

CascadeMinimizer.cc[188] : (in function: improveOnce) - Minimization configured with Type=Minuit2, Algo=Migrad, strategy=0, tolerance=0.1
CascadeMinimizer.cc[215] : (in function: improveOnce) - Minimization finished with status=0
CascadeMinimizer.cc[219] : (in function: improveOnce) - Minimization success! status=0
AsymptoticLimits.cc[552] : (in function: findExpectedLimitFromCrossing) - At r = 255.000000:	delta(nll) = 0.12444

CascadeMinimizer.cc[188] : (in function: improveOnce) - Minimization configured with Type=Minuit2, Algo=Migrad, strategy=0, tolerance=0.1
CascadeMinimizer.cc[215] : (in function: improveOnce) - Minimization finished with status=0
CascadeMinimizer.cc[219] : (in function: improveOnce) - Minimization success! status=0
AsymptoticLimits.cc[552] : (in function: findExpectedLimitFromCrossing) - At r = 256.000000:	delta(nll) = 0.12548

CascadeMinimizer.cc[188] : (in function: improveOnce) - Minimization configured with Type=Minuit2, Algo=Migrad, strategy=0, tolerance=0.1
CascadeMinimizer.cc[215] : (in function: improveOnce) - Minimization finished with status=0
CascadeMinimizer.cc[219] : (in function: improveOnce) - Minimization success! status=0
AsymptoticLimits.cc[552] : (in function: findExpectedLimitFromCrossing) - At r = 257.000000:	delta(nll) = 0.12637

CascadeMinimizer.cc[188] : (in function: improveOnce) - Minimization configured with Type=Minuit2, Algo=Migrad, strategy=0, tolerance=0.1
CascadeMinimizer.cc[215] : (in function: improveOnce) - Minimization finished with status=0
CascadeMinimizer.cc[219] : (in function: improveOnce) - Minimization success! status=0
AsymptoticLimits.cc[552] : (in function: findExpectedLimitFromCrossing) - At r = 258.000000:	delta(nll) = 0.12743

CascadeMinimizer.cc[188] : (in function: improveOnce) - Minimization configured with Type=Minuit2, Algo=Migrad, strategy=0, tolerance=0.1
CascadeMinimizer.cc[215] : (in function: improveOnce) - Minimization finished with status=0
CascadeMinimizer.cc[219] : (in function: improveOnce) - Minimization success! status=0
AsymptoticLimits.cc[552] : (in function: findExpectedLimitFromCrossing) - At r = 259.000000:	delta(nll) = 0.12835

CascadeMinimizer.cc[188] : (in function: improveOnce) - Minimization configured with Type=Minuit2, Algo=Migrad, strategy=0, tolerance=0.1
CascadeMinimizer.cc[215] : (in function: improveOnce) - Minimization finished with status=0
CascadeMinimizer.cc[219] : (in function: improveOnce) - Minimization success! status=0
AsymptoticLimits.cc[552] : (in function: findExpectedLimitFromCrossing) - At r = 260.000000:	delta(nll) = 0.12942

CascadeMinimizer.cc[188] : (in function: improveOnce) - Minimization configured with Type=Minuit2, Algo=Migrad, strategy=0, tolerance=0.1
CascadeMinimizer.cc[215] : (in function: improveOnce) - Minimization finished with status=0
CascadeMinimizer.cc[219] : (in function: improveOnce) - Minimization success! status=0
AsymptoticLimits.cc[552] : (in function: findExpectedLimitFromCrossing) - At r = 261.000000:	delta(nll) = 0.13032

CascadeMinimizer.cc[188] : (in function: improveOnce) - Minimization configured with Type=Minuit2, Algo=Migrad, strategy=0, tolerance=0.1
CascadeMinimizer.cc[215] : (in function: improveOnce) - Minimization finished with status=0
CascadeMinimizer.cc[219] : (in function: improveOnce) - Minimization success! status=0
AsymptoticLimits.cc[552] : (in function: findExpectedLimitFromCrossing) - At r = 262.000000:	delta(nll) = 0.13139

CascadeMinimizer.cc[188] : (in function: improveOnce) - Minimization configured with Type=Minuit2, Algo=Migrad, strategy=0, tolerance=0.1
CascadeMinimizer.cc[215] : (in function: improveOnce) - Minimization finished with status=0
CascadeMinimizer.cc[219] : (in function: improveOnce) - Minimization success! status=0
AsymptoticLimits.cc[552] : (in function: findExpectedLimitFromCrossing) - At r = 263.000000:	delta(nll) = 0.13231

CascadeMinimizer.cc[188] : (in function: improveOnce) - Minimization configured with Type=Minuit2, Algo=Migrad, strategy=0, tolerance=0.1
CascadeMinimizer.cc[215] : (in function: improveOnce) - Minimization finished with status=0
CascadeMinimizer.cc[219] : (in function: improveOnce) - Minimization success! status=0
AsymptoticLimits.cc[552] : (in function: findExpectedLimitFromCrossing) - At r = 264.000000:	delta(nll) = 0.13340

CascadeMinimizer.cc[188] : (in function: improveOnce) - Minimization configured with Type=Minuit2, Algo=Migrad, strategy=0, tolerance=0.1
CascadeMinimizer.cc[215] : (in function: improveOnce) - Minimization finished with status=0
CascadeMinimizer.cc[219] : (in function: improveOnce) - Minimization success! status=0
AsymptoticLimits.cc[552] : (in function: findExpectedLimitFromCrossing) - At r = 265.000000:	delta(nll) = 0.13430

CascadeMinimizer.cc[188] : (in function: improveOnce) - Minimization configured with Type=Minuit2, Algo=Migrad, strategy=0, tolerance=0.1
CascadeMinimizer.cc[215] : (in function: improveOnce) - Minimization finished with status=0
CascadeMinimizer.cc[219] : (in function: improveOnce) - Minimization success! status=0
AsymptoticLimits.cc[552] : (in function: findExpectedLimitFromCrossing) - At r = 266.000000:	delta(nll) = 0.13538

CascadeMinimizer.cc[188] : (in function: improveOnce) - Minimization configured with Type=Minuit2, Algo=Migrad, strategy=0, tolerance=0.1
CascadeMinimizer.cc[215] : (in function: improveOnce) - Minimization finished with status=0
CascadeMinimizer.cc[219] : (in function: improveOnce) - Minimization success! status=0
AsymptoticLimits.cc[552] : (in function: findExpectedLimitFromCrossing) - At r = 267.000000:	delta(nll) = 0.13633

CascadeMinimizer.cc[188] : (in function: improveOnce) - Minimization configured with Type=Minuit2, Algo=Migrad, strategy=0, tolerance=0.1
CascadeMinimizer.cc[215] : (in function: improveOnce) - Minimization finished with status=0
CascadeMinimizer.cc[219] : (in function: improveOnce) - Minimization success! status=0
AsymptoticLimits.cc[552] : (in function: findExpectedLimitFromCrossing) - At r = 268.000000:	delta(nll) = 0.13743

CascadeMinimizer.cc[188] : (in function: improveOnce) - Minimization configured with Type=Minuit2, Algo=Migrad, strategy=0, tolerance=0.1
CascadeMinimizer.cc[215] : (in function: improveOnce) - Minimization finished with status=0
CascadeMinimizer.cc[219] : (in function: improveOnce) - Minimization success! status=0
AsymptoticLimits.cc[552] : (in function: findExpectedLimitFromCrossing) - At r = 269.000000:	delta(nll) = 0.13838

CascadeMinimizer.cc[188] : (in function: improveOnce) - Minimization configured with Type=Minuit2, Algo=Migrad, strategy=0, tolerance=0.1
CascadeMinimizer.cc[215] : (in function: improveOnce) - Minimization finished with status=0
CascadeMinimizer.cc[219] : (in function: improveOnce) - Minimization success! status=0
AsymptoticLimits.cc[552] : (in function: findExpectedLimitFromCrossing) - At r = 270.000000:	delta(nll) = 0.13949

CascadeMinimizer.cc[188] : (in function: improveOnce) - Minimization configured with Type=Minuit2, Algo=Migrad, strategy=0, tolerance=0.1
CascadeMinimizer.cc[215] : (in function: improveOnce) - Minimization finished with status=0
CascadeMinimizer.cc[219] : (in function: improveOnce) - Minimization success! status=0
AsymptoticLimits.cc[552] : (in function: findExpectedLimitFromCrossing) - At r = 271.000000:	delta(nll) = 0.14044

CascadeMinimizer.cc[188] : (in function: improveOnce) - Minimization configured with Type=Minuit2, Algo=Migrad, strategy=0, tolerance=0.1
CascadeMinimizer.cc[215] : (in function: improveOnce) - Minimization finished with status=0
CascadeMinimizer.cc[219] : (in function: improveOnce) - Minimization success! status=0
AsymptoticLimits.cc[552] : (in function: findExpectedLimitFromCrossing) - At r = 272.000000:	delta(nll) = 0.14156

CascadeMinimizer.cc[188] : (in function: improveOnce) - Minimization configured with Type=Minuit2, Algo=Migrad, strategy=0, tolerance=0.1
CascadeMinimizer.cc[215] : (in function: improveOnce) - Minimization finished with status=0
CascadeMinimizer.cc[219] : (in function: improveOnce) - Minimization success! status=0
AsymptoticLimits.cc[552] : (in function: findExpectedLimitFromCrossing) - At r = 273.000000:	delta(nll) = 0.14250

CascadeMinimizer.cc[188] : (in function: improveOnce) - Minimization configured with Type=Minuit2, Algo=Migrad, strategy=0, tolerance=0.1
CascadeMinimizer.cc[215] : (in function: improveOnce) - Minimization finished with status=0
CascadeMinimizer.cc[219] : (in function: improveOnce) - Minimization success! status=0
AsymptoticLimits.cc[552] : (in function: findExpectedLimitFromCrossing) - At r = 274.000000:	delta(nll) = 0.14362

CascadeMinimizer.cc[188] : (in function: improveOnce) - Minimization configured with Type=Minuit2, Algo=Migrad, strategy=0, tolerance=0.1
CascadeMinimizer.cc[215] : (in function: improveOnce) - Minimization finished with status=0
CascadeMinimizer.cc[219] : (in function: improveOnce) - Minimization success! status=0
AsymptoticLimits.cc[552] : (in function: findExpectedLimitFromCrossing) - At r = 275.000000:	delta(nll) = 0.14459

CascadeMinimizer.cc[188] : (in function: improveOnce) - Minimization configured with Type=Minuit2, Algo=Migrad, strategy=0, tolerance=0.1
CascadeMinimizer.cc[215] : (in function: improveOnce) - Minimization finished with status=0
CascadeMinimizer.cc[219] : (in function: improveOnce) - Minimization success! status=0
AsymptoticLimits.cc[552] : (in function: findExpectedLimitFromCrossing) - At r = 276.000000:	delta(nll) = 0.14571

CascadeMinimizer.cc[188] : (in function: improveOnce) - Minimization configured with Type=Minuit2, Algo=Migrad, strategy=0, tolerance=0.1
CascadeMinimizer.cc[215] : (in function: improveOnce) - Minimization finished with status=0
CascadeMinimizer.cc[219] : (in function: improveOnce) - Minimization success! status=0
AsymptoticLimits.cc[552] : (in function: findExpectedLimitFromCrossing) - At r = 277.000000:	delta(nll) = 0.14670

CascadeMinimizer.cc[188] : (in function: improveOnce) - Minimization configured with Type=Minuit2, Algo=Migrad, strategy=0, tolerance=0.1
CascadeMinimizer.cc[215] : (in function: improveOnce) - Minimization finished with status=0
CascadeMinimizer.cc[219] : (in function: improveOnce) - Minimization success! status=0
AsymptoticLimits.cc[552] : (in function: findExpectedLimitFromCrossing) - At r = 278.000000:	delta(nll) = 0.14783

CascadeMinimizer.cc[188] : (in function: improveOnce) - Minimization configured with Type=Minuit2, Algo=Migrad, strategy=0, tolerance=0.1
CascadeMinimizer.cc[215] : (in function: improveOnce) - Minimization finished with status=0
CascadeMinimizer.cc[219] : (in function: improveOnce) - Minimization success! status=0
AsymptoticLimits.cc[552] : (in function: findExpectedLimitFromCrossing) - At r = 279.000000:	delta(nll) = 0.14882

CascadeMinimizer.cc[188] : (in function: improveOnce) - Minimization configured with Type=Minuit2, Algo=Migrad, strategy=0, tolerance=0.1
CascadeMinimizer.cc[215] : (in function: improveOnce) - Minimization finished with status=0
CascadeMinimizer.cc[219] : (in function: improveOnce) - Minimization success! status=0
AsymptoticLimits.cc[552] : (in function: findExpectedLimitFromCrossing) - At r = 280.000000:	delta(nll) = 0.14997

CascadeMinimizer.cc[188] : (in function: improveOnce) - Minimization configured with Type=Minuit2, Algo=Migrad, strategy=0, tolerance=0.1
CascadeMinimizer.cc[215] : (in function: improveOnce) - Minimization finished with status=0
CascadeMinimizer.cc[219] : (in function: improveOnce) - Minimization success! status=0
AsymptoticLimits.cc[552] : (in function: findExpectedLimitFromCrossing) - At r = 281.000000:	delta(nll) = 0.15096

CascadeMinimizer.cc[188] : (in function: improveOnce) - Minimization configured with Type=Minuit2, Algo=Migrad, strategy=0, tolerance=0.1
CascadeMinimizer.cc[215] : (in function: improveOnce) - Minimization finished with status=0
CascadeMinimizer.cc[219] : (in function: improveOnce) - Minimization success! status=0
AsymptoticLimits.cc[552] : (in function: findExpectedLimitFromCrossing) - At r = 282.000000:	delta(nll) = 0.15211

CascadeMinimizer.cc[188] : (in function: improveOnce) - Minimization configured with Type=Minuit2, Algo=Migrad, strategy=0, tolerance=0.1
CascadeMinimizer.cc[215] : (in function: improveOnce) - Minimization finished with status=0
CascadeMinimizer.cc[219] : (in function: improveOnce) - Minimization success! status=0
AsymptoticLimits.cc[552] : (in function: findExpectedLimitFromCrossing) - At r = 283.000000:	delta(nll) = 0.15310

CascadeMinimizer.cc[188] : (in function: improveOnce) - Minimization configured with Type=Minuit2, Algo=Migrad, strategy=0, tolerance=0.1
CascadeMinimizer.cc[215] : (in function: improveOnce) - Minimization finished with status=0
CascadeMinimizer.cc[219] : (in function: improveOnce) - Minimization success! status=0
AsymptoticLimits.cc[552] : (in function: findExpectedLimitFromCrossing) - At r = 284.000000:	delta(nll) = 0.15426

CascadeMinimizer.cc[188] : (in function: improveOnce) - Minimization configured with Type=Minuit2, Algo=Migrad, strategy=0, tolerance=0.1
CascadeMinimizer.cc[215] : (in function: improveOnce) - Minimization finished with status=0
CascadeMinimizer.cc[219] : (in function: improveOnce) - Minimization success! status=0
AsymptoticLimits.cc[552] : (in function: findExpectedLimitFromCrossing) - At r = 285.000000:	delta(nll) = 0.15527

CascadeMinimizer.cc[188] : (in function: improveOnce) - Minimization configured with Type=Minuit2, Algo=Migrad, strategy=0, tolerance=0.1
CascadeMinimizer.cc[215] : (in function: improveOnce) - Minimization finished with status=0
CascadeMinimizer.cc[219] : (in function: improveOnce) - Minimization success! status=0
AsymptoticLimits.cc[552] : (in function: findExpectedLimitFromCrossing) - At r = 286.000000:	delta(nll) = 0.15645

CascadeMinimizer.cc[188] : (in function: improveOnce) - Minimization configured with Type=Minuit2, Algo=Migrad, strategy=0, tolerance=0.1
CascadeMinimizer.cc[215] : (in function: improveOnce) - Minimization finished with status=0
CascadeMinimizer.cc[219] : (in function: improveOnce) - Minimization success! status=0
AsymptoticLimits.cc[552] : (in function: findExpectedLimitFromCrossing) - At r = 287.000000:	delta(nll) = 0.15745

CascadeMinimizer.cc[188] : (in function: improveOnce) - Minimization configured with Type=Minuit2, Algo=Migrad, strategy=0, tolerance=0.1
CascadeMinimizer.cc[215] : (in function: improveOnce) - Minimization finished with status=0
CascadeMinimizer.cc[219] : (in function: improveOnce) - Minimization success! status=0
AsymptoticLimits.cc[552] : (in function: findExpectedLimitFromCrossing) - At r = 288.000000:	delta(nll) = 0.15863

CascadeMinimizer.cc[188] : (in function: improveOnce) - Minimization configured with Type=Minuit2, Algo=Migrad, strategy=0, tolerance=0.1
CascadeMinimizer.cc[215] : (in function: improveOnce) - Minimization finished with status=0
CascadeMinimizer.cc[219] : (in function: improveOnce) - Minimization success! status=0
AsymptoticLimits.cc[552] : (in function: findExpectedLimitFromCrossing) - At r = 289.000000:	delta(nll) = 0.15964

CascadeMinimizer.cc[188] : (in function: improveOnce) - Minimization configured with Type=Minuit2, Algo=Migrad, strategy=0, tolerance=0.1
CascadeMinimizer.cc[215] : (in function: improveOnce) - Minimization finished with status=0
CascadeMinimizer.cc[219] : (in function: improveOnce) - Minimization success! status=0
AsymptoticLimits.cc[552] : (in function: findExpectedLimitFromCrossing) - At r = 290.000000:	delta(nll) = 0.16082

CascadeMinimizer.cc[188] : (in function: improveOnce) - Minimization configured with Type=Minuit2, Algo=Migrad, strategy=0, tolerance=0.1
CascadeMinimizer.cc[215] : (in function: improveOnce) - Minimization finished with status=0
CascadeMinimizer.cc[219] : (in function: improveOnce) - Minimization success! status=0
AsymptoticLimits.cc[552] : (in function: findExpectedLimitFromCrossing) - At r = 291.000000:	delta(nll) = 0.16185

CascadeMinimizer.cc[188] : (in function: improveOnce) - Minimization configured with Type=Minuit2, Algo=Migrad, strategy=0, tolerance=0.1
CascadeMinimizer.cc[215] : (in function: improveOnce) - Minimization finished with status=0
CascadeMinimizer.cc[219] : (in function: improveOnce) - Minimization success! status=0
AsymptoticLimits.cc[552] : (in function: findExpectedLimitFromCrossing) - At r = 292.000000:	delta(nll) = 0.16304

CascadeMinimizer.cc[188] : (in function: improveOnce) - Minimization configured with Type=Minuit2, Algo=Migrad, strategy=0, tolerance=0.1
CascadeMinimizer.cc[215] : (in function: improveOnce) - Minimization finished with status=0
CascadeMinimizer.cc[219] : (in function: improveOnce) - Minimization success! status=0
AsymptoticLimits.cc[552] : (in function: findExpectedLimitFromCrossing) - At r = 293.000000:	delta(nll) = 0.16408

CascadeMinimizer.cc[188] : (in function: improveOnce) - Minimization configured with Type=Minuit2, Algo=Migrad, strategy=0, tolerance=0.1
CascadeMinimizer.cc[215] : (in function: improveOnce) - Minimization finished with status=0
CascadeMinimizer.cc[219] : (in function: improveOnce) - Minimization success! status=0
AsymptoticLimits.cc[552] : (in function: findExpectedLimitFromCrossing) - At r = 294.000000:	delta(nll) = 0.16528

CascadeMinimizer.cc[188] : (in function: improveOnce) - Minimization configured with Type=Minuit2, Algo=Migrad, strategy=0, tolerance=0.1
CascadeMinimizer.cc[215] : (in function: improveOnce) - Minimization finished with status=0
CascadeMinimizer.cc[219] : (in function: improveOnce) - Minimization success! status=0
AsymptoticLimits.cc[552] : (in function: findExpectedLimitFromCrossing) - At r = 295.000000:	delta(nll) = 0.16632

CascadeMinimizer.cc[188] : (in function: improveOnce) - Minimization configured with Type=Minuit2, Algo=Migrad, strategy=0, tolerance=0.1
CascadeMinimizer.cc[215] : (in function: improveOnce) - Minimization finished with status=0
CascadeMinimizer.cc[219] : (in function: improveOnce) - Minimization success! status=0
AsymptoticLimits.cc[552] : (in function: findExpectedLimitFromCrossing) - At r = 296.000000:	delta(nll) = 0.16753

CascadeMinimizer.cc[188] : (in function: improveOnce) - Minimization configured with Type=Minuit2, Algo=Migrad, strategy=0, tolerance=0.1
CascadeMinimizer.cc[215] : (in function: improveOnce) - Minimization finished with status=0
CascadeMinimizer.cc[219] : (in function: improveOnce) - Minimization success! status=0
AsymptoticLimits.cc[552] : (in function: findExpectedLimitFromCrossing) - At r = 297.000000:	delta(nll) = 0.16857

CascadeMinimizer.cc[188] : (in function: improveOnce) - Minimization configured with Type=Minuit2, Algo=Migrad, strategy=0, tolerance=0.1
CascadeMinimizer.cc[215] : (in function: improveOnce) - Minimization finished with status=0
CascadeMinimizer.cc[219] : (in function: improveOnce) - Minimization success! status=0
AsymptoticLimits.cc[552] : (in function: findExpectedLimitFromCrossing) - At r = 298.000000:	delta(nll) = 0.16977

CascadeMinimizer.cc[188] : (in function: improveOnce) - Minimization configured with Type=Minuit2, Algo=Migrad, strategy=0, tolerance=0.1
CascadeMinimizer.cc[215] : (in function: improveOnce) - Minimization finished with status=0
CascadeMinimizer.cc[219] : (in function: improveOnce) - Minimization success! status=0
AsymptoticLimits.cc[552] : (in function: findExpectedLimitFromCrossing) - At r = 299.000000:	delta(nll) = 0.17081

CascadeMinimizer.cc[188] : (in function: improveOnce) - Minimization configured with Type=Minuit2, Algo=Migrad, strategy=0, tolerance=0.1
CascadeMinimizer.cc[215] : (in function: improveOnce) - Minimization finished with status=0
CascadeMinimizer.cc[219] : (in function: improveOnce) - Minimization success! status=0
AsymptoticLimits.cc[552] : (in function: findExpectedLimitFromCrossing) - At r = 300.000000:	delta(nll) = 0.17202

CascadeMinimizer.cc[188] : (in function: improveOnce) - Minimization configured with Type=Minuit2, Algo=Migrad, strategy=0, tolerance=0.1
CascadeMinimizer.cc[215] : (in function: improveOnce) - Minimization finished with status=0
CascadeMinimizer.cc[219] : (in function: improveOnce) - Minimization success! status=0
AsymptoticLimits.cc[552] : (in function: findExpectedLimitFromCrossing) - At r = 301.000000:	delta(nll) = 0.17310

CascadeMinimizer.cc[188] : (in function: improveOnce) - Minimization configured with Type=Minuit2, Algo=Migrad, strategy=0, tolerance=0.1
CascadeMinimizer.cc[215] : (in function: improveOnce) - Minimization finished with status=0
CascadeMinimizer.cc[219] : (in function: improveOnce) - Minimization success! status=0
AsymptoticLimits.cc[552] : (in function: findExpectedLimitFromCrossing) - At r = 302.000000:	delta(nll) = 0.17433

CascadeMinimizer.cc[188] : (in function: improveOnce) - Minimization configured with Type=Minuit2, Algo=Migrad, strategy=0, tolerance=0.1
CascadeMinimizer.cc[215] : (in function: improveOnce) - Minimization finished with status=0
CascadeMinimizer.cc[219] : (in function: improveOnce) - Minimization success! status=0
AsymptoticLimits.cc[552] : (in function: findExpectedLimitFromCrossing) - At r = 303.000000:	delta(nll) = 0.17539

CascadeMinimizer.cc[188] : (in function: improveOnce) - Minimization configured with Type=Minuit2, Algo=Migrad, strategy=0, tolerance=0.1
CascadeMinimizer.cc[215] : (in function: improveOnce) - Minimization finished with status=0
CascadeMinimizer.cc[219] : (in function: improveOnce) - Minimization success! status=0
AsymptoticLimits.cc[552] : (in function: findExpectedLimitFromCrossing) - At r = 304.000000:	delta(nll) = 0.17662

CascadeMinimizer.cc[188] : (in function: improveOnce) - Minimization configured with Type=Minuit2, Algo=Migrad, strategy=0, tolerance=0.1
CascadeMinimizer.cc[215] : (in function: improveOnce) - Minimization finished with status=0
CascadeMinimizer.cc[219] : (in function: improveOnce) - Minimization success! status=0
AsymptoticLimits.cc[552] : (in function: findExpectedLimitFromCrossing) - At r = 305.000000:	delta(nll) = 0.17772

CascadeMinimizer.cc[188] : (in function: improveOnce) - Minimization configured with Type=Minuit2, Algo=Migrad, strategy=0, tolerance=0.1
CascadeMinimizer.cc[215] : (in function: improveOnce) - Minimization finished with status=0
CascadeMinimizer.cc[219] : (in function: improveOnce) - Minimization success! status=0
AsymptoticLimits.cc[552] : (in function: findExpectedLimitFromCrossing) - At r = 306.000000:	delta(nll) = 0.17896

CascadeMinimizer.cc[188] : (in function: improveOnce) - Minimization configured with Type=Minuit2, Algo=Migrad, strategy=0, tolerance=0.1
CascadeMinimizer.cc[215] : (in function: improveOnce) - Minimization finished with status=0
CascadeMinimizer.cc[219] : (in function: improveOnce) - Minimization success! status=0
AsymptoticLimits.cc[552] : (in function: findExpectedLimitFromCrossing) - At r = 307.000000:	delta(nll) = 0.18006

CascadeMinimizer.cc[188] : (in function: improveOnce) - Minimization configured with Type=Minuit2, Algo=Migrad, strategy=0, tolerance=0.1
CascadeMinimizer.cc[215] : (in function: improveOnce) - Minimization finished with status=0
CascadeMinimizer.cc[219] : (in function: improveOnce) - Minimization success! status=0
AsymptoticLimits.cc[552] : (in function: findExpectedLimitFromCrossing) - At r = 308.000000:	delta(nll) = 0.18130

CascadeMinimizer.cc[188] : (in function: improveOnce) - Minimization configured with Type=Minuit2, Algo=Migrad, strategy=0, tolerance=0.1
CascadeMinimizer.cc[215] : (in function: improveOnce) - Minimization finished with status=0
CascadeMinimizer.cc[219] : (in function: improveOnce) - Minimization success! status=0
AsymptoticLimits.cc[552] : (in function: findExpectedLimitFromCrossing) - At r = 309.000000:	delta(nll) = 0.18241

CascadeMinimizer.cc[188] : (in function: improveOnce) - Minimization configured with Type=Minuit2, Algo=Migrad, strategy=0, tolerance=0.1
CascadeMinimizer.cc[215] : (in function: improveOnce) - Minimization finished with status=0
CascadeMinimizer.cc[219] : (in function: improveOnce) - Minimization success! status=0
AsymptoticLimits.cc[552] : (in function: findExpectedLimitFromCrossing) - At r = 310.000000:	delta(nll) = 0.18366

CascadeMinimizer.cc[188] : (in function: improveOnce) - Minimization configured with Type=Minuit2, Algo=Migrad, strategy=0, tolerance=0.1
CascadeMinimizer.cc[215] : (in function: improveOnce) - Minimization finished with status=0
CascadeMinimizer.cc[219] : (in function: improveOnce) - Minimization success! status=0
AsymptoticLimits.cc[552] : (in function: findExpectedLimitFromCrossing) - At r = 311.000000:	delta(nll) = 0.18475

CascadeMinimizer.cc[188] : (in function: improveOnce) - Minimization configured with Type=Minuit2, Algo=Migrad, strategy=0, tolerance=0.1
CascadeMinimizer.cc[215] : (in function: improveOnce) - Minimization finished with status=0
CascadeMinimizer.cc[219] : (in function: improveOnce) - Minimization success! status=0
AsymptoticLimits.cc[552] : (in function: findExpectedLimitFromCrossing) - At r = 312.000000:	delta(nll) = 0.18601

CascadeMinimizer.cc[188] : (in function: improveOnce) - Minimization configured with Type=Minuit2, Algo=Migrad, strategy=0, tolerance=0.1
CascadeMinimizer.cc[215] : (in function: improveOnce) - Minimization finished with status=0
CascadeMinimizer.cc[219] : (in function: improveOnce) - Minimization success! status=0
AsymptoticLimits.cc[552] : (in function: findExpectedLimitFromCrossing) - At r = 313.000000:	delta(nll) = 0.18712

CascadeMinimizer.cc[188] : (in function: improveOnce) - Minimization configured with Type=Minuit2, Algo=Migrad, strategy=0, tolerance=0.1
CascadeMinimizer.cc[215] : (in function: improveOnce) - Minimization finished with status=0
CascadeMinimizer.cc[219] : (in function: improveOnce) - Minimization success! status=0
AsymptoticLimits.cc[552] : (in function: findExpectedLimitFromCrossing) - At r = 314.000000:	delta(nll) = 0.18839

CascadeMinimizer.cc[188] : (in function: improveOnce) - Minimization configured with Type=Minuit2, Algo=Migrad, strategy=0, tolerance=0.1
CascadeMinimizer.cc[215] : (in function: improveOnce) - Minimization finished with status=0
CascadeMinimizer.cc[219] : (in function: improveOnce) - Minimization success! status=0
AsymptoticLimits.cc[552] : (in function: findExpectedLimitFromCrossing) - At r = 315.000000:	delta(nll) = 0.18951

CascadeMinimizer.cc[188] : (in function: improveOnce) - Minimization configured with Type=Minuit2, Algo=Migrad, strategy=0, tolerance=0.1
CascadeMinimizer.cc[215] : (in function: improveOnce) - Minimization finished with status=0
CascadeMinimizer.cc[219] : (in function: improveOnce) - Minimization success! status=0
AsymptoticLimits.cc[552] : (in function: findExpectedLimitFromCrossing) - At r = 316.000000:	delta(nll) = 0.19078

CascadeMinimizer.cc[188] : (in function: improveOnce) - Minimization configured with Type=Minuit2, Algo=Migrad, strategy=0, tolerance=0.1
CascadeMinimizer.cc[215] : (in function: improveOnce) - Minimization finished with status=0
CascadeMinimizer.cc[219] : (in function: improveOnce) - Minimization success! status=0
AsymptoticLimits.cc[552] : (in function: findExpectedLimitFromCrossing) - At r = 317.000000:	delta(nll) = 0.19191

CascadeMinimizer.cc[188] : (in function: improveOnce) - Minimization configured with Type=Minuit2, Algo=Migrad, strategy=0, tolerance=0.1
CascadeMinimizer.cc[215] : (in function: improveOnce) - Minimization finished with status=0
CascadeMinimizer.cc[219] : (in function: improveOnce) - Minimization success! status=0
AsymptoticLimits.cc[552] : (in function: findExpectedLimitFromCrossing) - At r = 318.000000:	delta(nll) = 0.19320

CascadeMinimizer.cc[188] : (in function: improveOnce) - Minimization configured with Type=Minuit2, Algo=Migrad, strategy=0, tolerance=0.1
CascadeMinimizer.cc[215] : (in function: improveOnce) - Minimization finished with status=0
CascadeMinimizer.cc[219] : (in function: improveOnce) - Minimization success! status=0
AsymptoticLimits.cc[552] : (in function: findExpectedLimitFromCrossing) - At r = 319.000000:	delta(nll) = 0.19434

CascadeMinimizer.cc[188] : (in function: improveOnce) - Minimization configured with Type=Minuit2, Algo=Migrad, strategy=0, tolerance=0.1
CascadeMinimizer.cc[215] : (in function: improveOnce) - Minimization finished with status=0
CascadeMinimizer.cc[219] : (in function: improveOnce) - Minimization success! status=0
AsymptoticLimits.cc[552] : (in function: findExpectedLimitFromCrossing) - At r = 320.000000:	delta(nll) = 0.19563

CascadeMinimizer.cc[188] : (in function: improveOnce) - Minimization configured with Type=Minuit2, Algo=Migrad, strategy=0, tolerance=0.1
CascadeMinimizer.cc[215] : (in function: improveOnce) - Minimization finished with status=0
CascadeMinimizer.cc[219] : (in function: improveOnce) - Minimization success! status=0
AsymptoticLimits.cc[552] : (in function: findExpectedLimitFromCrossing) - At r = 321.000000:	delta(nll) = 0.19677

CascadeMinimizer.cc[188] : (in function: improveOnce) - Minimization configured with Type=Minuit2, Algo=Migrad, strategy=0, tolerance=0.1
CascadeMinimizer.cc[215] : (in function: improveOnce) - Minimization finished with status=0
CascadeMinimizer.cc[219] : (in function: improveOnce) - Minimization success! status=0
AsymptoticLimits.cc[552] : (in function: findExpectedLimitFromCrossing) - At r = 322.000000:	delta(nll) = 0.19806

CascadeMinimizer.cc[188] : (in function: improveOnce) - Minimization configured with Type=Minuit2, Algo=Migrad, strategy=0, tolerance=0.1
CascadeMinimizer.cc[215] : (in function: improveOnce) - Minimization finished with status=0
CascadeMinimizer.cc[219] : (in function: improveOnce) - Minimization success! status=0
AsymptoticLimits.cc[552] : (in function: findExpectedLimitFromCrossing) - At r = 323.000000:	delta(nll) = 0.19923

CascadeMinimizer.cc[188] : (in function: improveOnce) - Minimization configured with Type=Minuit2, Algo=Migrad, strategy=0, tolerance=0.1
CascadeMinimizer.cc[215] : (in function: improveOnce) - Minimization finished with status=0
CascadeMinimizer.cc[219] : (in function: improveOnce) - Minimization success! status=0
AsymptoticLimits.cc[552] : (in function: findExpectedLimitFromCrossing) - At r = 324.000000:	delta(nll) = 0.20054

CascadeMinimizer.cc[188] : (in function: improveOnce) - Minimization configured with Type=Minuit2, Algo=Migrad, strategy=0, tolerance=0.1
CascadeMinimizer.cc[215] : (in function: improveOnce) - Minimization finished with status=0
CascadeMinimizer.cc[219] : (in function: improveOnce) - Minimization success! status=0
AsymptoticLimits.cc[552] : (in function: findExpectedLimitFromCrossing) - At r = 325.000000:	delta(nll) = 0.20169

CascadeMinimizer.cc[188] : (in function: improveOnce) - Minimization configured with Type=Minuit2, Algo=Migrad, strategy=0, tolerance=0.1
CascadeMinimizer.cc[215] : (in function: improveOnce) - Minimization finished with status=0
CascadeMinimizer.cc[219] : (in function: improveOnce) - Minimization success! status=0
AsymptoticLimits.cc[552] : (in function: findExpectedLimitFromCrossing) - At r = 326.000000:	delta(nll) = 0.20300

CascadeMinimizer.cc[188] : (in function: improveOnce) - Minimization configured with Type=Minuit2, Algo=Migrad, strategy=0, tolerance=0.1
CascadeMinimizer.cc[215] : (in function: improveOnce) - Minimization finished with status=0
CascadeMinimizer.cc[219] : (in function: improveOnce) - Minimization success! status=0
AsymptoticLimits.cc[552] : (in function: findExpectedLimitFromCrossing) - At r = 327.000000:	delta(nll) = 0.20418

CascadeMinimizer.cc[188] : (in function: improveOnce) - Minimization configured with Type=Minuit2, Algo=Migrad, strategy=0, tolerance=0.1
CascadeMinimizer.cc[215] : (in function: improveOnce) - Minimization finished with status=0
CascadeMinimizer.cc[219] : (in function: improveOnce) - Minimization success! status=0
AsymptoticLimits.cc[552] : (in function: findExpectedLimitFromCrossing) - At r = 328.000000:	delta(nll) = 0.20551

CascadeMinimizer.cc[188] : (in function: improveOnce) - Minimization configured with Type=Minuit2, Algo=Migrad, strategy=0, tolerance=0.1
CascadeMinimizer.cc[215] : (in function: improveOnce) - Minimization finished with status=0
CascadeMinimizer.cc[219] : (in function: improveOnce) - Minimization success! status=0
AsymptoticLimits.cc[552] : (in function: findExpectedLimitFromCrossing) - At r = 329.000000:	delta(nll) = 0.20669

CascadeMinimizer.cc[188] : (in function: improveOnce) - Minimization configured with Type=Minuit2, Algo=Migrad, strategy=0, tolerance=0.1
CascadeMinimizer.cc[215] : (in function: improveOnce) - Minimization finished with status=0
CascadeMinimizer.cc[219] : (in function: improveOnce) - Minimization success! status=0
AsymptoticLimits.cc[552] : (in function: findExpectedLimitFromCrossing) - At r = 330.000000:	delta(nll) = 0.20802

CascadeMinimizer.cc[188] : (in function: improveOnce) - Minimization configured with Type=Minuit2, Algo=Migrad, strategy=0, tolerance=0.1
CascadeMinimizer.cc[215] : (in function: improveOnce) - Minimization finished with status=0
CascadeMinimizer.cc[219] : (in function: improveOnce) - Minimization success! status=0
AsymptoticLimits.cc[552] : (in function: findExpectedLimitFromCrossing) - At r = 331.000000:	delta(nll) = 0.20921

CascadeMinimizer.cc[188] : (in function: improveOnce) - Minimization configured with Type=Minuit2, Algo=Migrad, strategy=0, tolerance=0.1
CascadeMinimizer.cc[215] : (in function: improveOnce) - Minimization finished with status=0
CascadeMinimizer.cc[219] : (in function: improveOnce) - Minimization success! status=0
AsymptoticLimits.cc[552] : (in function: findExpectedLimitFromCrossing) - At r = 332.000000:	delta(nll) = 0.21055

CascadeMinimizer.cc[188] : (in function: improveOnce) - Minimization configured with Type=Minuit2, Algo=Migrad, strategy=0, tolerance=0.1
CascadeMinimizer.cc[215] : (in function: improveOnce) - Minimization finished with status=0
CascadeMinimizer.cc[219] : (in function: improveOnce) - Minimization success! status=0
AsymptoticLimits.cc[552] : (in function: findExpectedLimitFromCrossing) - At r = 333.000000:	delta(nll) = 0.21174

CascadeMinimizer.cc[188] : (in function: improveOnce) - Minimization configured with Type=Minuit2, Algo=Migrad, strategy=0, tolerance=0.1
CascadeMinimizer.cc[215] : (in function: improveOnce) - Minimization finished with status=0
CascadeMinimizer.cc[219] : (in function: improveOnce) - Minimization success! status=0
AsymptoticLimits.cc[552] : (in function: findExpectedLimitFromCrossing) - At r = 334.000000:	delta(nll) = 0.21308

CascadeMinimizer.cc[188] : (in function: improveOnce) - Minimization configured with Type=Minuit2, Algo=Migrad, strategy=0, tolerance=0.1
CascadeMinimizer.cc[215] : (in function: improveOnce) - Minimization finished with status=0
CascadeMinimizer.cc[219] : (in function: improveOnce) - Minimization success! status=0
AsymptoticLimits.cc[552] : (in function: findExpectedLimitFromCrossing) - At r = 335.000000:	delta(nll) = 0.21428

CascadeMinimizer.cc[188] : (in function: improveOnce) - Minimization configured with Type=Minuit2, Algo=Migrad, strategy=0, tolerance=0.1
CascadeMinimizer.cc[215] : (in function: improveOnce) - Minimization finished with status=0
CascadeMinimizer.cc[219] : (in function: improveOnce) - Minimization success! status=0
AsymptoticLimits.cc[552] : (in function: findExpectedLimitFromCrossing) - At r = 336.000000:	delta(nll) = 0.21563

CascadeMinimizer.cc[188] : (in function: improveOnce) - Minimization configured with Type=Minuit2, Algo=Migrad, strategy=0, tolerance=0.1
CascadeMinimizer.cc[215] : (in function: improveOnce) - Minimization finished with status=0
CascadeMinimizer.cc[219] : (in function: improveOnce) - Minimization success! status=0
AsymptoticLimits.cc[552] : (in function: findExpectedLimitFromCrossing) - At r = 337.000000:	delta(nll) = 0.21684

CascadeMinimizer.cc[188] : (in function: improveOnce) - Minimization configured with Type=Minuit2, Algo=Migrad, strategy=0, tolerance=0.1
CascadeMinimizer.cc[215] : (in function: improveOnce) - Minimization finished with status=0
CascadeMinimizer.cc[219] : (in function: improveOnce) - Minimization success! status=0
AsymptoticLimits.cc[552] : (in function: findExpectedLimitFromCrossing) - At r = 338.000000:	delta(nll) = 0.21821

CascadeMinimizer.cc[188] : (in function: improveOnce) - Minimization configured with Type=Minuit2, Algo=Migrad, strategy=0, tolerance=0.1
CascadeMinimizer.cc[215] : (in function: improveOnce) - Minimization finished with status=0
CascadeMinimizer.cc[219] : (in function: improveOnce) - Minimization success! status=0
AsymptoticLimits.cc[552] : (in function: findExpectedLimitFromCrossing) - At r = 339.000000:	delta(nll) = 0.21943

CascadeMinimizer.cc[188] : (in function: improveOnce) - Minimization configured with Type=Minuit2, Algo=Migrad, strategy=0, tolerance=0.1
CascadeMinimizer.cc[215] : (in function: improveOnce) - Minimization finished with status=0
CascadeMinimizer.cc[219] : (in function: improveOnce) - Minimization success! status=0
AsymptoticLimits.cc[552] : (in function: findExpectedLimitFromCrossing) - At r = 340.000000:	delta(nll) = 0.22080

CascadeMinimizer.cc[188] : (in function: improveOnce) - Minimization configured with Type=Minuit2, Algo=Migrad, strategy=0, tolerance=0.1
CascadeMinimizer.cc[215] : (in function: improveOnce) - Minimization finished with status=0
CascadeMinimizer.cc[219] : (in function: improveOnce) - Minimization success! status=0
AsymptoticLimits.cc[552] : (in function: findExpectedLimitFromCrossing) - At r = 341.000000:	delta(nll) = 0.22201

CascadeMinimizer.cc[188] : (in function: improveOnce) - Minimization configured with Type=Minuit2, Algo=Migrad, strategy=0, tolerance=0.1
CascadeMinimizer.cc[215] : (in function: improveOnce) - Minimization finished with status=0
CascadeMinimizer.cc[219] : (in function: improveOnce) - Minimization success! status=0
AsymptoticLimits.cc[552] : (in function: findExpectedLimitFromCrossing) - At r = 342.000000:	delta(nll) = 0.22338

CascadeMinimizer.cc[188] : (in function: improveOnce) - Minimization configured with Type=Minuit2, Algo=Migrad, strategy=0, tolerance=0.1
CascadeMinimizer.cc[215] : (in function: improveOnce) - Minimization finished with status=0
CascadeMinimizer.cc[219] : (in function: improveOnce) - Minimization success! status=0
AsymptoticLimits.cc[552] : (in function: findExpectedLimitFromCrossing) - At r = 343.000000:	delta(nll) = 0.22485

CascadeMinimizer.cc[188] : (in function: improveOnce) - Minimization configured with Type=Minuit2, Algo=Migrad, strategy=0, tolerance=0.1
CascadeMinimizer.cc[215] : (in function: improveOnce) - Minimization finished with status=0
CascadeMinimizer.cc[219] : (in function: improveOnce) - Minimization success! status=0
AsymptoticLimits.cc[552] : (in function: findExpectedLimitFromCrossing) - At r = 344.000000:	delta(nll) = 0.22599

CascadeMinimizer.cc[188] : (in function: improveOnce) - Minimization configured with Type=Minuit2, Algo=Migrad, strategy=0, tolerance=0.1
CascadeMinimizer.cc[215] : (in function: improveOnce) - Minimization finished with status=0
CascadeMinimizer.cc[219] : (in function: improveOnce) - Minimization success! status=0
AsymptoticLimits.cc[552] : (in function: findExpectedLimitFromCrossing) - At r = 345.000000:	delta(nll) = 0.22738

CascadeMinimizer.cc[188] : (in function: improveOnce) - Minimization configured with Type=Minuit2, Algo=Migrad, strategy=0, tolerance=0.1
CascadeMinimizer.cc[215] : (in function: improveOnce) - Minimization finished with status=0
CascadeMinimizer.cc[219] : (in function: improveOnce) - Minimization success! status=0
AsymptoticLimits.cc[552] : (in function: findExpectedLimitFromCrossing) - At r = 346.000000:	delta(nll) = 0.22858

CascadeMinimizer.cc[188] : (in function: improveOnce) - Minimization configured with Type=Minuit2, Algo=Migrad, strategy=0, tolerance=0.1
CascadeMinimizer.cc[215] : (in function: improveOnce) - Minimization finished with status=0
CascadeMinimizer.cc[219] : (in function: improveOnce) - Minimization success! status=0
AsymptoticLimits.cc[552] : (in function: findExpectedLimitFromCrossing) - At r = 347.000000:	delta(nll) = 0.22996

CascadeMinimizer.cc[188] : (in function: improveOnce) - Minimization configured with Type=Minuit2, Algo=Migrad, strategy=0, tolerance=0.1
CascadeMinimizer.cc[215] : (in function: improveOnce) - Minimization finished with status=0
CascadeMinimizer.cc[219] : (in function: improveOnce) - Minimization success! status=0
AsymptoticLimits.cc[552] : (in function: findExpectedLimitFromCrossing) - At r = 348.000000:	delta(nll) = 0.23121

CascadeMinimizer.cc[188] : (in function: improveOnce) - Minimization configured with Type=Minuit2, Algo=Migrad, strategy=0, tolerance=0.1
CascadeMinimizer.cc[215] : (in function: improveOnce) - Minimization finished with status=0
CascadeMinimizer.cc[219] : (in function: improveOnce) - Minimization success! status=0
AsymptoticLimits.cc[552] : (in function: findExpectedLimitFromCrossing) - At r = 349.000000:	delta(nll) = 0.23260

CascadeMinimizer.cc[188] : (in function: improveOnce) - Minimization configured with Type=Minuit2, Algo=Migrad, strategy=0, tolerance=0.1
CascadeMinimizer.cc[215] : (in function: improveOnce) - Minimization finished with status=0
CascadeMinimizer.cc[219] : (in function: improveOnce) - Minimization success! status=0
AsymptoticLimits.cc[552] : (in function: findExpectedLimitFromCrossing) - At r = 350.000000:	delta(nll) = 0.23386

CascadeMinimizer.cc[188] : (in function: improveOnce) - Minimization configured with Type=Minuit2, Algo=Migrad, strategy=0, tolerance=0.1
CascadeMinimizer.cc[215] : (in function: improveOnce) - Minimization finished with status=0
CascadeMinimizer.cc[219] : (in function: improveOnce) - Minimization success! status=0
AsymptoticLimits.cc[552] : (in function: findExpectedLimitFromCrossing) - At r = 351.000000:	delta(nll) = 0.23526

CascadeMinimizer.cc[188] : (in function: improveOnce) - Minimization configured with Type=Minuit2, Algo=Migrad, strategy=0, tolerance=0.1
CascadeMinimizer.cc[215] : (in function: improveOnce) - Minimization finished with status=0
CascadeMinimizer.cc[219] : (in function: improveOnce) - Minimization success! status=0
AsymptoticLimits.cc[552] : (in function: findExpectedLimitFromCrossing) - At r = 352.000000:	delta(nll) = 0.23654

CascadeMinimizer.cc[188] : (in function: improveOnce) - Minimization configured with Type=Minuit2, Algo=Migrad, strategy=0, tolerance=0.1
CascadeMinimizer.cc[215] : (in function: improveOnce) - Minimization finished with status=0
CascadeMinimizer.cc[219] : (in function: improveOnce) - Minimization success! status=0
AsymptoticLimits.cc[552] : (in function: findExpectedLimitFromCrossing) - At r = 353.000000:	delta(nll) = 0.23796

CascadeMinimizer.cc[188] : (in function: improveOnce) - Minimization configured with Type=Minuit2, Algo=Migrad, strategy=0, tolerance=0.1
CascadeMinimizer.cc[215] : (in function: improveOnce) - Minimization finished with status=0
CascadeMinimizer.cc[219] : (in function: improveOnce) - Minimization success! status=0
AsymptoticLimits.cc[552] : (in function: findExpectedLimitFromCrossing) - At r = 354.000000:	delta(nll) = 0.23923

CascadeMinimizer.cc[188] : (in function: improveOnce) - Minimization configured with Type=Minuit2, Algo=Migrad, strategy=0, tolerance=0.1
CascadeMinimizer.cc[215] : (in function: improveOnce) - Minimization finished with status=0
CascadeMinimizer.cc[219] : (in function: improveOnce) - Minimization success! status=0
AsymptoticLimits.cc[552] : (in function: findExpectedLimitFromCrossing) - At r = 355.000000:	delta(nll) = 0.24064

CascadeMinimizer.cc[188] : (in function: improveOnce) - Minimization configured with Type=Minuit2, Algo=Migrad, strategy=0, tolerance=0.1
CascadeMinimizer.cc[215] : (in function: improveOnce) - Minimization finished with status=0
CascadeMinimizer.cc[219] : (in function: improveOnce) - Minimization success! status=0
AsymptoticLimits.cc[552] : (in function: findExpectedLimitFromCrossing) - At r = 356.000000:	delta(nll) = 0.24193

CascadeMinimizer.cc[188] : (in function: improveOnce) - Minimization configured with Type=Minuit2, Algo=Migrad, strategy=0, tolerance=0.1
CascadeMinimizer.cc[215] : (in function: improveOnce) - Minimization finished with status=0
CascadeMinimizer.cc[219] : (in function: improveOnce) - Minimization success! status=0
AsymptoticLimits.cc[552] : (in function: findExpectedLimitFromCrossing) - At r = 357.000000:	delta(nll) = 0.24336

CascadeMinimizer.cc[188] : (in function: improveOnce) - Minimization configured with Type=Minuit2, Algo=Migrad, strategy=0, tolerance=0.1
CascadeMinimizer.cc[215] : (in function: improveOnce) - Minimization finished with status=0
CascadeMinimizer.cc[219] : (in function: improveOnce) - Minimization success! status=0
AsymptoticLimits.cc[552] : (in function: findExpectedLimitFromCrossing) - At r = 358.000000:	delta(nll) = 0.24488

CascadeMinimizer.cc[188] : (in function: improveOnce) - Minimization configured with Type=Minuit2, Algo=Migrad, strategy=0, tolerance=0.1
CascadeMinimizer.cc[215] : (in function: improveOnce) - Minimization finished with status=0
CascadeMinimizer.cc[219] : (in function: improveOnce) - Minimization success! status=0
AsymptoticLimits.cc[552] : (in function: findExpectedLimitFromCrossing) - At r = 359.000000:	delta(nll) = 0.24606

CascadeMinimizer.cc[188] : (in function: improveOnce) - Minimization configured with Type=Minuit2, Algo=Migrad, strategy=0, tolerance=0.1
CascadeMinimizer.cc[215] : (in function: improveOnce) - Minimization finished with status=0
CascadeMinimizer.cc[219] : (in function: improveOnce) - Minimization success! status=0
AsymptoticLimits.cc[552] : (in function: findExpectedLimitFromCrossing) - At r = 360.000000:	delta(nll) = 0.24751

CascadeMinimizer.cc[188] : (in function: improveOnce) - Minimization configured with Type=Minuit2, Algo=Migrad, strategy=0, tolerance=0.1
CascadeMinimizer.cc[215] : (in function: improveOnce) - Minimization finished with status=0
CascadeMinimizer.cc[219] : (in function: improveOnce) - Minimization success! status=0
AsymptoticLimits.cc[552] : (in function: findExpectedLimitFromCrossing) - At r = 361.000000:	delta(nll) = 0.24904

CascadeMinimizer.cc[188] : (in function: improveOnce) - Minimization configured with Type=Minuit2, Algo=Migrad, strategy=0, tolerance=0.1
CascadeMinimizer.cc[215] : (in function: improveOnce) - Minimization finished with status=0
CascadeMinimizer.cc[219] : (in function: improveOnce) - Minimization success! status=0
AsymptoticLimits.cc[552] : (in function: findExpectedLimitFromCrossing) - At r = 362.000000:	delta(nll) = 0.25021

CascadeMinimizer.cc[188] : (in function: improveOnce) - Minimization configured with Type=Minuit2, Algo=Migrad, strategy=0, tolerance=0.1
CascadeMinimizer.cc[215] : (in function: improveOnce) - Minimization finished with status=0
CascadeMinimizer.cc[219] : (in function: improveOnce) - Minimization success! status=0
AsymptoticLimits.cc[552] : (in function: findExpectedLimitFromCrossing) - At r = 363.000000:	delta(nll) = 0.25167

CascadeMinimizer.cc[188] : (in function: improveOnce) - Minimization configured with Type=Minuit2, Algo=Migrad, strategy=0, tolerance=0.1
CascadeMinimizer.cc[215] : (in function: improveOnce) - Minimization finished with status=0
CascadeMinimizer.cc[219] : (in function: improveOnce) - Minimization success! status=0
AsymptoticLimits.cc[552] : (in function: findExpectedLimitFromCrossing) - At r = 364.000000:	delta(nll) = 0.25321

CascadeMinimizer.cc[188] : (in function: improveOnce) - Minimization configured with Type=Minuit2, Algo=Migrad, strategy=0, tolerance=0.1
CascadeMinimizer.cc[215] : (in function: improveOnce) - Minimization finished with status=0
CascadeMinimizer.cc[219] : (in function: improveOnce) - Minimization success! status=0
AsymptoticLimits.cc[552] : (in function: findExpectedLimitFromCrossing) - At r = 365.000000:	delta(nll) = 0.25440

CascadeMinimizer.cc[188] : (in function: improveOnce) - Minimization configured with Type=Minuit2, Algo=Migrad, strategy=0, tolerance=0.1
CascadeMinimizer.cc[215] : (in function: improveOnce) - Minimization finished with status=0
CascadeMinimizer.cc[219] : (in function: improveOnce) - Minimization success! status=0
AsymptoticLimits.cc[552] : (in function: findExpectedLimitFromCrossing) - At r = 366.000000:	delta(nll) = 0.25586

CascadeMinimizer.cc[188] : (in function: improveOnce) - Minimization configured with Type=Minuit2, Algo=Migrad, strategy=0, tolerance=0.1
CascadeMinimizer.cc[215] : (in function: improveOnce) - Minimization finished with status=0
CascadeMinimizer.cc[219] : (in function: improveOnce) - Minimization success! status=0
AsymptoticLimits.cc[552] : (in function: findExpectedLimitFromCrossing) - At r = 367.000000:	delta(nll) = 0.25713

CascadeMinimizer.cc[188] : (in function: improveOnce) - Minimization configured with Type=Minuit2, Algo=Migrad, strategy=0, tolerance=0.1
CascadeMinimizer.cc[215] : (in function: improveOnce) - Minimization finished with status=0
CascadeMinimizer.cc[219] : (in function: improveOnce) - Minimization success! status=0
AsymptoticLimits.cc[552] : (in function: findExpectedLimitFromCrossing) - At r = 368.000000:	delta(nll) = 0.25858

CascadeMinimizer.cc[188] : (in function: improveOnce) - Minimization configured with Type=Minuit2, Algo=Migrad, strategy=0, tolerance=0.1
CascadeMinimizer.cc[215] : (in function: improveOnce) - Minimization finished with status=0
CascadeMinimizer.cc[219] : (in function: improveOnce) - Minimization success! status=0
AsymptoticLimits.cc[552] : (in function: findExpectedLimitFromCrossing) - At r = 369.000000:	delta(nll) = 0.26013

CascadeMinimizer.cc[188] : (in function: improveOnce) - Minimization configured with Type=Minuit2, Algo=Migrad, strategy=0, tolerance=0.1
CascadeMinimizer.cc[215] : (in function: improveOnce) - Minimization finished with status=0
CascadeMinimizer.cc[219] : (in function: improveOnce) - Minimization success! status=0
AsymptoticLimits.cc[552] : (in function: findExpectedLimitFromCrossing) - At r = 370.000000:	delta(nll) = 0.26136

CascadeMinimizer.cc[188] : (in function: improveOnce) - Minimization configured with Type=Minuit2, Algo=Migrad, strategy=0, tolerance=0.1
CascadeMinimizer.cc[215] : (in function: improveOnce) - Minimization finished with status=0
CascadeMinimizer.cc[219] : (in function: improveOnce) - Minimization success! status=0
AsymptoticLimits.cc[552] : (in function: findExpectedLimitFromCrossing) - At r = 371.000000:	delta(nll) = 0.26283

CascadeMinimizer.cc[188] : (in function: improveOnce) - Minimization configured with Type=Minuit2, Algo=Migrad, strategy=0, tolerance=0.1
CascadeMinimizer.cc[215] : (in function: improveOnce) - Minimization finished with status=0
CascadeMinimizer.cc[219] : (in function: improveOnce) - Minimization success! status=0
AsymptoticLimits.cc[552] : (in function: findExpectedLimitFromCrossing) - At r = 372.000000:	delta(nll) = 0.26441

CascadeMinimizer.cc[188] : (in function: improveOnce) - Minimization configured with Type=Minuit2, Algo=Migrad, strategy=0, tolerance=0.1
CascadeMinimizer.cc[215] : (in function: improveOnce) - Minimization finished with status=0
CascadeMinimizer.cc[219] : (in function: improveOnce) - Minimization success! status=0
AsymptoticLimits.cc[552] : (in function: findExpectedLimitFromCrossing) - At r = 373.000000:	delta(nll) = 0.26562

CascadeMinimizer.cc[188] : (in function: improveOnce) - Minimization configured with Type=Minuit2, Algo=Migrad, strategy=0, tolerance=0.1
CascadeMinimizer.cc[215] : (in function: improveOnce) - Minimization finished with status=0
CascadeMinimizer.cc[219] : (in function: improveOnce) - Minimization success! status=0
AsymptoticLimits.cc[552] : (in function: findExpectedLimitFromCrossing) - At r = 374.000000:	delta(nll) = 0.26711

CascadeMinimizer.cc[188] : (in function: improveOnce) - Minimization configured with Type=Minuit2, Algo=Migrad, strategy=0, tolerance=0.1
CascadeMinimizer.cc[215] : (in function: improveOnce) - Minimization finished with status=0
CascadeMinimizer.cc[219] : (in function: improveOnce) - Minimization success! status=0
AsymptoticLimits.cc[552] : (in function: findExpectedLimitFromCrossing) - At r = 375.000000:	delta(nll) = 0.26843

CascadeMinimizer.cc[188] : (in function: improveOnce) - Minimization configured with Type=Minuit2, Algo=Migrad, strategy=0, tolerance=0.1
CascadeMinimizer.cc[215] : (in function: improveOnce) - Minimization finished with status=0
CascadeMinimizer.cc[219] : (in function: improveOnce) - Minimization success! status=0
AsymptoticLimits.cc[552] : (in function: findExpectedLimitFromCrossing) - At r = 376.000000:	delta(nll) = 0.26991

CascadeMinimizer.cc[188] : (in function: improveOnce) - Minimization configured with Type=Minuit2, Algo=Migrad, strategy=0, tolerance=0.1
CascadeMinimizer.cc[215] : (in function: improveOnce) - Minimization finished with status=0
CascadeMinimizer.cc[219] : (in function: improveOnce) - Minimization success! status=0
AsymptoticLimits.cc[552] : (in function: findExpectedLimitFromCrossing) - At r = 377.000000:	delta(nll) = 0.27151

CascadeMinimizer.cc[188] : (in function: improveOnce) - Minimization configured with Type=Minuit2, Algo=Migrad, strategy=0, tolerance=0.1
CascadeMinimizer.cc[215] : (in function: improveOnce) - Minimization finished with status=0
CascadeMinimizer.cc[219] : (in function: improveOnce) - Minimization success! status=0
AsymptoticLimits.cc[552] : (in function: findExpectedLimitFromCrossing) - At r = 378.000000:	delta(nll) = 0.27276

CascadeMinimizer.cc[188] : (in function: improveOnce) - Minimization configured with Type=Minuit2, Algo=Migrad, strategy=0, tolerance=0.1
CascadeMinimizer.cc[215] : (in function: improveOnce) - Minimization finished with status=0
CascadeMinimizer.cc[219] : (in function: improveOnce) - Minimization success! status=0
AsymptoticLimits.cc[552] : (in function: findExpectedLimitFromCrossing) - At r = 379.000000:	delta(nll) = 0.27427

CascadeMinimizer.cc[188] : (in function: improveOnce) - Minimization configured with Type=Minuit2, Algo=Migrad, strategy=0, tolerance=0.1
CascadeMinimizer.cc[215] : (in function: improveOnce) - Minimization finished with status=0
CascadeMinimizer.cc[219] : (in function: improveOnce) - Minimization success! status=0
AsymptoticLimits.cc[552] : (in function: findExpectedLimitFromCrossing) - At r = 380.000000:	delta(nll) = 0.27587

CascadeMinimizer.cc[188] : (in function: improveOnce) - Minimization configured with Type=Minuit2, Algo=Migrad, strategy=0, tolerance=0.1
CascadeMinimizer.cc[215] : (in function: improveOnce) - Minimization finished with status=0
CascadeMinimizer.cc[219] : (in function: improveOnce) - Minimization success! status=0
AsymptoticLimits.cc[552] : (in function: findExpectedLimitFromCrossing) - At r = 381.000000:	delta(nll) = 0.27712

CascadeMinimizer.cc[188] : (in function: improveOnce) - Minimization configured with Type=Minuit2, Algo=Migrad, strategy=0, tolerance=0.1
CascadeMinimizer.cc[215] : (in function: improveOnce) - Minimization finished with status=0
CascadeMinimizer.cc[219] : (in function: improveOnce) - Minimization success! status=0
AsymptoticLimits.cc[552] : (in function: findExpectedLimitFromCrossing) - At r = 382.000000:	delta(nll) = 0.27864

CascadeMinimizer.cc[188] : (in function: improveOnce) - Minimization configured with Type=Minuit2, Algo=Migrad, strategy=0, tolerance=0.1
CascadeMinimizer.cc[215] : (in function: improveOnce) - Minimization finished with status=0
CascadeMinimizer.cc[219] : (in function: improveOnce) - Minimization success! status=0
AsymptoticLimits.cc[552] : (in function: findExpectedLimitFromCrossing) - At r = 383.000000:	delta(nll) = 0.28025

CascadeMinimizer.cc[188] : (in function: improveOnce) - Minimization configured with Type=Minuit2, Algo=Migrad, strategy=0, tolerance=0.1
CascadeMinimizer.cc[215] : (in function: improveOnce) - Minimization finished with status=0
CascadeMinimizer.cc[219] : (in function: improveOnce) - Minimization success! status=0
AsymptoticLimits.cc[552] : (in function: findExpectedLimitFromCrossing) - At r = 384.000000:	delta(nll) = 0.28149

CascadeMinimizer.cc[188] : (in function: improveOnce) - Minimization configured with Type=Minuit2, Algo=Migrad, strategy=0, tolerance=0.1
CascadeMinimizer.cc[215] : (in function: improveOnce) - Minimization finished with status=0
CascadeMinimizer.cc[219] : (in function: improveOnce) - Minimization success! status=0
AsymptoticLimits.cc[552] : (in function: findExpectedLimitFromCrossing) - At r = 385.000000:	delta(nll) = 0.28303

CascadeMinimizer.cc[188] : (in function: improveOnce) - Minimization configured with Type=Minuit2, Algo=Migrad, strategy=0, tolerance=0.1
CascadeMinimizer.cc[215] : (in function: improveOnce) - Minimization finished with status=0
CascadeMinimizer.cc[219] : (in function: improveOnce) - Minimization success! status=0
AsymptoticLimits.cc[552] : (in function: findExpectedLimitFromCrossing) - At r = 386.000000:	delta(nll) = 0.28466

CascadeMinimizer.cc[188] : (in function: improveOnce) - Minimization configured with Type=Minuit2, Algo=Migrad, strategy=0, tolerance=0.1
CascadeMinimizer.cc[215] : (in function: improveOnce) - Minimization finished with status=0
CascadeMinimizer.cc[219] : (in function: improveOnce) - Minimization success! status=0
AsymptoticLimits.cc[552] : (in function: findExpectedLimitFromCrossing) - At r = 387.000000:	delta(nll) = 0.28592

CascadeMinimizer.cc[188] : (in function: improveOnce) - Minimization configured with Type=Minuit2, Algo=Migrad, strategy=0, tolerance=0.1
CascadeMinimizer.cc[215] : (in function: improveOnce) - Minimization finished with status=0
CascadeMinimizer.cc[219] : (in function: improveOnce) - Minimization success! status=0
AsymptoticLimits.cc[552] : (in function: findExpectedLimitFromCrossing) - At r = 388.000000:	delta(nll) = 0.28747

CascadeMinimizer.cc[188] : (in function: improveOnce) - Minimization configured with Type=Minuit2, Algo=Migrad, strategy=0, tolerance=0.1
CascadeMinimizer.cc[215] : (in function: improveOnce) - Minimization finished with status=0
CascadeMinimizer.cc[219] : (in function: improveOnce) - Minimization success! status=0
AsymptoticLimits.cc[552] : (in function: findExpectedLimitFromCrossing) - At r = 389.000000:	delta(nll) = 0.28911

CascadeMinimizer.cc[188] : (in function: improveOnce) - Minimization configured with Type=Minuit2, Algo=Migrad, strategy=0, tolerance=0.1
CascadeMinimizer.cc[215] : (in function: improveOnce) - Minimization finished with status=0
CascadeMinimizer.cc[219] : (in function: improveOnce) - Minimization success! status=0
AsymptoticLimits.cc[552] : (in function: findExpectedLimitFromCrossing) - At r = 390.000000:	delta(nll) = 0.29037

CascadeMinimizer.cc[188] : (in function: improveOnce) - Minimization configured with Type=Minuit2, Algo=Migrad, strategy=0, tolerance=0.1
CascadeMinimizer.cc[215] : (in function: improveOnce) - Minimization finished with status=0
CascadeMinimizer.cc[219] : (in function: improveOnce) - Minimization success! status=0
AsymptoticLimits.cc[552] : (in function: findExpectedLimitFromCrossing) - At r = 391.000000:	delta(nll) = 0.29191

CascadeMinimizer.cc[188] : (in function: improveOnce) - Minimization configured with Type=Minuit2, Algo=Migrad, strategy=0, tolerance=0.1
CascadeMinimizer.cc[215] : (in function: improveOnce) - Minimization finished with status=0
CascadeMinimizer.cc[219] : (in function: improveOnce) - Minimization success! status=0
AsymptoticLimits.cc[552] : (in function: findExpectedLimitFromCrossing) - At r = 392.000000:	delta(nll) = 0.29356

CascadeMinimizer.cc[188] : (in function: improveOnce) - Minimization configured with Type=Minuit2, Algo=Migrad, strategy=0, tolerance=0.1
CascadeMinimizer.cc[215] : (in function: improveOnce) - Minimization finished with status=0
CascadeMinimizer.cc[219] : (in function: improveOnce) - Minimization success! status=0
AsymptoticLimits.cc[552] : (in function: findExpectedLimitFromCrossing) - At r = 393.000000:	delta(nll) = 0.29483

CascadeMinimizer.cc[188] : (in function: improveOnce) - Minimization configured with Type=Minuit2, Algo=Migrad, strategy=0, tolerance=0.1
CascadeMinimizer.cc[215] : (in function: improveOnce) - Minimization finished with status=0
CascadeMinimizer.cc[219] : (in function: improveOnce) - Minimization success! status=0
AsymptoticLimits.cc[552] : (in function: findExpectedLimitFromCrossing) - At r = 394.000000:	delta(nll) = 0.29638

CascadeMinimizer.cc[188] : (in function: improveOnce) - Minimization configured with Type=Minuit2, Algo=Migrad, strategy=0, tolerance=0.1
CascadeMinimizer.cc[215] : (in function: improveOnce) - Minimization finished with status=0
CascadeMinimizer.cc[219] : (in function: improveOnce) - Minimization success! status=0
AsymptoticLimits.cc[552] : (in function: findExpectedLimitFromCrossing) - At r = 395.000000:	delta(nll) = 0.29804

CascadeMinimizer.cc[188] : (in function: improveOnce) - Minimization configured with Type=Minuit2, Algo=Migrad, strategy=0, tolerance=0.1
CascadeMinimizer.cc[215] : (in function: improveOnce) - Minimization finished with status=0
CascadeMinimizer.cc[219] : (in function: improveOnce) - Minimization success! status=0
AsymptoticLimits.cc[552] : (in function: findExpectedLimitFromCrossing) - At r = 396.000000:	delta(nll) = 0.29934

CascadeMinimizer.cc[188] : (in function: improveOnce) - Minimization configured with Type=Minuit2, Algo=Migrad, strategy=0, tolerance=0.1
CascadeMinimizer.cc[215] : (in function: improveOnce) - Minimization finished with status=0
CascadeMinimizer.cc[219] : (in function: improveOnce) - Minimization success! status=0
AsymptoticLimits.cc[552] : (in function: findExpectedLimitFromCrossing) - At r = 397.000000:	delta(nll) = 0.30091

CascadeMinimizer.cc[188] : (in function: improveOnce) - Minimization configured with Type=Minuit2, Algo=Migrad, strategy=0, tolerance=0.1
CascadeMinimizer.cc[215] : (in function: improveOnce) - Minimization finished with status=0
CascadeMinimizer.cc[219] : (in function: improveOnce) - Minimization success! status=0
AsymptoticLimits.cc[552] : (in function: findExpectedLimitFromCrossing) - At r = 398.000000:	delta(nll) = 0.30259

CascadeMinimizer.cc[188] : (in function: improveOnce) - Minimization configured with Type=Minuit2, Algo=Migrad, strategy=0, tolerance=0.1
CascadeMinimizer.cc[215] : (in function: improveOnce) - Minimization finished with status=0
CascadeMinimizer.cc[219] : (in function: improveOnce) - Minimization success! status=0
AsymptoticLimits.cc[552] : (in function: findExpectedLimitFromCrossing) - At r = 399.000000:	delta(nll) = 0.30388

CascadeMinimizer.cc[188] : (in function: improveOnce) - Minimization configured with Type=Minuit2, Algo=Migrad, strategy=0, tolerance=0.1
CascadeMinimizer.cc[215] : (in function: improveOnce) - Minimization finished with status=0
CascadeMinimizer.cc[219] : (in function: improveOnce) - Minimization success! status=0
AsymptoticLimits.cc[552] : (in function: findExpectedLimitFromCrossing) - At r = 400.000000:	delta(nll) = 0.30545

CascadeMinimizer.cc[188] : (in function: improveOnce) - Minimization configured with Type=Minuit2, Algo=Migrad, strategy=0, tolerance=0.1
CascadeMinimizer.cc[215] : (in function: improveOnce) - Minimization finished with status=0
CascadeMinimizer.cc[219] : (in function: improveOnce) - Minimization success! status=0
AsymptoticLimits.cc[552] : (in function: findExpectedLimitFromCrossing) - At r = 401.000000:	delta(nll) = 0.30713

CascadeMinimizer.cc[188] : (in function: improveOnce) - Minimization configured with Type=Minuit2, Algo=Migrad, strategy=0, tolerance=0.1
CascadeMinimizer.cc[215] : (in function: improveOnce) - Minimization finished with status=0
CascadeMinimizer.cc[219] : (in function: improveOnce) - Minimization success! status=0
AsymptoticLimits.cc[552] : (in function: findExpectedLimitFromCrossing) - At r = 402.000000:	delta(nll) = 0.30843

CascadeMinimizer.cc[188] : (in function: improveOnce) - Minimization configured with Type=Minuit2, Algo=Migrad, strategy=0, tolerance=0.1
CascadeMinimizer.cc[215] : (in function: improveOnce) - Minimization finished with status=0
CascadeMinimizer.cc[219] : (in function: improveOnce) - Minimization success! status=0
AsymptoticLimits.cc[552] : (in function: findExpectedLimitFromCrossing) - At r = 403.000000:	delta(nll) = 0.31001

CascadeMinimizer.cc[188] : (in function: improveOnce) - Minimization configured with Type=Minuit2, Algo=Migrad, strategy=0, tolerance=0.1
CascadeMinimizer.cc[215] : (in function: improveOnce) - Minimization finished with status=0
CascadeMinimizer.cc[219] : (in function: improveOnce) - Minimization success! status=0
AsymptoticLimits.cc[552] : (in function: findExpectedLimitFromCrossing) - At r = 404.000000:	delta(nll) = 0.31171

CascadeMinimizer.cc[188] : (in function: improveOnce) - Minimization configured with Type=Minuit2, Algo=Migrad, strategy=0, tolerance=0.1
CascadeMinimizer.cc[215] : (in function: improveOnce) - Minimization finished with status=0
CascadeMinimizer.cc[219] : (in function: improveOnce) - Minimization success! status=0
AsymptoticLimits.cc[552] : (in function: findExpectedLimitFromCrossing) - At r = 405.000000:	delta(nll) = 0.31305

CascadeMinimizer.cc[188] : (in function: improveOnce) - Minimization configured with Type=Minuit2, Algo=Migrad, strategy=0, tolerance=0.1
CascadeMinimizer.cc[215] : (in function: improveOnce) - Minimization finished with status=0
CascadeMinimizer.cc[219] : (in function: improveOnce) - Minimization success! status=0
AsymptoticLimits.cc[552] : (in function: findExpectedLimitFromCrossing) - At r = 406.000000:	delta(nll) = 0.31466

CascadeMinimizer.cc[188] : (in function: improveOnce) - Minimization configured with Type=Minuit2, Algo=Migrad, strategy=0, tolerance=0.1
CascadeMinimizer.cc[215] : (in function: improveOnce) - Minimization finished with status=0
CascadeMinimizer.cc[219] : (in function: improveOnce) - Minimization success! status=0
AsymptoticLimits.cc[552] : (in function: findExpectedLimitFromCrossing) - At r = 407.000000:	delta(nll) = 0.31636

CascadeMinimizer.cc[188] : (in function: improveOnce) - Minimization configured with Type=Minuit2, Algo=Migrad, strategy=0, tolerance=0.1
CascadeMinimizer.cc[215] : (in function: improveOnce) - Minimization finished with status=0
CascadeMinimizer.cc[219] : (in function: improveOnce) - Minimization success! status=0
AsymptoticLimits.cc[552] : (in function: findExpectedLimitFromCrossing) - At r = 408.000000:	delta(nll) = 0.31770

CascadeMinimizer.cc[188] : (in function: improveOnce) - Minimization configured with Type=Minuit2, Algo=Migrad, strategy=0, tolerance=0.1
CascadeMinimizer.cc[215] : (in function: improveOnce) - Minimization finished with status=0
CascadeMinimizer.cc[219] : (in function: improveOnce) - Minimization success! status=0
AsymptoticLimits.cc[552] : (in function: findExpectedLimitFromCrossing) - At r = 409.000000:	delta(nll) = 0.31931

CascadeMinimizer.cc[188] : (in function: improveOnce) - Minimization configured with Type=Minuit2, Algo=Migrad, strategy=0, tolerance=0.1
CascadeMinimizer.cc[215] : (in function: improveOnce) - Minimization finished with status=0
CascadeMinimizer.cc[219] : (in function: improveOnce) - Minimization success! status=0
AsymptoticLimits.cc[552] : (in function: findExpectedLimitFromCrossing) - At r = 410.000000:	delta(nll) = 0.32103

CascadeMinimizer.cc[188] : (in function: improveOnce) - Minimization configured with Type=Minuit2, Algo=Migrad, strategy=0, tolerance=0.1
CascadeMinimizer.cc[215] : (in function: improveOnce) - Minimization finished with status=0
CascadeMinimizer.cc[219] : (in function: improveOnce) - Minimization success! status=0
AsymptoticLimits.cc[552] : (in function: findExpectedLimitFromCrossing) - At r = 411.000000:	delta(nll) = 0.32238

CascadeMinimizer.cc[188] : (in function: improveOnce) - Minimization configured with Type=Minuit2, Algo=Migrad, strategy=0, tolerance=0.1
CascadeMinimizer.cc[215] : (in function: improveOnce) - Minimization finished with status=0
CascadeMinimizer.cc[219] : (in function: improveOnce) - Minimization success! status=0
AsymptoticLimits.cc[552] : (in function: findExpectedLimitFromCrossing) - At r = 412.000000:	delta(nll) = 0.32401

CascadeMinimizer.cc[188] : (in function: improveOnce) - Minimization configured with Type=Minuit2, Algo=Migrad, strategy=0, tolerance=0.1
CascadeMinimizer.cc[215] : (in function: improveOnce) - Minimization finished with status=0
CascadeMinimizer.cc[219] : (in function: improveOnce) - Minimization success! status=0
AsymptoticLimits.cc[552] : (in function: findExpectedLimitFromCrossing) - At r = 413.000000:	delta(nll) = 0.32573

CascadeMinimizer.cc[188] : (in function: improveOnce) - Minimization configured with Type=Minuit2, Algo=Migrad, strategy=0, tolerance=0.1
CascadeMinimizer.cc[215] : (in function: improveOnce) - Minimization finished with status=0
CascadeMinimizer.cc[219] : (in function: improveOnce) - Minimization success! status=0
AsymptoticLimits.cc[552] : (in function: findExpectedLimitFromCrossing) - At r = 414.000000:	delta(nll) = 0.32708

CascadeMinimizer.cc[188] : (in function: improveOnce) - Minimization configured with Type=Minuit2, Algo=Migrad, strategy=0, tolerance=0.1
CascadeMinimizer.cc[215] : (in function: improveOnce) - Minimization finished with status=0
CascadeMinimizer.cc[219] : (in function: improveOnce) - Minimization success! status=0
AsymptoticLimits.cc[552] : (in function: findExpectedLimitFromCrossing) - At r = 415.000000:	delta(nll) = 0.32871

CascadeMinimizer.cc[188] : (in function: improveOnce) - Minimization configured with Type=Minuit2, Algo=Migrad, strategy=0, tolerance=0.1
CascadeMinimizer.cc[215] : (in function: improveOnce) - Minimization finished with status=0
CascadeMinimizer.cc[219] : (in function: improveOnce) - Minimization success! status=0
AsymptoticLimits.cc[552] : (in function: findExpectedLimitFromCrossing) - At r = 416.000000:	delta(nll) = 0.33044

CascadeMinimizer.cc[188] : (in function: improveOnce) - Minimization configured with Type=Minuit2, Algo=Migrad, strategy=0, tolerance=0.1
CascadeMinimizer.cc[215] : (in function: improveOnce) - Minimization finished with status=0
CascadeMinimizer.cc[219] : (in function: improveOnce) - Minimization success! status=0
AsymptoticLimits.cc[552] : (in function: findExpectedLimitFromCrossing) - At r = 417.000000:	delta(nll) = 0.33182

CascadeMinimizer.cc[188] : (in function: improveOnce) - Minimization configured with Type=Minuit2, Algo=Migrad, strategy=0, tolerance=0.1
CascadeMinimizer.cc[215] : (in function: improveOnce) - Minimization finished with status=0
CascadeMinimizer.cc[219] : (in function: improveOnce) - Minimization success! status=0
AsymptoticLimits.cc[552] : (in function: findExpectedLimitFromCrossing) - At r = 418.000000:	delta(nll) = 0.33346

CascadeMinimizer.cc[188] : (in function: improveOnce) - Minimization configured with Type=Minuit2, Algo=Migrad, strategy=0, tolerance=0.1
CascadeMinimizer.cc[215] : (in function: improveOnce) - Minimization finished with status=0
CascadeMinimizer.cc[219] : (in function: improveOnce) - Minimization success! status=0
AsymptoticLimits.cc[552] : (in function: findExpectedLimitFromCrossing) - At r = 419.000000:	delta(nll) = 0.33521

CascadeMinimizer.cc[188] : (in function: improveOnce) - Minimization configured with Type=Minuit2, Algo=Migrad, strategy=0, tolerance=0.1
CascadeMinimizer.cc[215] : (in function: improveOnce) - Minimization finished with status=0
CascadeMinimizer.cc[219] : (in function: improveOnce) - Minimization success! status=0
AsymptoticLimits.cc[552] : (in function: findExpectedLimitFromCrossing) - At r = 420.000000:	delta(nll) = 0.33662

CascadeMinimizer.cc[188] : (in function: improveOnce) - Minimization configured with Type=Minuit2, Algo=Migrad, strategy=0, tolerance=0.1
CascadeMinimizer.cc[215] : (in function: improveOnce) - Minimization finished with status=0
CascadeMinimizer.cc[219] : (in function: improveOnce) - Minimization success! status=0
AsymptoticLimits.cc[552] : (in function: findExpectedLimitFromCrossing) - At r = 421.000000:	delta(nll) = 0.33828

CascadeMinimizer.cc[188] : (in function: improveOnce) - Minimization configured with Type=Minuit2, Algo=Migrad, strategy=0, tolerance=0.1
CascadeMinimizer.cc[215] : (in function: improveOnce) - Minimization finished with status=0
CascadeMinimizer.cc[219] : (in function: improveOnce) - Minimization success! status=0
AsymptoticLimits.cc[552] : (in function: findExpectedLimitFromCrossing) - At r = 422.000000:	delta(nll) = 0.34004

CascadeMinimizer.cc[188] : (in function: improveOnce) - Minimization configured with Type=Minuit2, Algo=Migrad, strategy=0, tolerance=0.1
CascadeMinimizer.cc[215] : (in function: improveOnce) - Minimization finished with status=0
CascadeMinimizer.cc[219] : (in function: improveOnce) - Minimization success! status=0
AsymptoticLimits.cc[552] : (in function: findExpectedLimitFromCrossing) - At r = 423.000000:	delta(nll) = 0.34142

CascadeMinimizer.cc[188] : (in function: improveOnce) - Minimization configured with Type=Minuit2, Algo=Migrad, strategy=0, tolerance=0.1
CascadeMinimizer.cc[215] : (in function: improveOnce) - Minimization finished with status=0
CascadeMinimizer.cc[219] : (in function: improveOnce) - Minimization success! status=0
AsymptoticLimits.cc[552] : (in function: findExpectedLimitFromCrossing) - At r = 424.000000:	delta(nll) = 0.34308

CascadeMinimizer.cc[188] : (in function: improveOnce) - Minimization configured with Type=Minuit2, Algo=Migrad, strategy=0, tolerance=0.1
CascadeMinimizer.cc[215] : (in function: improveOnce) - Minimization finished with status=0
CascadeMinimizer.cc[219] : (in function: improveOnce) - Minimization success! status=0
AsymptoticLimits.cc[552] : (in function: findExpectedLimitFromCrossing) - At r = 425.000000:	delta(nll) = 0.34484

CascadeMinimizer.cc[188] : (in function: improveOnce) - Minimization configured with Type=Minuit2, Algo=Migrad, strategy=0, tolerance=0.1
CascadeMinimizer.cc[215] : (in function: improveOnce) - Minimization finished with status=0
CascadeMinimizer.cc[219] : (in function: improveOnce) - Minimization success! status=0
AsymptoticLimits.cc[552] : (in function: findExpectedLimitFromCrossing) - At r = 426.000000:	delta(nll) = 0.34626

CascadeMinimizer.cc[188] : (in function: improveOnce) - Minimization configured with Type=Minuit2, Algo=Migrad, strategy=0, tolerance=0.1
CascadeMinimizer.cc[215] : (in function: improveOnce) - Minimization finished with status=0
CascadeMinimizer.cc[219] : (in function: improveOnce) - Minimization success! status=0
AsymptoticLimits.cc[552] : (in function: findExpectedLimitFromCrossing) - At r = 427.000000:	delta(nll) = 0.34793

CascadeMinimizer.cc[188] : (in function: improveOnce) - Minimization configured with Type=Minuit2, Algo=Migrad, strategy=0, tolerance=0.1
CascadeMinimizer.cc[215] : (in function: improveOnce) - Minimization finished with status=0
CascadeMinimizer.cc[219] : (in function: improveOnce) - Minimization success! status=0
AsymptoticLimits.cc[552] : (in function: findExpectedLimitFromCrossing) - At r = 428.000000:	delta(nll) = 0.34971

CascadeMinimizer.cc[188] : (in function: improveOnce) - Minimization configured with Type=Minuit2, Algo=Migrad, strategy=0, tolerance=0.1
CascadeMinimizer.cc[215] : (in function: improveOnce) - Minimization finished with status=0
CascadeMinimizer.cc[219] : (in function: improveOnce) - Minimization success! status=0
AsymptoticLimits.cc[552] : (in function: findExpectedLimitFromCrossing) - At r = 429.000000:	delta(nll) = 0.35115

CascadeMinimizer.cc[188] : (in function: improveOnce) - Minimization configured with Type=Minuit2, Algo=Migrad, strategy=0, tolerance=0.1
CascadeMinimizer.cc[215] : (in function: improveOnce) - Minimization finished with status=0
CascadeMinimizer.cc[219] : (in function: improveOnce) - Minimization success! status=0
AsymptoticLimits.cc[552] : (in function: findExpectedLimitFromCrossing) - At r = 430.000000:	delta(nll) = 0.35285

CascadeMinimizer.cc[188] : (in function: improveOnce) - Minimization configured with Type=Minuit2, Algo=Migrad, strategy=0, tolerance=0.1
CascadeMinimizer.cc[215] : (in function: improveOnce) - Minimization finished with status=0
CascadeMinimizer.cc[219] : (in function: improveOnce) - Minimization success! status=0
AsymptoticLimits.cc[552] : (in function: findExpectedLimitFromCrossing) - At r = 431.000000:	delta(nll) = 0.35464

CascadeMinimizer.cc[188] : (in function: improveOnce) - Minimization configured with Type=Minuit2, Algo=Migrad, strategy=0, tolerance=0.1
CascadeMinimizer.cc[215] : (in function: improveOnce) - Minimization finished with status=0
CascadeMinimizer.cc[219] : (in function: improveOnce) - Minimization success! status=0
AsymptoticLimits.cc[552] : (in function: findExpectedLimitFromCrossing) - At r = 432.000000:	delta(nll) = 0.35608

CascadeMinimizer.cc[188] : (in function: improveOnce) - Minimization configured with Type=Minuit2, Algo=Migrad, strategy=0, tolerance=0.1
CascadeMinimizer.cc[215] : (in function: improveOnce) - Minimization finished with status=0
CascadeMinimizer.cc[219] : (in function: improveOnce) - Minimization success! status=0
AsymptoticLimits.cc[552] : (in function: findExpectedLimitFromCrossing) - At r = 433.000000:	delta(nll) = 0.35779

CascadeMinimizer.cc[188] : (in function: improveOnce) - Minimization configured with Type=Minuit2, Algo=Migrad, strategy=0, tolerance=0.1
CascadeMinimizer.cc[215] : (in function: improveOnce) - Minimization finished with status=0
CascadeMinimizer.cc[219] : (in function: improveOnce) - Minimization success! status=0
AsymptoticLimits.cc[552] : (in function: findExpectedLimitFromCrossing) - At r = 434.000000:	delta(nll) = 0.35961

CascadeMinimizer.cc[188] : (in function: improveOnce) - Minimization configured with Type=Minuit2, Algo=Migrad, strategy=0, tolerance=0.1
CascadeMinimizer.cc[215] : (in function: improveOnce) - Minimization finished with status=0
CascadeMinimizer.cc[219] : (in function: improveOnce) - Minimization success! status=0
AsymptoticLimits.cc[552] : (in function: findExpectedLimitFromCrossing) - At r = 435.000000:	delta(nll) = 0.36103

CascadeMinimizer.cc[188] : (in function: improveOnce) - Minimization configured with Type=Minuit2, Algo=Migrad, strategy=0, tolerance=0.1
CascadeMinimizer.cc[215] : (in function: improveOnce) - Minimization finished with status=0
CascadeMinimizer.cc[219] : (in function: improveOnce) - Minimization success! status=0
AsymptoticLimits.cc[552] : (in function: findExpectedLimitFromCrossing) - At r = 436.000000:	delta(nll) = 0.36275

CascadeMinimizer.cc[188] : (in function: improveOnce) - Minimization configured with Type=Minuit2, Algo=Migrad, strategy=0, tolerance=0.1
CascadeMinimizer.cc[215] : (in function: improveOnce) - Minimization finished with status=0
CascadeMinimizer.cc[219] : (in function: improveOnce) - Minimization success! status=0
AsymptoticLimits.cc[552] : (in function: findExpectedLimitFromCrossing) - At r = 437.000000:	delta(nll) = 0.36456

CascadeMinimizer.cc[188] : (in function: improveOnce) - Minimization configured with Type=Minuit2, Algo=Migrad, strategy=0, tolerance=0.1
CascadeMinimizer.cc[215] : (in function: improveOnce) - Minimization finished with status=0
CascadeMinimizer.cc[219] : (in function: improveOnce) - Minimization success! status=0
AsymptoticLimits.cc[552] : (in function: findExpectedLimitFromCrossing) - At r = 438.000000:	delta(nll) = 0.36601

CascadeMinimizer.cc[188] : (in function: improveOnce) - Minimization configured with Type=Minuit2, Algo=Migrad, strategy=0, tolerance=0.1
CascadeMinimizer.cc[215] : (in function: improveOnce) - Minimization finished with status=0
CascadeMinimizer.cc[219] : (in function: improveOnce) - Minimization success! status=0
AsymptoticLimits.cc[552] : (in function: findExpectedLimitFromCrossing) - At r = 439.000000:	delta(nll) = 0.36772

CascadeMinimizer.cc[188] : (in function: improveOnce) - Minimization configured with Type=Minuit2, Algo=Migrad, strategy=0, tolerance=0.1
CascadeMinimizer.cc[215] : (in function: improveOnce) - Minimization finished with status=0
CascadeMinimizer.cc[219] : (in function: improveOnce) - Minimization success! status=0
AsymptoticLimits.cc[552] : (in function: findExpectedLimitFromCrossing) - At r = 440.000000:	delta(nll) = 0.36953

CascadeMinimizer.cc[188] : (in function: improveOnce) - Minimization configured with Type=Minuit2, Algo=Migrad, strategy=0, tolerance=0.1
CascadeMinimizer.cc[215] : (in function: improveOnce) - Minimization finished with status=0
CascadeMinimizer.cc[219] : (in function: improveOnce) - Minimization success! status=0
AsymptoticLimits.cc[552] : (in function: findExpectedLimitFromCrossing) - At r = 441.000000:	delta(nll) = 0.37102

CascadeMinimizer.cc[188] : (in function: improveOnce) - Minimization configured with Type=Minuit2, Algo=Migrad, strategy=0, tolerance=0.1
CascadeMinimizer.cc[215] : (in function: improveOnce) - Minimization finished with status=0
CascadeMinimizer.cc[219] : (in function: improveOnce) - Minimization success! status=0
AsymptoticLimits.cc[552] : (in function: findExpectedLimitFromCrossing) - At r = 442.000000:	delta(nll) = 0.37275

CascadeMinimizer.cc[188] : (in function: improveOnce) - Minimization configured with Type=Minuit2, Algo=Migrad, strategy=0, tolerance=0.1
CascadeMinimizer.cc[215] : (in function: improveOnce) - Minimization finished with status=0
CascadeMinimizer.cc[219] : (in function: improveOnce) - Minimization success! status=0
AsymptoticLimits.cc[552] : (in function: findExpectedLimitFromCrossing) - At r = 443.000000:	delta(nll) = 0.37458

CascadeMinimizer.cc[188] : (in function: improveOnce) - Minimization configured with Type=Minuit2, Algo=Migrad, strategy=0, tolerance=0.1
CascadeMinimizer.cc[215] : (in function: improveOnce) - Minimization finished with status=0
CascadeMinimizer.cc[219] : (in function: improveOnce) - Minimization success! status=0
AsymptoticLimits.cc[552] : (in function: findExpectedLimitFromCrossing) - At r = 444.000000:	delta(nll) = 0.37608

CascadeMinimizer.cc[188] : (in function: improveOnce) - Minimization configured with Type=Minuit2, Algo=Migrad, strategy=0, tolerance=0.1
CascadeMinimizer.cc[215] : (in function: improveOnce) - Minimization finished with status=0
CascadeMinimizer.cc[219] : (in function: improveOnce) - Minimization success! status=0
AsymptoticLimits.cc[552] : (in function: findExpectedLimitFromCrossing) - At r = 445.000000:	delta(nll) = 0.37783

CascadeMinimizer.cc[188] : (in function: improveOnce) - Minimization configured with Type=Minuit2, Algo=Migrad, strategy=0, tolerance=0.1
CascadeMinimizer.cc[215] : (in function: improveOnce) - Minimization finished with status=0
CascadeMinimizer.cc[219] : (in function: improveOnce) - Minimization success! status=0
AsymptoticLimits.cc[552] : (in function: findExpectedLimitFromCrossing) - At r = 446.000000:	delta(nll) = 0.37968

CascadeMinimizer.cc[188] : (in function: improveOnce) - Minimization configured with Type=Minuit2, Algo=Migrad, strategy=0, tolerance=0.1
CascadeMinimizer.cc[215] : (in function: improveOnce) - Minimization finished with status=0
CascadeMinimizer.cc[219] : (in function: improveOnce) - Minimization success! status=0
AsymptoticLimits.cc[552] : (in function: findExpectedLimitFromCrossing) - At r = 447.000000:	delta(nll) = 0.38117

CascadeMinimizer.cc[188] : (in function: improveOnce) - Minimization configured with Type=Minuit2, Algo=Migrad, strategy=0, tolerance=0.1
CascadeMinimizer.cc[215] : (in function: improveOnce) - Minimization finished with status=0
CascadeMinimizer.cc[219] : (in function: improveOnce) - Minimization success! status=0
AsymptoticLimits.cc[552] : (in function: findExpectedLimitFromCrossing) - At r = 448.000000:	delta(nll) = 0.38292

CascadeMinimizer.cc[188] : (in function: improveOnce) - Minimization configured with Type=Minuit2, Algo=Migrad, strategy=0, tolerance=0.1
CascadeMinimizer.cc[215] : (in function: improveOnce) - Minimization finished with status=0
CascadeMinimizer.cc[219] : (in function: improveOnce) - Minimization success! status=0
AsymptoticLimits.cc[552] : (in function: findExpectedLimitFromCrossing) - At r = 449.000000:	delta(nll) = 0.38478

CascadeMinimizer.cc[188] : (in function: improveOnce) - Minimization configured with Type=Minuit2, Algo=Migrad, strategy=0, tolerance=0.1
CascadeMinimizer.cc[215] : (in function: improveOnce) - Minimization finished with status=0
CascadeMinimizer.cc[219] : (in function: improveOnce) - Minimization success! status=0
AsymptoticLimits.cc[552] : (in function: findExpectedLimitFromCrossing) - At r = 450.000000:	delta(nll) = 0.38628

CascadeMinimizer.cc[188] : (in function: improveOnce) - Minimization configured with Type=Minuit2, Algo=Migrad, strategy=0, tolerance=0.1
CascadeMinimizer.cc[215] : (in function: improveOnce) - Minimization finished with status=0
CascadeMinimizer.cc[219] : (in function: improveOnce) - Minimization success! status=0
AsymptoticLimits.cc[552] : (in function: findExpectedLimitFromCrossing) - At r = 451.000000:	delta(nll) = 0.38804

CascadeMinimizer.cc[188] : (in function: improveOnce) - Minimization configured with Type=Minuit2, Algo=Migrad, strategy=0, tolerance=0.1
CascadeMinimizer.cc[215] : (in function: improveOnce) - Minimization finished with status=0
CascadeMinimizer.cc[219] : (in function: improveOnce) - Minimization success! status=0
AsymptoticLimits.cc[552] : (in function: findExpectedLimitFromCrossing) - At r = 452.000000:	delta(nll) = 0.38990

CascadeMinimizer.cc[188] : (in function: improveOnce) - Minimization configured with Type=Minuit2, Algo=Migrad, strategy=0, tolerance=0.1
CascadeMinimizer.cc[215] : (in function: improveOnce) - Minimization finished with status=0
CascadeMinimizer.cc[219] : (in function: improveOnce) - Minimization success! status=0
AsymptoticLimits.cc[552] : (in function: findExpectedLimitFromCrossing) - At r = 453.000000:	delta(nll) = 0.39144

CascadeMinimizer.cc[188] : (in function: improveOnce) - Minimization configured with Type=Minuit2, Algo=Migrad, strategy=0, tolerance=0.1
CascadeMinimizer.cc[215] : (in function: improveOnce) - Minimization finished with status=0
CascadeMinimizer.cc[219] : (in function: improveOnce) - Minimization success! status=0
AsymptoticLimits.cc[552] : (in function: findExpectedLimitFromCrossing) - At r = 454.000000:	delta(nll) = 0.39322

CascadeMinimizer.cc[188] : (in function: improveOnce) - Minimization configured with Type=Minuit2, Algo=Migrad, strategy=0, tolerance=0.1
CascadeMinimizer.cc[215] : (in function: improveOnce) - Minimization finished with status=0
CascadeMinimizer.cc[219] : (in function: improveOnce) - Minimization success! status=0
AsymptoticLimits.cc[552] : (in function: findExpectedLimitFromCrossing) - At r = 455.000000:	delta(nll) = 0.39510

CascadeMinimizer.cc[188] : (in function: improveOnce) - Minimization configured with Type=Minuit2, Algo=Migrad, strategy=0, tolerance=0.1
CascadeMinimizer.cc[215] : (in function: improveOnce) - Minimization finished with status=0
CascadeMinimizer.cc[219] : (in function: improveOnce) - Minimization success! status=0
AsymptoticLimits.cc[552] : (in function: findExpectedLimitFromCrossing) - At r = 456.000000:	delta(nll) = 0.39662

CascadeMinimizer.cc[188] : (in function: improveOnce) - Minimization configured with Type=Minuit2, Algo=Migrad, strategy=0, tolerance=0.1
CascadeMinimizer.cc[215] : (in function: improveOnce) - Minimization finished with status=0
CascadeMinimizer.cc[219] : (in function: improveOnce) - Minimization success! status=0
AsymptoticLimits.cc[552] : (in function: findExpectedLimitFromCrossing) - At r = 457.000000:	delta(nll) = 0.39840

CascadeMinimizer.cc[188] : (in function: improveOnce) - Minimization configured with Type=Minuit2, Algo=Migrad, strategy=0, tolerance=0.1
CascadeMinimizer.cc[215] : (in function: improveOnce) - Minimization finished with status=0
CascadeMinimizer.cc[219] : (in function: improveOnce) - Minimization success! status=0
AsymptoticLimits.cc[552] : (in function: findExpectedLimitFromCrossing) - At r = 458.000000:	delta(nll) = 0.40029

CascadeMinimizer.cc[188] : (in function: improveOnce) - Minimization configured with Type=Minuit2, Algo=Migrad, strategy=0, tolerance=0.1
CascadeMinimizer.cc[215] : (in function: improveOnce) - Minimization finished with status=0
CascadeMinimizer.cc[219] : (in function: improveOnce) - Minimization success! status=0
AsymptoticLimits.cc[552] : (in function: findExpectedLimitFromCrossing) - At r = 459.000000:	delta(nll) = 0.40185

CascadeMinimizer.cc[188] : (in function: improveOnce) - Minimization configured with Type=Minuit2, Algo=Migrad, strategy=0, tolerance=0.1
CascadeMinimizer.cc[215] : (in function: improveOnce) - Minimization finished with status=0
CascadeMinimizer.cc[219] : (in function: improveOnce) - Minimization success! status=0
AsymptoticLimits.cc[552] : (in function: findExpectedLimitFromCrossing) - At r = 460.000000:	delta(nll) = 0.40366

CascadeMinimizer.cc[188] : (in function: improveOnce) - Minimization configured with Type=Minuit2, Algo=Migrad, strategy=0, tolerance=0.1
CascadeMinimizer.cc[215] : (in function: improveOnce) - Minimization finished with status=0
CascadeMinimizer.cc[219] : (in function: improveOnce) - Minimization success! status=0
AsymptoticLimits.cc[552] : (in function: findExpectedLimitFromCrossing) - At r = 461.000000:	delta(nll) = 0.40556

CascadeMinimizer.cc[188] : (in function: improveOnce) - Minimization configured with Type=Minuit2, Algo=Migrad, strategy=0, tolerance=0.1
CascadeMinimizer.cc[215] : (in function: improveOnce) - Minimization finished with status=0
CascadeMinimizer.cc[219] : (in function: improveOnce) - Minimization success! status=0
AsymptoticLimits.cc[552] : (in function: findExpectedLimitFromCrossing) - At r = 462.000000:	delta(nll) = 0.40712

CascadeMinimizer.cc[188] : (in function: improveOnce) - Minimization configured with Type=Minuit2, Algo=Migrad, strategy=0, tolerance=0.1
CascadeMinimizer.cc[215] : (in function: improveOnce) - Minimization finished with status=0
CascadeMinimizer.cc[219] : (in function: improveOnce) - Minimization success! status=0
AsymptoticLimits.cc[552] : (in function: findExpectedLimitFromCrossing) - At r = 463.000000:	delta(nll) = 0.40893

CascadeMinimizer.cc[188] : (in function: improveOnce) - Minimization configured with Type=Minuit2, Algo=Migrad, strategy=0, tolerance=0.1
CascadeMinimizer.cc[215] : (in function: improveOnce) - Minimization finished with status=0
CascadeMinimizer.cc[219] : (in function: improveOnce) - Minimization success! status=0
AsymptoticLimits.cc[552] : (in function: findExpectedLimitFromCrossing) - At r = 464.000000:	delta(nll) = 0.41084

CascadeMinimizer.cc[188] : (in function: improveOnce) - Minimization configured with Type=Minuit2, Algo=Migrad, strategy=0, tolerance=0.1
CascadeMinimizer.cc[215] : (in function: improveOnce) - Minimization finished with status=0
CascadeMinimizer.cc[219] : (in function: improveOnce) - Minimization success! status=0
AsymptoticLimits.cc[552] : (in function: findExpectedLimitFromCrossing) - At r = 465.000000:	delta(nll) = 0.41241

CascadeMinimizer.cc[188] : (in function: improveOnce) - Minimization configured with Type=Minuit2, Algo=Migrad, strategy=0, tolerance=0.1
CascadeMinimizer.cc[215] : (in function: improveOnce) - Minimization finished with status=0
CascadeMinimizer.cc[219] : (in function: improveOnce) - Minimization success! status=0
AsymptoticLimits.cc[552] : (in function: findExpectedLimitFromCrossing) - At r = 466.000000:	delta(nll) = 0.41423

CascadeMinimizer.cc[188] : (in function: improveOnce) - Minimization configured with Type=Minuit2, Algo=Migrad, strategy=0, tolerance=0.1
CascadeMinimizer.cc[215] : (in function: improveOnce) - Minimization finished with status=0
CascadeMinimizer.cc[219] : (in function: improveOnce) - Minimization success! status=0
AsymptoticLimits.cc[552] : (in function: findExpectedLimitFromCrossing) - At r = 467.000000:	delta(nll) = 0.41615

CascadeMinimizer.cc[188] : (in function: improveOnce) - Minimization configured with Type=Minuit2, Algo=Migrad, strategy=0, tolerance=0.1
CascadeMinimizer.cc[215] : (in function: improveOnce) - Minimization finished with status=0
CascadeMinimizer.cc[219] : (in function: improveOnce) - Minimization success! status=0
AsymptoticLimits.cc[552] : (in function: findExpectedLimitFromCrossing) - At r = 468.000000:	delta(nll) = 0.41774

CascadeMinimizer.cc[188] : (in function: improveOnce) - Minimization configured with Type=Minuit2, Algo=Migrad, strategy=0, tolerance=0.1
CascadeMinimizer.cc[215] : (in function: improveOnce) - Minimization finished with status=0
CascadeMinimizer.cc[219] : (in function: improveOnce) - Minimization success! status=0
AsymptoticLimits.cc[552] : (in function: findExpectedLimitFromCrossing) - At r = 469.000000:	delta(nll) = 0.41957

CascadeMinimizer.cc[188] : (in function: improveOnce) - Minimization configured with Type=Minuit2, Algo=Migrad, strategy=0, tolerance=0.1
CascadeMinimizer.cc[215] : (in function: improveOnce) - Minimization finished with status=0
CascadeMinimizer.cc[219] : (in function: improveOnce) - Minimization success! status=0
AsymptoticLimits.cc[552] : (in function: findExpectedLimitFromCrossing) - At r = 470.000000:	delta(nll) = 0.42150

CascadeMinimizer.cc[188] : (in function: improveOnce) - Minimization configured with Type=Minuit2, Algo=Migrad, strategy=0, tolerance=0.1
CascadeMinimizer.cc[215] : (in function: improveOnce) - Minimization finished with status=0
CascadeMinimizer.cc[219] : (in function: improveOnce) - Minimization success! status=0
AsymptoticLimits.cc[552] : (in function: findExpectedLimitFromCrossing) - At r = 471.000000:	delta(nll) = 0.42310

CascadeMinimizer.cc[188] : (in function: improveOnce) - Minimization configured with Type=Minuit2, Algo=Migrad, strategy=0, tolerance=0.1
CascadeMinimizer.cc[215] : (in function: improveOnce) - Minimization finished with status=0
CascadeMinimizer.cc[219] : (in function: improveOnce) - Minimization success! status=0
AsymptoticLimits.cc[552] : (in function: findExpectedLimitFromCrossing) - At r = 472.000000:	delta(nll) = 0.42494

CascadeMinimizer.cc[188] : (in function: improveOnce) - Minimization configured with Type=Minuit2, Algo=Migrad, strategy=0, tolerance=0.1
CascadeMinimizer.cc[215] : (in function: improveOnce) - Minimization finished with status=0
CascadeMinimizer.cc[219] : (in function: improveOnce) - Minimization success! status=0
AsymptoticLimits.cc[552] : (in function: findExpectedLimitFromCrossing) - At r = 473.000000:	delta(nll) = 0.42688

CascadeMinimizer.cc[188] : (in function: improveOnce) - Minimization configured with Type=Minuit2, Algo=Migrad, strategy=0, tolerance=0.1
CascadeMinimizer.cc[215] : (in function: improveOnce) - Minimization finished with status=0
CascadeMinimizer.cc[219] : (in function: improveOnce) - Minimization success! status=0
AsymptoticLimits.cc[552] : (in function: findExpectedLimitFromCrossing) - At r = 474.000000:	delta(nll) = 0.42849

CascadeMinimizer.cc[188] : (in function: improveOnce) - Minimization configured with Type=Minuit2, Algo=Migrad, strategy=0, tolerance=0.1
CascadeMinimizer.cc[215] : (in function: improveOnce) - Minimization finished with status=0
CascadeMinimizer.cc[219] : (in function: improveOnce) - Minimization success! status=0
AsymptoticLimits.cc[552] : (in function: findExpectedLimitFromCrossing) - At r = 475.000000:	delta(nll) = 0.43035

CascadeMinimizer.cc[188] : (in function: improveOnce) - Minimization configured with Type=Minuit2, Algo=Migrad, strategy=0, tolerance=0.1
CascadeMinimizer.cc[215] : (in function: improveOnce) - Minimization finished with status=0
CascadeMinimizer.cc[219] : (in function: improveOnce) - Minimization success! status=0
AsymptoticLimits.cc[552] : (in function: findExpectedLimitFromCrossing) - At r = 476.000000:	delta(nll) = 0.43230

CascadeMinimizer.cc[188] : (in function: improveOnce) - Minimization configured with Type=Minuit2, Algo=Migrad, strategy=0, tolerance=0.1
CascadeMinimizer.cc[215] : (in function: improveOnce) - Minimization finished with status=0
CascadeMinimizer.cc[219] : (in function: improveOnce) - Minimization success! status=0
AsymptoticLimits.cc[552] : (in function: findExpectedLimitFromCrossing) - At r = 477.000000:	delta(nll) = 0.43392

CascadeMinimizer.cc[188] : (in function: improveOnce) - Minimization configured with Type=Minuit2, Algo=Migrad, strategy=0, tolerance=0.1
CascadeMinimizer.cc[215] : (in function: improveOnce) - Minimization finished with status=0
CascadeMinimizer.cc[219] : (in function: improveOnce) - Minimization success! status=0
AsymptoticLimits.cc[552] : (in function: findExpectedLimitFromCrossing) - At r = 478.000000:	delta(nll) = 0.43579

CascadeMinimizer.cc[188] : (in function: improveOnce) - Minimization configured with Type=Minuit2, Algo=Migrad, strategy=0, tolerance=0.1
CascadeMinimizer.cc[215] : (in function: improveOnce) - Minimization finished with status=0
CascadeMinimizer.cc[219] : (in function: improveOnce) - Minimization success! status=0
AsymptoticLimits.cc[552] : (in function: findExpectedLimitFromCrossing) - At r = 479.000000:	delta(nll) = 0.43776

CascadeMinimizer.cc[188] : (in function: improveOnce) - Minimization configured with Type=Minuit2, Algo=Migrad, strategy=0, tolerance=0.1
CascadeMinimizer.cc[215] : (in function: improveOnce) - Minimization finished with status=0
CascadeMinimizer.cc[219] : (in function: improveOnce) - Minimization success! status=0
AsymptoticLimits.cc[552] : (in function: findExpectedLimitFromCrossing) - At r = 480.000000:	delta(nll) = 0.43938

CascadeMinimizer.cc[188] : (in function: improveOnce) - Minimization configured with Type=Minuit2, Algo=Migrad, strategy=0, tolerance=0.1
CascadeMinimizer.cc[215] : (in function: improveOnce) - Minimization finished with status=0
CascadeMinimizer.cc[219] : (in function: improveOnce) - Minimization success! status=0
AsymptoticLimits.cc[552] : (in function: findExpectedLimitFromCrossing) - At r = 481.000000:	delta(nll) = 0.44125

CascadeMinimizer.cc[188] : (in function: improveOnce) - Minimization configured with Type=Minuit2, Algo=Migrad, strategy=0, tolerance=0.1
CascadeMinimizer.cc[215] : (in function: improveOnce) - Minimization finished with status=0
CascadeMinimizer.cc[219] : (in function: improveOnce) - Minimization success! status=0
AsymptoticLimits.cc[552] : (in function: findExpectedLimitFromCrossing) - At r = 482.000000:	delta(nll) = 0.44321

CascadeMinimizer.cc[188] : (in function: improveOnce) - Minimization configured with Type=Minuit2, Algo=Migrad, strategy=0, tolerance=0.1
CascadeMinimizer.cc[215] : (in function: improveOnce) - Minimization finished with status=0
CascadeMinimizer.cc[219] : (in function: improveOnce) - Minimization success! status=0
AsymptoticLimits.cc[552] : (in function: findExpectedLimitFromCrossing) - At r = 483.000000:	delta(nll) = 0.44522

CascadeMinimizer.cc[188] : (in function: improveOnce) - Minimization configured with Type=Minuit2, Algo=Migrad, strategy=0, tolerance=0.1
CascadeMinimizer.cc[215] : (in function: improveOnce) - Minimization finished with status=0
CascadeMinimizer.cc[219] : (in function: improveOnce) - Minimization success! status=0
AsymptoticLimits.cc[552] : (in function: findExpectedLimitFromCrossing) - At r = 484.000000:	delta(nll) = 0.44676

CascadeMinimizer.cc[188] : (in function: improveOnce) - Minimization configured with Type=Minuit2, Algo=Migrad, strategy=0, tolerance=0.1
CascadeMinimizer.cc[215] : (in function: improveOnce) - Minimization finished with status=0
CascadeMinimizer.cc[219] : (in function: improveOnce) - Minimization success! status=0
AsymptoticLimits.cc[552] : (in function: findExpectedLimitFromCrossing) - At r = 485.000000:	delta(nll) = 0.44866

CascadeMinimizer.cc[188] : (in function: improveOnce) - Minimization configured with Type=Minuit2, Algo=Migrad, strategy=0, tolerance=0.1
CascadeMinimizer.cc[215] : (in function: improveOnce) - Minimization finished with status=0
CascadeMinimizer.cc[219] : (in function: improveOnce) - Minimization success! status=0
AsymptoticLimits.cc[552] : (in function: findExpectedLimitFromCrossing) - At r = 486.000000:	delta(nll) = 0.45065

CascadeMinimizer.cc[188] : (in function: improveOnce) - Minimization configured with Type=Minuit2, Algo=Migrad, strategy=0, tolerance=0.1
CascadeMinimizer.cc[215] : (in function: improveOnce) - Minimization finished with status=0
CascadeMinimizer.cc[219] : (in function: improveOnce) - Minimization success! status=0
AsymptoticLimits.cc[552] : (in function: findExpectedLimitFromCrossing) - At r = 487.000000:	delta(nll) = 0.45228

CascadeMinimizer.cc[188] : (in function: improveOnce) - Minimization configured with Type=Minuit2, Algo=Migrad, strategy=0, tolerance=0.1
CascadeMinimizer.cc[215] : (in function: improveOnce) - Minimization finished with status=0
CascadeMinimizer.cc[219] : (in function: improveOnce) - Minimization success! status=0
AsymptoticLimits.cc[552] : (in function: findExpectedLimitFromCrossing) - At r = 488.000000:	delta(nll) = 0.45417

CascadeMinimizer.cc[188] : (in function: improveOnce) - Minimization configured with Type=Minuit2, Algo=Migrad, strategy=0, tolerance=0.1
CascadeMinimizer.cc[215] : (in function: improveOnce) - Minimization finished with status=0
CascadeMinimizer.cc[219] : (in function: improveOnce) - Minimization success! status=0
AsymptoticLimits.cc[552] : (in function: findExpectedLimitFromCrossing) - At r = 489.000000:	delta(nll) = 0.45616

CascadeMinimizer.cc[188] : (in function: improveOnce) - Minimization configured with Type=Minuit2, Algo=Migrad, strategy=0, tolerance=0.1
CascadeMinimizer.cc[215] : (in function: improveOnce) - Minimization finished with status=0
CascadeMinimizer.cc[219] : (in function: improveOnce) - Minimization success! status=0
AsymptoticLimits.cc[552] : (in function: findExpectedLimitFromCrossing) - At r = 490.000000:	delta(nll) = 0.45820

CascadeMinimizer.cc[188] : (in function: improveOnce) - Minimization configured with Type=Minuit2, Algo=Migrad, strategy=0, tolerance=0.1
CascadeMinimizer.cc[215] : (in function: improveOnce) - Minimization finished with status=0
CascadeMinimizer.cc[219] : (in function: improveOnce) - Minimization success! status=0
AsymptoticLimits.cc[552] : (in function: findExpectedLimitFromCrossing) - At r = 491.000000:	delta(nll) = 0.45974

CascadeMinimizer.cc[188] : (in function: improveOnce) - Minimization configured with Type=Minuit2, Algo=Migrad, strategy=0, tolerance=0.1
CascadeMinimizer.cc[215] : (in function: improveOnce) - Minimization finished with status=0
CascadeMinimizer.cc[219] : (in function: improveOnce) - Minimization success! status=0
AsymptoticLimits.cc[552] : (in function: findExpectedLimitFromCrossing) - At r = 492.000000:	delta(nll) = 0.46166

CascadeMinimizer.cc[188] : (in function: improveOnce) - Minimization configured with Type=Minuit2, Algo=Migrad, strategy=0, tolerance=0.1
CascadeMinimizer.cc[215] : (in function: improveOnce) - Minimization finished with status=0
CascadeMinimizer.cc[219] : (in function: improveOnce) - Minimization success! status=0
AsymptoticLimits.cc[552] : (in function: findExpectedLimitFromCrossing) - At r = 493.000000:	delta(nll) = 0.46367

CascadeMinimizer.cc[188] : (in function: improveOnce) - Minimization configured with Type=Minuit2, Algo=Migrad, strategy=0, tolerance=0.1
CascadeMinimizer.cc[215] : (in function: improveOnce) - Minimization finished with status=0
CascadeMinimizer.cc[219] : (in function: improveOnce) - Minimization success! status=0
AsymptoticLimits.cc[552] : (in function: findExpectedLimitFromCrossing) - At r = 494.000000:	delta(nll) = 0.46572

CascadeMinimizer.cc[188] : (in function: improveOnce) - Minimization configured with Type=Minuit2, Algo=Migrad, strategy=0, tolerance=0.1
CascadeMinimizer.cc[215] : (in function: improveOnce) - Minimization finished with status=0
CascadeMinimizer.cc[219] : (in function: improveOnce) - Minimization success! status=0
AsymptoticLimits.cc[552] : (in function: findExpectedLimitFromCrossing) - At r = 495.000000:	delta(nll) = 0.46725

CascadeMinimizer.cc[188] : (in function: improveOnce) - Minimization configured with Type=Minuit2, Algo=Migrad, strategy=0, tolerance=0.1
CascadeMinimizer.cc[215] : (in function: improveOnce) - Minimization finished with status=0
CascadeMinimizer.cc[219] : (in function: improveOnce) - Minimization success! status=0
AsymptoticLimits.cc[552] : (in function: findExpectedLimitFromCrossing) - At r = 496.000000:	delta(nll) = 0.46918

CascadeMinimizer.cc[188] : (in function: improveOnce) - Minimization configured with Type=Minuit2, Algo=Migrad, strategy=0, tolerance=0.1
CascadeMinimizer.cc[215] : (in function: improveOnce) - Minimization finished with status=0
CascadeMinimizer.cc[219] : (in function: improveOnce) - Minimization success! status=0
AsymptoticLimits.cc[552] : (in function: findExpectedLimitFromCrossing) - At r = 497.000000:	delta(nll) = 0.47120

CascadeMinimizer.cc[188] : (in function: improveOnce) - Minimization configured with Type=Minuit2, Algo=Migrad, strategy=0, tolerance=0.1
CascadeMinimizer.cc[215] : (in function: improveOnce) - Minimization finished with status=0
CascadeMinimizer.cc[219] : (in function: improveOnce) - Minimization success! status=0
AsymptoticLimits.cc[552] : (in function: findExpectedLimitFromCrossing) - At r = 498.000000:	delta(nll) = 0.47327

CascadeMinimizer.cc[188] : (in function: improveOnce) - Minimization configured with Type=Minuit2, Algo=Migrad, strategy=0, tolerance=0.1
CascadeMinimizer.cc[215] : (in function: improveOnce) - Minimization finished with status=0
CascadeMinimizer.cc[219] : (in function: improveOnce) - Minimization success! status=0
AsymptoticLimits.cc[552] : (in function: findExpectedLimitFromCrossing) - At r = 499.000000:	delta(nll) = 0.47481

CascadeMinimizer.cc[188] : (in function: improveOnce) - Minimization configured with Type=Minuit2, Algo=Migrad, strategy=0, tolerance=0.1
CascadeMinimizer.cc[215] : (in function: improveOnce) - Minimization finished with status=0
CascadeMinimizer.cc[219] : (in function: improveOnce) - Minimization success! status=0
AsymptoticLimits.cc[552] : (in function: findExpectedLimitFromCrossing) - At r = 500.000000:	delta(nll) = 0.47674

CascadeMinimizer.cc[188] : (in function: improveOnce) - Minimization configured with Type=Minuit2, Algo=Migrad, strategy=0, tolerance=0.1
CascadeMinimizer.cc[215] : (in function: improveOnce) - Minimization finished with status=0
CascadeMinimizer.cc[219] : (in function: improveOnce) - Minimization success! status=0
AsymptoticLimits.cc[552] : (in function: findExpectedLimitFromCrossing) - At r = 501.000000:	delta(nll) = 0.47878

CascadeMinimizer.cc[188] : (in function: improveOnce) - Minimization configured with Type=Minuit2, Algo=Migrad, strategy=0, tolerance=0.1
CascadeMinimizer.cc[215] : (in function: improveOnce) - Minimization finished with status=0
CascadeMinimizer.cc[219] : (in function: improveOnce) - Minimization success! status=0
AsymptoticLimits.cc[552] : (in function: findExpectedLimitFromCrossing) - At r = 502.000000:	delta(nll) = 0.48086

CascadeMinimizer.cc[188] : (in function: improveOnce) - Minimization configured with Type=Minuit2, Algo=Migrad, strategy=0, tolerance=0.1
CascadeMinimizer.cc[215] : (in function: improveOnce) - Minimization finished with status=0
CascadeMinimizer.cc[219] : (in function: improveOnce) - Minimization success! status=0
AsymptoticLimits.cc[552] : (in function: findExpectedLimitFromCrossing) - At r = 503.000000:	delta(nll) = 0.48242

CascadeMinimizer.cc[188] : (in function: improveOnce) - Minimization configured with Type=Minuit2, Algo=Migrad, strategy=0, tolerance=0.1
CascadeMinimizer.cc[215] : (in function: improveOnce) - Minimization finished with status=0
CascadeMinimizer.cc[219] : (in function: improveOnce) - Minimization success! status=0
AsymptoticLimits.cc[552] : (in function: findExpectedLimitFromCrossing) - At r = 504.000000:	delta(nll) = 0.48437

CascadeMinimizer.cc[188] : (in function: improveOnce) - Minimization configured with Type=Minuit2, Algo=Migrad, strategy=0, tolerance=0.1
CascadeMinimizer.cc[215] : (in function: improveOnce) - Minimization finished with status=0
CascadeMinimizer.cc[219] : (in function: improveOnce) - Minimization success! status=0
AsymptoticLimits.cc[552] : (in function: findExpectedLimitFromCrossing) - At r = 505.000000:	delta(nll) = 0.48641

CascadeMinimizer.cc[188] : (in function: improveOnce) - Minimization configured with Type=Minuit2, Algo=Migrad, strategy=0, tolerance=0.1
CascadeMinimizer.cc[215] : (in function: improveOnce) - Minimization finished with status=0
CascadeMinimizer.cc[219] : (in function: improveOnce) - Minimization success! status=0
AsymptoticLimits.cc[552] : (in function: findExpectedLimitFromCrossing) - At r = 506.000000:	delta(nll) = 0.48851

CascadeMinimizer.cc[188] : (in function: improveOnce) - Minimization configured with Type=Minuit2, Algo=Migrad, strategy=0, tolerance=0.1
CascadeMinimizer.cc[215] : (in function: improveOnce) - Minimization finished with status=0
CascadeMinimizer.cc[219] : (in function: improveOnce) - Minimization success! status=0
AsymptoticLimits.cc[552] : (in function: findExpectedLimitFromCrossing) - At r = 507.000000:	delta(nll) = 0.49011

CascadeMinimizer.cc[188] : (in function: improveOnce) - Minimization configured with Type=Minuit2, Algo=Migrad, strategy=0, tolerance=0.1
CascadeMinimizer.cc[215] : (in function: improveOnce) - Minimization finished with status=0
CascadeMinimizer.cc[219] : (in function: improveOnce) - Minimization success! status=0
AsymptoticLimits.cc[552] : (in function: findExpectedLimitFromCrossing) - At r = 508.000000:	delta(nll) = 0.49208

CascadeMinimizer.cc[188] : (in function: improveOnce) - Minimization configured with Type=Minuit2, Algo=Migrad, strategy=0, tolerance=0.1
CascadeMinimizer.cc[215] : (in function: improveOnce) - Minimization finished with status=0
CascadeMinimizer.cc[219] : (in function: improveOnce) - Minimization success! status=0
AsymptoticLimits.cc[552] : (in function: findExpectedLimitFromCrossing) - At r = 509.000000:	delta(nll) = 0.49414

CascadeMinimizer.cc[188] : (in function: improveOnce) - Minimization configured with Type=Minuit2, Algo=Migrad, strategy=0, tolerance=0.1
CascadeMinimizer.cc[215] : (in function: improveOnce) - Minimization finished with status=0
CascadeMinimizer.cc[219] : (in function: improveOnce) - Minimization success! status=0
AsymptoticLimits.cc[552] : (in function: findExpectedLimitFromCrossing) - At r = 510.000000:	delta(nll) = 0.49626

CascadeMinimizer.cc[188] : (in function: improveOnce) - Minimization configured with Type=Minuit2, Algo=Migrad, strategy=0, tolerance=0.1
CascadeMinimizer.cc[215] : (in function: improveOnce) - Minimization finished with status=0
CascadeMinimizer.cc[219] : (in function: improveOnce) - Minimization success! status=0
AsymptoticLimits.cc[552] : (in function: findExpectedLimitFromCrossing) - At r = 511.000000:	delta(nll) = 0.49786

CascadeMinimizer.cc[188] : (in function: improveOnce) - Minimization configured with Type=Minuit2, Algo=Migrad, strategy=0, tolerance=0.1
CascadeMinimizer.cc[215] : (in function: improveOnce) - Minimization finished with status=0
CascadeMinimizer.cc[219] : (in function: improveOnce) - Minimization success! status=0
AsymptoticLimits.cc[552] : (in function: findExpectedLimitFromCrossing) - At r = 512.000000:	delta(nll) = 0.49985

CascadeMinimizer.cc[188] : (in function: improveOnce) - Minimization configured with Type=Minuit2, Algo=Migrad, strategy=0, tolerance=0.1
CascadeMinimizer.cc[215] : (in function: improveOnce) - Minimization finished with status=0
CascadeMinimizer.cc[219] : (in function: improveOnce) - Minimization success! status=0
AsymptoticLimits.cc[552] : (in function: findExpectedLimitFromCrossing) - At r = 513.000000:	delta(nll) = 0.50193

CascadeMinimizer.cc[188] : (in function: improveOnce) - Minimization configured with Type=Minuit2, Algo=Migrad, strategy=0, tolerance=0.1
CascadeMinimizer.cc[215] : (in function: improveOnce) - Minimization finished with status=0
CascadeMinimizer.cc[219] : (in function: improveOnce) - Minimization success! status=0
AsymptoticLimits.cc[552] : (in function: findExpectedLimitFromCrossing) - At r = 514.000000:	delta(nll) = 0.50405

CascadeMinimizer.cc[188] : (in function: improveOnce) - Minimization configured with Type=Minuit2, Algo=Migrad, strategy=0, tolerance=0.1
CascadeMinimizer.cc[215] : (in function: improveOnce) - Minimization finished with status=0
CascadeMinimizer.cc[219] : (in function: improveOnce) - Minimization success! status=0
AsymptoticLimits.cc[552] : (in function: findExpectedLimitFromCrossing) - At r = 515.000000:	delta(nll) = 0.50566

CascadeMinimizer.cc[188] : (in function: improveOnce) - Minimization configured with Type=Minuit2, Algo=Migrad, strategy=0, tolerance=0.1
CascadeMinimizer.cc[215] : (in function: improveOnce) - Minimization finished with status=0
CascadeMinimizer.cc[219] : (in function: improveOnce) - Minimization success! status=0
AsymptoticLimits.cc[552] : (in function: findExpectedLimitFromCrossing) - At r = 516.000000:	delta(nll) = 0.50766

CascadeMinimizer.cc[188] : (in function: improveOnce) - Minimization configured with Type=Minuit2, Algo=Migrad, strategy=0, tolerance=0.1
CascadeMinimizer.cc[215] : (in function: improveOnce) - Minimization finished with status=0
CascadeMinimizer.cc[219] : (in function: improveOnce) - Minimization success! status=0
AsymptoticLimits.cc[552] : (in function: findExpectedLimitFromCrossing) - At r = 517.000000:	delta(nll) = 0.50974

CascadeMinimizer.cc[188] : (in function: improveOnce) - Minimization configured with Type=Minuit2, Algo=Migrad, strategy=0, tolerance=0.1
CascadeMinimizer.cc[215] : (in function: improveOnce) - Minimization finished with status=0
CascadeMinimizer.cc[219] : (in function: improveOnce) - Minimization success! status=0
AsymptoticLimits.cc[552] : (in function: findExpectedLimitFromCrossing) - At r = 518.000000:	delta(nll) = 0.51189

CascadeMinimizer.cc[188] : (in function: improveOnce) - Minimization configured with Type=Minuit2, Algo=Migrad, strategy=0, tolerance=0.1
CascadeMinimizer.cc[215] : (in function: improveOnce) - Minimization finished with status=0
CascadeMinimizer.cc[219] : (in function: improveOnce) - Minimization success! status=0
AsymptoticLimits.cc[552] : (in function: findExpectedLimitFromCrossing) - At r = 519.000000:	delta(nll) = 0.51352

CascadeMinimizer.cc[188] : (in function: improveOnce) - Minimization configured with Type=Minuit2, Algo=Migrad, strategy=0, tolerance=0.1
CascadeMinimizer.cc[215] : (in function: improveOnce) - Minimization finished with status=0
CascadeMinimizer.cc[219] : (in function: improveOnce) - Minimization success! status=0
AsymptoticLimits.cc[552] : (in function: findExpectedLimitFromCrossing) - At r = 520.000000:	delta(nll) = 0.51553

CascadeMinimizer.cc[188] : (in function: improveOnce) - Minimization configured with Type=Minuit2, Algo=Migrad, strategy=0, tolerance=0.1
CascadeMinimizer.cc[215] : (in function: improveOnce) - Minimization finished with status=0
CascadeMinimizer.cc[219] : (in function: improveOnce) - Minimization success! status=0
AsymptoticLimits.cc[552] : (in function: findExpectedLimitFromCrossing) - At r = 521.000000:	delta(nll) = 0.51763

CascadeMinimizer.cc[188] : (in function: improveOnce) - Minimization configured with Type=Minuit2, Algo=Migrad, strategy=0, tolerance=0.1
CascadeMinimizer.cc[215] : (in function: improveOnce) - Minimization finished with status=0
CascadeMinimizer.cc[219] : (in function: improveOnce) - Minimization success! status=0
AsymptoticLimits.cc[552] : (in function: findExpectedLimitFromCrossing) - At r = 522.000000:	delta(nll) = 0.51978

CascadeMinimizer.cc[188] : (in function: improveOnce) - Minimization configured with Type=Minuit2, Algo=Migrad, strategy=0, tolerance=0.1
CascadeMinimizer.cc[215] : (in function: improveOnce) - Minimization finished with status=0
CascadeMinimizer.cc[219] : (in function: improveOnce) - Minimization success! status=0
AsymptoticLimits.cc[552] : (in function: findExpectedLimitFromCrossing) - At r = 523.000000:	delta(nll) = 0.52145

CascadeMinimizer.cc[188] : (in function: improveOnce) - Minimization configured with Type=Minuit2, Algo=Migrad, strategy=0, tolerance=0.1
CascadeMinimizer.cc[215] : (in function: improveOnce) - Minimization finished with status=0
CascadeMinimizer.cc[219] : (in function: improveOnce) - Minimization success! status=0
AsymptoticLimits.cc[552] : (in function: findExpectedLimitFromCrossing) - At r = 524.000000:	delta(nll) = 0.52348

CascadeMinimizer.cc[188] : (in function: improveOnce) - Minimization configured with Type=Minuit2, Algo=Migrad, strategy=0, tolerance=0.1
CascadeMinimizer.cc[215] : (in function: improveOnce) - Minimization finished with status=0
CascadeMinimizer.cc[219] : (in function: improveOnce) - Minimization success! status=0
AsymptoticLimits.cc[552] : (in function: findExpectedLimitFromCrossing) - At r = 525.000000:	delta(nll) = 0.52560

CascadeMinimizer.cc[188] : (in function: improveOnce) - Minimization configured with Type=Minuit2, Algo=Migrad, strategy=0, tolerance=0.1
CascadeMinimizer.cc[215] : (in function: improveOnce) - Minimization finished with status=0
CascadeMinimizer.cc[219] : (in function: improveOnce) - Minimization success! status=0
AsymptoticLimits.cc[552] : (in function: findExpectedLimitFromCrossing) - At r = 526.000000:	delta(nll) = 0.52777

CascadeMinimizer.cc[188] : (in function: improveOnce) - Minimization configured with Type=Minuit2, Algo=Migrad, strategy=0, tolerance=0.1
CascadeMinimizer.cc[215] : (in function: improveOnce) - Minimization finished with status=0
CascadeMinimizer.cc[219] : (in function: improveOnce) - Minimization success! status=0
AsymptoticLimits.cc[552] : (in function: findExpectedLimitFromCrossing) - At r = 527.000000:	delta(nll) = 0.52943

CascadeMinimizer.cc[188] : (in function: improveOnce) - Minimization configured with Type=Minuit2, Algo=Migrad, strategy=0, tolerance=0.1
CascadeMinimizer.cc[215] : (in function: improveOnce) - Minimization finished with status=0
CascadeMinimizer.cc[219] : (in function: improveOnce) - Minimization success! status=0
AsymptoticLimits.cc[552] : (in function: findExpectedLimitFromCrossing) - At r = 528.000000:	delta(nll) = 0.53147

CascadeMinimizer.cc[188] : (in function: improveOnce) - Minimization configured with Type=Minuit2, Algo=Migrad, strategy=0, tolerance=0.1
CascadeMinimizer.cc[215] : (in function: improveOnce) - Minimization finished with status=0
CascadeMinimizer.cc[219] : (in function: improveOnce) - Minimization success! status=0
AsymptoticLimits.cc[552] : (in function: findExpectedLimitFromCrossing) - At r = 529.000000:	delta(nll) = 0.53360

CascadeMinimizer.cc[188] : (in function: improveOnce) - Minimization configured with Type=Minuit2, Algo=Migrad, strategy=0, tolerance=0.1
CascadeMinimizer.cc[215] : (in function: improveOnce) - Minimization finished with status=0
CascadeMinimizer.cc[219] : (in function: improveOnce) - Minimization success! status=0
AsymptoticLimits.cc[552] : (in function: findExpectedLimitFromCrossing) - At r = 530.000000:	delta(nll) = 0.53579

CascadeMinimizer.cc[188] : (in function: improveOnce) - Minimization configured with Type=Minuit2, Algo=Migrad, strategy=0, tolerance=0.1
CascadeMinimizer.cc[215] : (in function: improveOnce) - Minimization finished with status=0
CascadeMinimizer.cc[219] : (in function: improveOnce) - Minimization success! status=0
AsymptoticLimits.cc[552] : (in function: findExpectedLimitFromCrossing) - At r = 531.000000:	delta(nll) = 0.53747

CascadeMinimizer.cc[188] : (in function: improveOnce) - Minimization configured with Type=Minuit2, Algo=Migrad, strategy=0, tolerance=0.1
CascadeMinimizer.cc[215] : (in function: improveOnce) - Minimization finished with status=0
CascadeMinimizer.cc[219] : (in function: improveOnce) - Minimization success! status=0
AsymptoticLimits.cc[552] : (in function: findExpectedLimitFromCrossing) - At r = 532.000000:	delta(nll) = 0.53952

CascadeMinimizer.cc[188] : (in function: improveOnce) - Minimization configured with Type=Minuit2, Algo=Migrad, strategy=0, tolerance=0.1
CascadeMinimizer.cc[215] : (in function: improveOnce) - Minimization finished with status=0
CascadeMinimizer.cc[219] : (in function: improveOnce) - Minimization success! status=0
AsymptoticLimits.cc[552] : (in function: findExpectedLimitFromCrossing) - At r = 533.000000:	delta(nll) = 0.54166

CascadeMinimizer.cc[188] : (in function: improveOnce) - Minimization configured with Type=Minuit2, Algo=Migrad, strategy=0, tolerance=0.1
CascadeMinimizer.cc[215] : (in function: improveOnce) - Minimization finished with status=0
CascadeMinimizer.cc[219] : (in function: improveOnce) - Minimization success! status=0
AsymptoticLimits.cc[552] : (in function: findExpectedLimitFromCrossing) - At r = 534.000000:	delta(nll) = 0.54386

CascadeMinimizer.cc[188] : (in function: improveOnce) - Minimization configured with Type=Minuit2, Algo=Migrad, strategy=0, tolerance=0.1
CascadeMinimizer.cc[215] : (in function: improveOnce) - Minimization finished with status=0
CascadeMinimizer.cc[219] : (in function: improveOnce) - Minimization success! status=0
AsymptoticLimits.cc[552] : (in function: findExpectedLimitFromCrossing) - At r = 535.000000:	delta(nll) = 0.54557

CascadeMinimizer.cc[188] : (in function: improveOnce) - Minimization configured with Type=Minuit2, Algo=Migrad, strategy=0, tolerance=0.1
CascadeMinimizer.cc[215] : (in function: improveOnce) - Minimization finished with status=0
CascadeMinimizer.cc[219] : (in function: improveOnce) - Minimization success! status=0
AsymptoticLimits.cc[552] : (in function: findExpectedLimitFromCrossing) - At r = 536.000000:	delta(nll) = 0.54763

CascadeMinimizer.cc[188] : (in function: improveOnce) - Minimization configured with Type=Minuit2, Algo=Migrad, strategy=0, tolerance=0.1
CascadeMinimizer.cc[215] : (in function: improveOnce) - Minimization finished with status=0
CascadeMinimizer.cc[219] : (in function: improveOnce) - Minimization success! status=0
AsymptoticLimits.cc[552] : (in function: findExpectedLimitFromCrossing) - At r = 537.000000:	delta(nll) = 0.54979

CascadeMinimizer.cc[188] : (in function: improveOnce) - Minimization configured with Type=Minuit2, Algo=Migrad, strategy=0, tolerance=0.1
CascadeMinimizer.cc[215] : (in function: improveOnce) - Minimization finished with status=0
CascadeMinimizer.cc[219] : (in function: improveOnce) - Minimization success! status=0
AsymptoticLimits.cc[552] : (in function: findExpectedLimitFromCrossing) - At r = 538.000000:	delta(nll) = 0.55200

CascadeMinimizer.cc[188] : (in function: improveOnce) - Minimization configured with Type=Minuit2, Algo=Migrad, strategy=0, tolerance=0.1
CascadeMinimizer.cc[215] : (in function: improveOnce) - Minimization finished with status=0
CascadeMinimizer.cc[219] : (in function: improveOnce) - Minimization success! status=0
AsymptoticLimits.cc[552] : (in function: findExpectedLimitFromCrossing) - At r = 539.000000:	delta(nll) = 0.55373

CascadeMinimizer.cc[188] : (in function: improveOnce) - Minimization configured with Type=Minuit2, Algo=Migrad, strategy=0, tolerance=0.1
CascadeMinimizer.cc[215] : (in function: improveOnce) - Minimization finished with status=0
CascadeMinimizer.cc[219] : (in function: improveOnce) - Minimization success! status=0
AsymptoticLimits.cc[552] : (in function: findExpectedLimitFromCrossing) - At r = 540.000000:	delta(nll) = 0.55581

CascadeMinimizer.cc[188] : (in function: improveOnce) - Minimization configured with Type=Minuit2, Algo=Migrad, strategy=0, tolerance=0.1
CascadeMinimizer.cc[215] : (in function: improveOnce) - Minimization finished with status=0
CascadeMinimizer.cc[219] : (in function: improveOnce) - Minimization success! status=0
AsymptoticLimits.cc[552] : (in function: findExpectedLimitFromCrossing) - At r = 541.000000:	delta(nll) = 0.55798

CascadeMinimizer.cc[188] : (in function: improveOnce) - Minimization configured with Type=Minuit2, Algo=Migrad, strategy=0, tolerance=0.1
CascadeMinimizer.cc[215] : (in function: improveOnce) - Minimization finished with status=0
CascadeMinimizer.cc[219] : (in function: improveOnce) - Minimization success! status=0
AsymptoticLimits.cc[552] : (in function: findExpectedLimitFromCrossing) - At r = 542.000000:	delta(nll) = 0.56020

CascadeMinimizer.cc[188] : (in function: improveOnce) - Minimization configured with Type=Minuit2, Algo=Migrad, strategy=0, tolerance=0.1
CascadeMinimizer.cc[215] : (in function: improveOnce) - Minimization finished with status=0
CascadeMinimizer.cc[219] : (in function: improveOnce) - Minimization success! status=0
AsymptoticLimits.cc[552] : (in function: findExpectedLimitFromCrossing) - At r = 543.000000:	delta(nll) = 0.56195

CascadeMinimizer.cc[188] : (in function: improveOnce) - Minimization configured with Type=Minuit2, Algo=Migrad, strategy=0, tolerance=0.1
CascadeMinimizer.cc[215] : (in function: improveOnce) - Minimization finished with status=0
CascadeMinimizer.cc[219] : (in function: improveOnce) - Minimization success! status=0
AsymptoticLimits.cc[552] : (in function: findExpectedLimitFromCrossing) - At r = 544.000000:	delta(nll) = 0.56405

CascadeMinimizer.cc[188] : (in function: improveOnce) - Minimization configured with Type=Minuit2, Algo=Migrad, strategy=0, tolerance=0.1
CascadeMinimizer.cc[215] : (in function: improveOnce) - Minimization finished with status=0
CascadeMinimizer.cc[219] : (in function: improveOnce) - Minimization success! status=0
AsymptoticLimits.cc[552] : (in function: findExpectedLimitFromCrossing) - At r = 545.000000:	delta(nll) = 0.56624

CascadeMinimizer.cc[188] : (in function: improveOnce) - Minimization configured with Type=Minuit2, Algo=Migrad, strategy=0, tolerance=0.1
CascadeMinimizer.cc[215] : (in function: improveOnce) - Minimization finished with status=0
CascadeMinimizer.cc[219] : (in function: improveOnce) - Minimization success! status=0
AsymptoticLimits.cc[552] : (in function: findExpectedLimitFromCrossing) - At r = 546.000000:	delta(nll) = 0.56848

CascadeMinimizer.cc[188] : (in function: improveOnce) - Minimization configured with Type=Minuit2, Algo=Migrad, strategy=0, tolerance=0.1
CascadeMinimizer.cc[215] : (in function: improveOnce) - Minimization finished with status=0
CascadeMinimizer.cc[219] : (in function: improveOnce) - Minimization success! status=0
AsymptoticLimits.cc[552] : (in function: findExpectedLimitFromCrossing) - At r = 547.000000:	delta(nll) = 0.57024

CascadeMinimizer.cc[188] : (in function: improveOnce) - Minimization configured with Type=Minuit2, Algo=Migrad, strategy=0, tolerance=0.1
CascadeMinimizer.cc[215] : (in function: improveOnce) - Minimization finished with status=0
CascadeMinimizer.cc[219] : (in function: improveOnce) - Minimization success! status=0
AsymptoticLimits.cc[552] : (in function: findExpectedLimitFromCrossing) - At r = 548.000000:	delta(nll) = 0.57236

CascadeMinimizer.cc[188] : (in function: improveOnce) - Minimization configured with Type=Minuit2, Algo=Migrad, strategy=0, tolerance=0.1
CascadeMinimizer.cc[215] : (in function: improveOnce) - Minimization finished with status=0
CascadeMinimizer.cc[219] : (in function: improveOnce) - Minimization success! status=0
AsymptoticLimits.cc[552] : (in function: findExpectedLimitFromCrossing) - At r = 549.000000:	delta(nll) = 0.57457

CascadeMinimizer.cc[188] : (in function: improveOnce) - Minimization configured with Type=Minuit2, Algo=Migrad, strategy=0, tolerance=0.1
CascadeMinimizer.cc[215] : (in function: improveOnce) - Minimization finished with status=0
CascadeMinimizer.cc[219] : (in function: improveOnce) - Minimization success! status=0
AsymptoticLimits.cc[552] : (in function: findExpectedLimitFromCrossing) - At r = 550.000000:	delta(nll) = 0.57682

CascadeMinimizer.cc[188] : (in function: improveOnce) - Minimization configured with Type=Minuit2, Algo=Migrad, strategy=0, tolerance=0.1
CascadeMinimizer.cc[215] : (in function: improveOnce) - Minimization finished with status=0
CascadeMinimizer.cc[219] : (in function: improveOnce) - Minimization success! status=0
AsymptoticLimits.cc[552] : (in function: findExpectedLimitFromCrossing) - At r = 551.000000:	delta(nll) = 0.57859

CascadeMinimizer.cc[188] : (in function: improveOnce) - Minimization configured with Type=Minuit2, Algo=Migrad, strategy=0, tolerance=0.1
CascadeMinimizer.cc[215] : (in function: improveOnce) - Minimization finished with status=0
CascadeMinimizer.cc[219] : (in function: improveOnce) - Minimization success! status=0
AsymptoticLimits.cc[552] : (in function: findExpectedLimitFromCrossing) - At r = 552.000000:	delta(nll) = 0.58073

CascadeMinimizer.cc[188] : (in function: improveOnce) - Minimization configured with Type=Minuit2, Algo=Migrad, strategy=0, tolerance=0.1
CascadeMinimizer.cc[215] : (in function: improveOnce) - Minimization finished with status=0
CascadeMinimizer.cc[219] : (in function: improveOnce) - Minimization success! status=0
AsymptoticLimits.cc[552] : (in function: findExpectedLimitFromCrossing) - At r = 553.000000:	delta(nll) = 0.58294

CascadeMinimizer.cc[188] : (in function: improveOnce) - Minimization configured with Type=Minuit2, Algo=Migrad, strategy=0, tolerance=0.1
CascadeMinimizer.cc[215] : (in function: improveOnce) - Minimization finished with status=0
CascadeMinimizer.cc[219] : (in function: improveOnce) - Minimization success! status=0
AsymptoticLimits.cc[552] : (in function: findExpectedLimitFromCrossing) - At r = 554.000000:	delta(nll) = 0.58521

CascadeMinimizer.cc[188] : (in function: improveOnce) - Minimization configured with Type=Minuit2, Algo=Migrad, strategy=0, tolerance=0.1
CascadeMinimizer.cc[215] : (in function: improveOnce) - Minimization finished with status=0
CascadeMinimizer.cc[219] : (in function: improveOnce) - Minimization success! status=0
AsymptoticLimits.cc[552] : (in function: findExpectedLimitFromCrossing) - At r = 555.000000:	delta(nll) = 0.58699

CascadeMinimizer.cc[188] : (in function: improveOnce) - Minimization configured with Type=Minuit2, Algo=Migrad, strategy=0, tolerance=0.1
CascadeMinimizer.cc[215] : (in function: improveOnce) - Minimization finished with status=0
CascadeMinimizer.cc[219] : (in function: improveOnce) - Minimization success! status=0
AsymptoticLimits.cc[552] : (in function: findExpectedLimitFromCrossing) - At r = 556.000000:	delta(nll) = 0.58913

CascadeMinimizer.cc[188] : (in function: improveOnce) - Minimization configured with Type=Minuit2, Algo=Migrad, strategy=0, tolerance=0.1
CascadeMinimizer.cc[215] : (in function: improveOnce) - Minimization finished with status=0
CascadeMinimizer.cc[219] : (in function: improveOnce) - Minimization success! status=0
AsymptoticLimits.cc[552] : (in function: findExpectedLimitFromCrossing) - At r = 557.000000:	delta(nll) = 0.59136

CascadeMinimizer.cc[188] : (in function: improveOnce) - Minimization configured with Type=Minuit2, Algo=Migrad, strategy=0, tolerance=0.1
CascadeMinimizer.cc[215] : (in function: improveOnce) - Minimization finished with status=0
CascadeMinimizer.cc[219] : (in function: improveOnce) - Minimization success! status=0
AsymptoticLimits.cc[552] : (in function: findExpectedLimitFromCrossing) - At r = 558.000000:	delta(nll) = 0.59364

CascadeMinimizer.cc[188] : (in function: improveOnce) - Minimization configured with Type=Minuit2, Algo=Migrad, strategy=0, tolerance=0.1
CascadeMinimizer.cc[215] : (in function: improveOnce) - Minimization finished with status=0
CascadeMinimizer.cc[219] : (in function: improveOnce) - Minimization success! status=0
AsymptoticLimits.cc[552] : (in function: findExpectedLimitFromCrossing) - At r = 559.000000:	delta(nll) = 0.59544

CascadeMinimizer.cc[188] : (in function: improveOnce) - Minimization configured with Type=Minuit2, Algo=Migrad, strategy=0, tolerance=0.1
CascadeMinimizer.cc[215] : (in function: improveOnce) - Minimization finished with status=0
CascadeMinimizer.cc[219] : (in function: improveOnce) - Minimization success! status=0
AsymptoticLimits.cc[552] : (in function: findExpectedLimitFromCrossing) - At r = 560.000000:	delta(nll) = 0.59759

CascadeMinimizer.cc[188] : (in function: improveOnce) - Minimization configured with Type=Minuit2, Algo=Migrad, strategy=0, tolerance=0.1
CascadeMinimizer.cc[215] : (in function: improveOnce) - Minimization finished with status=0
CascadeMinimizer.cc[219] : (in function: improveOnce) - Minimization success! status=0
AsymptoticLimits.cc[552] : (in function: findExpectedLimitFromCrossing) - At r = 561.000000:	delta(nll) = 0.59983

CascadeMinimizer.cc[188] : (in function: improveOnce) - Minimization configured with Type=Minuit2, Algo=Migrad, strategy=0, tolerance=0.1
CascadeMinimizer.cc[215] : (in function: improveOnce) - Minimization finished with status=0
CascadeMinimizer.cc[219] : (in function: improveOnce) - Minimization success! status=0
AsymptoticLimits.cc[552] : (in function: findExpectedLimitFromCrossing) - At r = 562.000000:	delta(nll) = 0.60213

CascadeMinimizer.cc[188] : (in function: improveOnce) - Minimization configured with Type=Minuit2, Algo=Migrad, strategy=0, tolerance=0.1
CascadeMinimizer.cc[215] : (in function: improveOnce) - Minimization finished with status=0
CascadeMinimizer.cc[219] : (in function: improveOnce) - Minimization success! status=0
AsymptoticLimits.cc[552] : (in function: findExpectedLimitFromCrossing) - At r = 563.000000:	delta(nll) = 0.60397

CascadeMinimizer.cc[188] : (in function: improveOnce) - Minimization configured with Type=Minuit2, Algo=Migrad, strategy=0, tolerance=0.1
CascadeMinimizer.cc[215] : (in function: improveOnce) - Minimization finished with status=0
CascadeMinimizer.cc[219] : (in function: improveOnce) - Minimization success! status=0
AsymptoticLimits.cc[552] : (in function: findExpectedLimitFromCrossing) - At r = 564.000000:	delta(nll) = 0.60615

CascadeMinimizer.cc[188] : (in function: improveOnce) - Minimization configured with Type=Minuit2, Algo=Migrad, strategy=0, tolerance=0.1
CascadeMinimizer.cc[215] : (in function: improveOnce) - Minimization finished with status=0
CascadeMinimizer.cc[219] : (in function: improveOnce) - Minimization success! status=0
AsymptoticLimits.cc[552] : (in function: findExpectedLimitFromCrossing) - At r = 565.000000:	delta(nll) = 0.60840

CascadeMinimizer.cc[188] : (in function: improveOnce) - Minimization configured with Type=Minuit2, Algo=Migrad, strategy=0, tolerance=0.1
CascadeMinimizer.cc[215] : (in function: improveOnce) - Minimization finished with status=0
CascadeMinimizer.cc[219] : (in function: improveOnce) - Minimization success! status=0
AsymptoticLimits.cc[552] : (in function: findExpectedLimitFromCrossing) - At r = 566.000000:	delta(nll) = 0.61071

CascadeMinimizer.cc[188] : (in function: improveOnce) - Minimization configured with Type=Minuit2, Algo=Migrad, strategy=0, tolerance=0.1
CascadeMinimizer.cc[215] : (in function: improveOnce) - Minimization finished with status=0
CascadeMinimizer.cc[219] : (in function: improveOnce) - Minimization success! status=0
AsymptoticLimits.cc[552] : (in function: findExpectedLimitFromCrossing) - At r = 567.000000:	delta(nll) = 0.61255

CascadeMinimizer.cc[188] : (in function: improveOnce) - Minimization configured with Type=Minuit2, Algo=Migrad, strategy=0, tolerance=0.1
CascadeMinimizer.cc[215] : (in function: improveOnce) - Minimization finished with status=0
CascadeMinimizer.cc[219] : (in function: improveOnce) - Minimization success! status=0
AsymptoticLimits.cc[552] : (in function: findExpectedLimitFromCrossing) - At r = 568.000000:	delta(nll) = 0.61475

CascadeMinimizer.cc[188] : (in function: improveOnce) - Minimization configured with Type=Minuit2, Algo=Migrad, strategy=0, tolerance=0.1
CascadeMinimizer.cc[215] : (in function: improveOnce) - Minimization finished with status=0
CascadeMinimizer.cc[219] : (in function: improveOnce) - Minimization success! status=0
AsymptoticLimits.cc[552] : (in function: findExpectedLimitFromCrossing) - At r = 569.000000:	delta(nll) = 0.61702

CascadeMinimizer.cc[188] : (in function: improveOnce) - Minimization configured with Type=Minuit2, Algo=Migrad, strategy=0, tolerance=0.1
CascadeMinimizer.cc[215] : (in function: improveOnce) - Minimization finished with status=0
CascadeMinimizer.cc[219] : (in function: improveOnce) - Minimization success! status=0
AsymptoticLimits.cc[552] : (in function: findExpectedLimitFromCrossing) - At r = 570.000000:	delta(nll) = 0.61935

CascadeMinimizer.cc[188] : (in function: improveOnce) - Minimization configured with Type=Minuit2, Algo=Migrad, strategy=0, tolerance=0.1
CascadeMinimizer.cc[215] : (in function: improveOnce) - Minimization finished with status=0
CascadeMinimizer.cc[219] : (in function: improveOnce) - Minimization success! status=0
AsymptoticLimits.cc[552] : (in function: findExpectedLimitFromCrossing) - At r = 571.000000:	delta(nll) = 0.62120

CascadeMinimizer.cc[188] : (in function: improveOnce) - Minimization configured with Type=Minuit2, Algo=Migrad, strategy=0, tolerance=0.1
CascadeMinimizer.cc[215] : (in function: improveOnce) - Minimization finished with status=0
CascadeMinimizer.cc[219] : (in function: improveOnce) - Minimization success! status=0
AsymptoticLimits.cc[552] : (in function: findExpectedLimitFromCrossing) - At r = 572.000000:	delta(nll) = 0.62341

CascadeMinimizer.cc[188] : (in function: improveOnce) - Minimization configured with Type=Minuit2, Algo=Migrad, strategy=0, tolerance=0.1
CascadeMinimizer.cc[215] : (in function: improveOnce) - Minimization finished with status=0
CascadeMinimizer.cc[219] : (in function: improveOnce) - Minimization success! status=0
AsymptoticLimits.cc[552] : (in function: findExpectedLimitFromCrossing) - At r = 573.000000:	delta(nll) = 0.62569

CascadeMinimizer.cc[188] : (in function: improveOnce) - Minimization configured with Type=Minuit2, Algo=Migrad, strategy=0, tolerance=0.1
CascadeMinimizer.cc[215] : (in function: improveOnce) - Minimization finished with status=0
CascadeMinimizer.cc[219] : (in function: improveOnce) - Minimization success! status=0
AsymptoticLimits.cc[552] : (in function: findExpectedLimitFromCrossing) - At r = 574.000000:	delta(nll) = 0.62803

CascadeMinimizer.cc[188] : (in function: improveOnce) - Minimization configured with Type=Minuit2, Algo=Migrad, strategy=0, tolerance=0.1
CascadeMinimizer.cc[215] : (in function: improveOnce) - Minimization finished with status=0
CascadeMinimizer.cc[219] : (in function: improveOnce) - Minimization success! status=0
AsymptoticLimits.cc[552] : (in function: findExpectedLimitFromCrossing) - At r = 575.000000:	delta(nll) = 0.62989

CascadeMinimizer.cc[188] : (in function: improveOnce) - Minimization configured with Type=Minuit2, Algo=Migrad, strategy=0, tolerance=0.1
CascadeMinimizer.cc[215] : (in function: improveOnce) - Minimization finished with status=0
CascadeMinimizer.cc[219] : (in function: improveOnce) - Minimization success! status=0
AsymptoticLimits.cc[552] : (in function: findExpectedLimitFromCrossing) - At r = 576.000000:	delta(nll) = 0.63210

CascadeMinimizer.cc[188] : (in function: improveOnce) - Minimization configured with Type=Minuit2, Algo=Migrad, strategy=0, tolerance=0.1
CascadeMinimizer.cc[215] : (in function: improveOnce) - Minimization finished with status=0
CascadeMinimizer.cc[219] : (in function: improveOnce) - Minimization success! status=0
AsymptoticLimits.cc[552] : (in function: findExpectedLimitFromCrossing) - At r = 577.000000:	delta(nll) = 0.63440

CascadeMinimizer.cc[188] : (in function: improveOnce) - Minimization configured with Type=Minuit2, Algo=Migrad, strategy=0, tolerance=0.1
CascadeMinimizer.cc[215] : (in function: improveOnce) - Minimization finished with status=0
CascadeMinimizer.cc[219] : (in function: improveOnce) - Minimization success! status=0
AsymptoticLimits.cc[552] : (in function: findExpectedLimitFromCrossing) - At r = 578.000000:	delta(nll) = 0.63675

CascadeMinimizer.cc[188] : (in function: improveOnce) - Minimization configured with Type=Minuit2, Algo=Migrad, strategy=0, tolerance=0.1
CascadeMinimizer.cc[215] : (in function: improveOnce) - Minimization finished with status=0
CascadeMinimizer.cc[219] : (in function: improveOnce) - Minimization success! status=0
AsymptoticLimits.cc[552] : (in function: findExpectedLimitFromCrossing) - At r = 579.000000:	delta(nll) = 0.63866

CascadeMinimizer.cc[188] : (in function: improveOnce) - Minimization configured with Type=Minuit2, Algo=Migrad, strategy=0, tolerance=0.1
CascadeMinimizer.cc[215] : (in function: improveOnce) - Minimization finished with status=0
CascadeMinimizer.cc[219] : (in function: improveOnce) - Minimization success! status=0
AsymptoticLimits.cc[552] : (in function: findExpectedLimitFromCrossing) - At r = 580.000000:	delta(nll) = 0.64089

CascadeMinimizer.cc[188] : (in function: improveOnce) - Minimization configured with Type=Minuit2, Algo=Migrad, strategy=0, tolerance=0.1
CascadeMinimizer.cc[215] : (in function: improveOnce) - Minimization finished with status=0
CascadeMinimizer.cc[219] : (in function: improveOnce) - Minimization success! status=0
AsymptoticLimits.cc[552] : (in function: findExpectedLimitFromCrossing) - At r = 581.000000:	delta(nll) = 0.64320

CascadeMinimizer.cc[188] : (in function: improveOnce) - Minimization configured with Type=Minuit2, Algo=Migrad, strategy=0, tolerance=0.1
CascadeMinimizer.cc[215] : (in function: improveOnce) - Minimization finished with status=0
CascadeMinimizer.cc[219] : (in function: improveOnce) - Minimization success! status=0
AsymptoticLimits.cc[552] : (in function: findExpectedLimitFromCrossing) - At r = 582.000000:	delta(nll) = 0.64556

CascadeMinimizer.cc[188] : (in function: improveOnce) - Minimization configured with Type=Minuit2, Algo=Migrad, strategy=0, tolerance=0.1
CascadeMinimizer.cc[215] : (in function: improveOnce) - Minimization finished with status=0
CascadeMinimizer.cc[219] : (in function: improveOnce) - Minimization success! status=0
AsymptoticLimits.cc[552] : (in function: findExpectedLimitFromCrossing) - At r = 583.000000:	delta(nll) = 0.64795

CascadeMinimizer.cc[188] : (in function: improveOnce) - Minimization configured with Type=Minuit2, Algo=Migrad, strategy=0, tolerance=0.1
CascadeMinimizer.cc[215] : (in function: improveOnce) - Minimization finished with status=0
CascadeMinimizer.cc[219] : (in function: improveOnce) - Minimization success! status=0
AsymptoticLimits.cc[552] : (in function: findExpectedLimitFromCrossing) - At r = 584.000000:	delta(nll) = 0.64972

CascadeMinimizer.cc[188] : (in function: improveOnce) - Minimization configured with Type=Minuit2, Algo=Migrad, strategy=0, tolerance=0.1
CascadeMinimizer.cc[215] : (in function: improveOnce) - Minimization finished with status=0
CascadeMinimizer.cc[219] : (in function: improveOnce) - Minimization success! status=0
AsymptoticLimits.cc[552] : (in function: findExpectedLimitFromCrossing) - At r = 585.000000:	delta(nll) = 0.65198

CascadeMinimizer.cc[188] : (in function: improveOnce) - Minimization configured with Type=Minuit2, Algo=Migrad, strategy=0, tolerance=0.1
CascadeMinimizer.cc[215] : (in function: improveOnce) - Minimization finished with status=0
CascadeMinimizer.cc[219] : (in function: improveOnce) - Minimization success! status=0
AsymptoticLimits.cc[552] : (in function: findExpectedLimitFromCrossing) - At r = 586.000000:	delta(nll) = 0.65431

CascadeMinimizer.cc[188] : (in function: improveOnce) - Minimization configured with Type=Minuit2, Algo=Migrad, strategy=0, tolerance=0.1
CascadeMinimizer.cc[215] : (in function: improveOnce) - Minimization finished with status=0
CascadeMinimizer.cc[219] : (in function: improveOnce) - Minimization success! status=0
AsymptoticLimits.cc[552] : (in function: findExpectedLimitFromCrossing) - At r = 587.000000:	delta(nll) = 0.65670

CascadeMinimizer.cc[188] : (in function: improveOnce) - Minimization configured with Type=Minuit2, Algo=Migrad, strategy=0, tolerance=0.1
CascadeMinimizer.cc[215] : (in function: improveOnce) - Minimization finished with status=0
CascadeMinimizer.cc[219] : (in function: improveOnce) - Minimization success! status=0
AsymptoticLimits.cc[552] : (in function: findExpectedLimitFromCrossing) - At r = 588.000000:	delta(nll) = 0.65859

CascadeMinimizer.cc[188] : (in function: improveOnce) - Minimization configured with Type=Minuit2, Algo=Migrad, strategy=0, tolerance=0.1
CascadeMinimizer.cc[215] : (in function: improveOnce) - Minimization finished with status=0
CascadeMinimizer.cc[219] : (in function: improveOnce) - Minimization success! status=0
AsymptoticLimits.cc[552] : (in function: findExpectedLimitFromCrossing) - At r = 589.000000:	delta(nll) = 0.66085

CascadeMinimizer.cc[188] : (in function: improveOnce) - Minimization configured with Type=Minuit2, Algo=Migrad, strategy=0, tolerance=0.1
CascadeMinimizer.cc[215] : (in function: improveOnce) - Minimization finished with status=0
CascadeMinimizer.cc[219] : (in function: improveOnce) - Minimization success! status=0
AsymptoticLimits.cc[552] : (in function: findExpectedLimitFromCrossing) - At r = 590.000000:	delta(nll) = 0.66319

CascadeMinimizer.cc[188] : (in function: improveOnce) - Minimization configured with Type=Minuit2, Algo=Migrad, strategy=0, tolerance=0.1
CascadeMinimizer.cc[215] : (in function: improveOnce) - Minimization finished with status=0
CascadeMinimizer.cc[219] : (in function: improveOnce) - Minimization success! status=0
AsymptoticLimits.cc[552] : (in function: findExpectedLimitFromCrossing) - At r = 591.000000:	delta(nll) = 0.66560

CascadeMinimizer.cc[188] : (in function: improveOnce) - Minimization configured with Type=Minuit2, Algo=Migrad, strategy=0, tolerance=0.1
CascadeMinimizer.cc[215] : (in function: improveOnce) - Minimization finished with status=0
CascadeMinimizer.cc[219] : (in function: improveOnce) - Minimization success! status=0
AsymptoticLimits.cc[552] : (in function: findExpectedLimitFromCrossing) - At r = 592.000000:	delta(nll) = 0.66754

CascadeMinimizer.cc[188] : (in function: improveOnce) - Minimization configured with Type=Minuit2, Algo=Migrad, strategy=0, tolerance=0.1
CascadeMinimizer.cc[215] : (in function: improveOnce) - Minimization finished with status=0
CascadeMinimizer.cc[219] : (in function: improveOnce) - Minimization success! status=0
AsymptoticLimits.cc[552] : (in function: findExpectedLimitFromCrossing) - At r = 593.000000:	delta(nll) = 0.66982

CascadeMinimizer.cc[188] : (in function: improveOnce) - Minimization configured with Type=Minuit2, Algo=Migrad, strategy=0, tolerance=0.1
CascadeMinimizer.cc[215] : (in function: improveOnce) - Minimization finished with status=0
CascadeMinimizer.cc[219] : (in function: improveOnce) - Minimization success! status=0
AsymptoticLimits.cc[552] : (in function: findExpectedLimitFromCrossing) - At r = 594.000000:	delta(nll) = 0.67219

CascadeMinimizer.cc[188] : (in function: improveOnce) - Minimization configured with Type=Minuit2, Algo=Migrad, strategy=0, tolerance=0.1
CascadeMinimizer.cc[215] : (in function: improveOnce) - Minimization finished with status=0
CascadeMinimizer.cc[219] : (in function: improveOnce) - Minimization success! status=0
AsymptoticLimits.cc[552] : (in function: findExpectedLimitFromCrossing) - At r = 595.000000:	delta(nll) = 0.67461

CascadeMinimizer.cc[188] : (in function: improveOnce) - Minimization configured with Type=Minuit2, Algo=Migrad, strategy=0, tolerance=0.1
CascadeMinimizer.cc[215] : (in function: improveOnce) - Minimization finished with status=0
CascadeMinimizer.cc[219] : (in function: improveOnce) - Minimization success! status=0
AsymptoticLimits.cc[552] : (in function: findExpectedLimitFromCrossing) - At r = 596.000000:	delta(nll) = 0.67656

CascadeMinimizer.cc[188] : (in function: improveOnce) - Minimization configured with Type=Minuit2, Algo=Migrad, strategy=0, tolerance=0.1
CascadeMinimizer.cc[215] : (in function: improveOnce) - Minimization finished with status=0
CascadeMinimizer.cc[219] : (in function: improveOnce) - Minimization success! status=0
AsymptoticLimits.cc[552] : (in function: findExpectedLimitFromCrossing) - At r = 597.000000:	delta(nll) = 0.67886

CascadeMinimizer.cc[188] : (in function: improveOnce) - Minimization configured with Type=Minuit2, Algo=Migrad, strategy=0, tolerance=0.1
CascadeMinimizer.cc[215] : (in function: improveOnce) - Minimization finished with status=0
CascadeMinimizer.cc[219] : (in function: improveOnce) - Minimization success! status=0
AsymptoticLimits.cc[552] : (in function: findExpectedLimitFromCrossing) - At r = 598.000000:	delta(nll) = 0.68124

CascadeMinimizer.cc[188] : (in function: improveOnce) - Minimization configured with Type=Minuit2, Algo=Migrad, strategy=0, tolerance=0.1
CascadeMinimizer.cc[215] : (in function: improveOnce) - Minimization finished with status=0
CascadeMinimizer.cc[219] : (in function: improveOnce) - Minimization success! status=0
AsymptoticLimits.cc[552] : (in function: findExpectedLimitFromCrossing) - At r = 599.000000:	delta(nll) = 0.68366

CascadeMinimizer.cc[188] : (in function: improveOnce) - Minimization configured with Type=Minuit2, Algo=Migrad, strategy=0, tolerance=0.1
CascadeMinimizer.cc[215] : (in function: improveOnce) - Minimization finished with status=0
CascadeMinimizer.cc[219] : (in function: improveOnce) - Minimization success! status=0
AsymptoticLimits.cc[552] : (in function: findExpectedLimitFromCrossing) - At r = 600.000000:	delta(nll) = 0.68611

CascadeMinimizer.cc[188] : (in function: improveOnce) - Minimization configured with Type=Minuit2, Algo=Migrad, strategy=0, tolerance=0.1
CascadeMinimizer.cc[215] : (in function: improveOnce) - Minimization finished with status=0
CascadeMinimizer.cc[219] : (in function: improveOnce) - Minimization success! status=0
AsymptoticLimits.cc[552] : (in function: findExpectedLimitFromCrossing) - At r = 601.000000:	delta(nll) = 0.68793

CascadeMinimizer.cc[188] : (in function: improveOnce) - Minimization configured with Type=Minuit2, Algo=Migrad, strategy=0, tolerance=0.1
CascadeMinimizer.cc[215] : (in function: improveOnce) - Minimization finished with status=0
CascadeMinimizer.cc[219] : (in function: improveOnce) - Minimization success! status=0
AsymptoticLimits.cc[552] : (in function: findExpectedLimitFromCrossing) - At r = 602.000000:	delta(nll) = 0.69024

CascadeMinimizer.cc[188] : (in function: improveOnce) - Minimization configured with Type=Minuit2, Algo=Migrad, strategy=0, tolerance=0.1
CascadeMinimizer.cc[215] : (in function: improveOnce) - Minimization finished with status=0
CascadeMinimizer.cc[219] : (in function: improveOnce) - Minimization success! status=0
AsymptoticLimits.cc[552] : (in function: findExpectedLimitFromCrossing) - At r = 603.000000:	delta(nll) = 0.69263

CascadeMinimizer.cc[188] : (in function: improveOnce) - Minimization configured with Type=Minuit2, Algo=Migrad, strategy=0, tolerance=0.1
CascadeMinimizer.cc[215] : (in function: improveOnce) - Minimization finished with status=0
CascadeMinimizer.cc[219] : (in function: improveOnce) - Minimization success! status=0
AsymptoticLimits.cc[552] : (in function: findExpectedLimitFromCrossing) - At r = 604.000000:	delta(nll) = 0.69507

CascadeMinimizer.cc[188] : (in function: improveOnce) - Minimization configured with Type=Minuit2, Algo=Migrad, strategy=0, tolerance=0.1
CascadeMinimizer.cc[215] : (in function: improveOnce) - Minimization finished with status=0
CascadeMinimizer.cc[219] : (in function: improveOnce) - Minimization success! status=0
AsymptoticLimits.cc[552] : (in function: findExpectedLimitFromCrossing) - At r = 605.000000:	delta(nll) = 0.69707

CascadeMinimizer.cc[188] : (in function: improveOnce) - Minimization configured with Type=Minuit2, Algo=Migrad, strategy=0, tolerance=0.1
CascadeMinimizer.cc[215] : (in function: improveOnce) - Minimization finished with status=0
CascadeMinimizer.cc[219] : (in function: improveOnce) - Minimization success! status=0
AsymptoticLimits.cc[552] : (in function: findExpectedLimitFromCrossing) - At r = 606.000000:	delta(nll) = 0.69940

CascadeMinimizer.cc[188] : (in function: improveOnce) - Minimization configured with Type=Minuit2, Algo=Migrad, strategy=0, tolerance=0.1
CascadeMinimizer.cc[215] : (in function: improveOnce) - Minimization finished with status=0
CascadeMinimizer.cc[219] : (in function: improveOnce) - Minimization success! status=0
AsymptoticLimits.cc[552] : (in function: findExpectedLimitFromCrossing) - At r = 607.000000:	delta(nll) = 0.70180

CascadeMinimizer.cc[188] : (in function: improveOnce) - Minimization configured with Type=Minuit2, Algo=Migrad, strategy=0, tolerance=0.1
CascadeMinimizer.cc[215] : (in function: improveOnce) - Minimization finished with status=0
CascadeMinimizer.cc[219] : (in function: improveOnce) - Minimization success! status=0
AsymptoticLimits.cc[552] : (in function: findExpectedLimitFromCrossing) - At r = 608.000000:	delta(nll) = 0.70426

CascadeMinimizer.cc[188] : (in function: improveOnce) - Minimization configured with Type=Minuit2, Algo=Migrad, strategy=0, tolerance=0.1
CascadeMinimizer.cc[215] : (in function: improveOnce) - Minimization finished with status=0
CascadeMinimizer.cc[219] : (in function: improveOnce) - Minimization success! status=0
AsymptoticLimits.cc[552] : (in function: findExpectedLimitFromCrossing) - At r = 609.000000:	delta(nll) = 0.70674

CascadeMinimizer.cc[188] : (in function: improveOnce) - Minimization configured with Type=Minuit2, Algo=Migrad, strategy=0, tolerance=0.1
CascadeMinimizer.cc[215] : (in function: improveOnce) - Minimization finished with status=0
CascadeMinimizer.cc[219] : (in function: improveOnce) - Minimization success! status=0
AsymptoticLimits.cc[552] : (in function: findExpectedLimitFromCrossing) - At r = 610.000000:	delta(nll) = 0.70860

CascadeMinimizer.cc[188] : (in function: improveOnce) - Minimization configured with Type=Minuit2, Algo=Migrad, strategy=0, tolerance=0.1
CascadeMinimizer.cc[215] : (in function: improveOnce) - Minimization finished with status=0
CascadeMinimizer.cc[219] : (in function: improveOnce) - Minimization success! status=0
AsymptoticLimits.cc[552] : (in function: findExpectedLimitFromCrossing) - At r = 611.000000:	delta(nll) = 0.71094

CascadeMinimizer.cc[188] : (in function: improveOnce) - Minimization configured with Type=Minuit2, Algo=Migrad, strategy=0, tolerance=0.1
CascadeMinimizer.cc[215] : (in function: improveOnce) - Minimization finished with status=0
CascadeMinimizer.cc[219] : (in function: improveOnce) - Minimization success! status=0
AsymptoticLimits.cc[552] : (in function: findExpectedLimitFromCrossing) - At r = 612.000000:	delta(nll) = 0.71336

CascadeMinimizer.cc[188] : (in function: improveOnce) - Minimization configured with Type=Minuit2, Algo=Migrad, strategy=0, tolerance=0.1
CascadeMinimizer.cc[215] : (in function: improveOnce) - Minimization finished with status=0
CascadeMinimizer.cc[219] : (in function: improveOnce) - Minimization success! status=0
AsymptoticLimits.cc[552] : (in function: findExpectedLimitFromCrossing) - At r = 613.000000:	delta(nll) = 0.71584

CascadeMinimizer.cc[188] : (in function: improveOnce) - Minimization configured with Type=Minuit2, Algo=Migrad, strategy=0, tolerance=0.1
CascadeMinimizer.cc[215] : (in function: improveOnce) - Minimization finished with status=0
CascadeMinimizer.cc[219] : (in function: improveOnce) - Minimization success! status=0
AsymptoticLimits.cc[552] : (in function: findExpectedLimitFromCrossing) - At r = 614.000000:	delta(nll) = 0.71834

CascadeMinimizer.cc[188] : (in function: improveOnce) - Minimization configured with Type=Minuit2, Algo=Migrad, strategy=0, tolerance=0.1
CascadeMinimizer.cc[215] : (in function: improveOnce) - Minimization finished with status=0
CascadeMinimizer.cc[219] : (in function: improveOnce) - Minimization success! status=0
AsymptoticLimits.cc[552] : (in function: findExpectedLimitFromCrossing) - At r = 615.000000:	delta(nll) = 0.72021

CascadeMinimizer.cc[188] : (in function: improveOnce) - Minimization configured with Type=Minuit2, Algo=Migrad, strategy=0, tolerance=0.1
CascadeMinimizer.cc[215] : (in function: improveOnce) - Minimization finished with status=0
CascadeMinimizer.cc[219] : (in function: improveOnce) - Minimization success! status=0
AsymptoticLimits.cc[552] : (in function: findExpectedLimitFromCrossing) - At r = 616.000000:	delta(nll) = 0.72257

CascadeMinimizer.cc[188] : (in function: improveOnce) - Minimization configured with Type=Minuit2, Algo=Migrad, strategy=0, tolerance=0.1
CascadeMinimizer.cc[215] : (in function: improveOnce) - Minimization finished with status=0
CascadeMinimizer.cc[219] : (in function: improveOnce) - Minimization success! status=0
AsymptoticLimits.cc[552] : (in function: findExpectedLimitFromCrossing) - At r = 617.000000:	delta(nll) = 0.72501

CascadeMinimizer.cc[188] : (in function: improveOnce) - Minimization configured with Type=Minuit2, Algo=Migrad, strategy=0, tolerance=0.1
CascadeMinimizer.cc[215] : (in function: improveOnce) - Minimization finished with status=0
CascadeMinimizer.cc[219] : (in function: improveOnce) - Minimization success! status=0
AsymptoticLimits.cc[552] : (in function: findExpectedLimitFromCrossing) - At r = 618.000000:	delta(nll) = 0.72750

CascadeMinimizer.cc[188] : (in function: improveOnce) - Minimization configured with Type=Minuit2, Algo=Migrad, strategy=0, tolerance=0.1
CascadeMinimizer.cc[215] : (in function: improveOnce) - Minimization finished with status=0
CascadeMinimizer.cc[219] : (in function: improveOnce) - Minimization success! status=0
AsymptoticLimits.cc[552] : (in function: findExpectedLimitFromCrossing) - At r = 619.000000:	delta(nll) = 0.73002

CascadeMinimizer.cc[188] : (in function: improveOnce) - Minimization configured with Type=Minuit2, Algo=Migrad, strategy=0, tolerance=0.1
CascadeMinimizer.cc[215] : (in function: improveOnce) - Minimization finished with status=0
CascadeMinimizer.cc[219] : (in function: improveOnce) - Minimization success! status=0
AsymptoticLimits.cc[552] : (in function: findExpectedLimitFromCrossing) - At r = 620.000000:	delta(nll) = 0.73191

CascadeMinimizer.cc[188] : (in function: improveOnce) - Minimization configured with Type=Minuit2, Algo=Migrad, strategy=0, tolerance=0.1
CascadeMinimizer.cc[215] : (in function: improveOnce) - Minimization finished with status=0
CascadeMinimizer.cc[219] : (in function: improveOnce) - Minimization success! status=0
AsymptoticLimits.cc[552] : (in function: findExpectedLimitFromCrossing) - At r = 621.000000:	delta(nll) = 0.73429

CascadeMinimizer.cc[188] : (in function: improveOnce) - Minimization configured with Type=Minuit2, Algo=Migrad, strategy=0, tolerance=0.1
CascadeMinimizer.cc[215] : (in function: improveOnce) - Minimization finished with status=0
CascadeMinimizer.cc[219] : (in function: improveOnce) - Minimization success! status=0
AsymptoticLimits.cc[552] : (in function: findExpectedLimitFromCrossing) - At r = 622.000000:	delta(nll) = 0.73675

CascadeMinimizer.cc[188] : (in function: improveOnce) - Minimization configured with Type=Minuit2, Algo=Migrad, strategy=0, tolerance=0.1
CascadeMinimizer.cc[215] : (in function: improveOnce) - Minimization finished with status=0
CascadeMinimizer.cc[219] : (in function: improveOnce) - Minimization success! status=0
AsymptoticLimits.cc[552] : (in function: findExpectedLimitFromCrossing) - At r = 623.000000:	delta(nll) = 0.73926

CascadeMinimizer.cc[188] : (in function: improveOnce) - Minimization configured with Type=Minuit2, Algo=Migrad, strategy=0, tolerance=0.1
CascadeMinimizer.cc[215] : (in function: improveOnce) - Minimization finished with status=0
CascadeMinimizer.cc[219] : (in function: improveOnce) - Minimization success! status=0
AsymptoticLimits.cc[552] : (in function: findExpectedLimitFromCrossing) - At r = 624.000000:	delta(nll) = 0.74179

CascadeMinimizer.cc[188] : (in function: improveOnce) - Minimization configured with Type=Minuit2, Algo=Migrad, strategy=0, tolerance=0.1
CascadeMinimizer.cc[215] : (in function: improveOnce) - Minimization finished with status=0
CascadeMinimizer.cc[219] : (in function: improveOnce) - Minimization success! status=0
AsymptoticLimits.cc[552] : (in function: findExpectedLimitFromCrossing) - At r = 625.000000:	delta(nll) = 0.74373

CascadeMinimizer.cc[188] : (in function: improveOnce) - Minimization configured with Type=Minuit2, Algo=Migrad, strategy=0, tolerance=0.1
CascadeMinimizer.cc[215] : (in function: improveOnce) - Minimization finished with status=0
CascadeMinimizer.cc[219] : (in function: improveOnce) - Minimization success! status=0
AsymptoticLimits.cc[552] : (in function: findExpectedLimitFromCrossing) - At r = 626.000000:	delta(nll) = 0.74613

CascadeMinimizer.cc[188] : (in function: improveOnce) - Minimization configured with Type=Minuit2, Algo=Migrad, strategy=0, tolerance=0.1
CascadeMinimizer.cc[215] : (in function: improveOnce) - Minimization finished with status=0
CascadeMinimizer.cc[219] : (in function: improveOnce) - Minimization success! status=0
AsymptoticLimits.cc[552] : (in function: findExpectedLimitFromCrossing) - At r = 627.000000:	delta(nll) = 0.74861

CascadeMinimizer.cc[188] : (in function: improveOnce) - Minimization configured with Type=Minuit2, Algo=Migrad, strategy=0, tolerance=0.1
CascadeMinimizer.cc[215] : (in function: improveOnce) - Minimization finished with status=0
CascadeMinimizer.cc[219] : (in function: improveOnce) - Minimization success! status=0
AsymptoticLimits.cc[552] : (in function: findExpectedLimitFromCrossing) - At r = 628.000000:	delta(nll) = 0.75113

CascadeMinimizer.cc[188] : (in function: improveOnce) - Minimization configured with Type=Minuit2, Algo=Migrad, strategy=0, tolerance=0.1
CascadeMinimizer.cc[215] : (in function: improveOnce) - Minimization finished with status=0
CascadeMinimizer.cc[219] : (in function: improveOnce) - Minimization success! status=0
AsymptoticLimits.cc[552] : (in function: findExpectedLimitFromCrossing) - At r = 629.000000:	delta(nll) = 0.75368

CascadeMinimizer.cc[188] : (in function: improveOnce) - Minimization configured with Type=Minuit2, Algo=Migrad, strategy=0, tolerance=0.1
CascadeMinimizer.cc[215] : (in function: improveOnce) - Minimization finished with status=0
CascadeMinimizer.cc[219] : (in function: improveOnce) - Minimization success! status=0
AsymptoticLimits.cc[552] : (in function: findExpectedLimitFromCrossing) - At r = 630.000000:	delta(nll) = 0.75562

CascadeMinimizer.cc[188] : (in function: improveOnce) - Minimization configured with Type=Minuit2, Algo=Migrad, strategy=0, tolerance=0.1
CascadeMinimizer.cc[215] : (in function: improveOnce) - Minimization finished with status=0
CascadeMinimizer.cc[219] : (in function: improveOnce) - Minimization success! status=0
AsymptoticLimits.cc[552] : (in function: findExpectedLimitFromCrossing) - At r = 631.000000:	delta(nll) = 0.75803

CascadeMinimizer.cc[188] : (in function: improveOnce) - Minimization configured with Type=Minuit2, Algo=Migrad, strategy=0, tolerance=0.1
CascadeMinimizer.cc[215] : (in function: improveOnce) - Minimization finished with status=0
CascadeMinimizer.cc[219] : (in function: improveOnce) - Minimization success! status=0
AsymptoticLimits.cc[552] : (in function: findExpectedLimitFromCrossing) - At r = 632.000000:	delta(nll) = 0.76052

CascadeMinimizer.cc[188] : (in function: improveOnce) - Minimization configured with Type=Minuit2, Algo=Migrad, strategy=0, tolerance=0.1
CascadeMinimizer.cc[215] : (in function: improveOnce) - Minimization finished with status=0
CascadeMinimizer.cc[219] : (in function: improveOnce) - Minimization success! status=0
AsymptoticLimits.cc[552] : (in function: findExpectedLimitFromCrossing) - At r = 633.000000:	delta(nll) = 0.76305

CascadeMinimizer.cc[188] : (in function: improveOnce) - Minimization configured with Type=Minuit2, Algo=Migrad, strategy=0, tolerance=0.1
CascadeMinimizer.cc[215] : (in function: improveOnce) - Minimization finished with status=0
CascadeMinimizer.cc[219] : (in function: improveOnce) - Minimization success! status=0
AsymptoticLimits.cc[552] : (in function: findExpectedLimitFromCrossing) - At r = 634.000000:	delta(nll) = 0.76564

CascadeMinimizer.cc[188] : (in function: improveOnce) - Minimization configured with Type=Minuit2, Algo=Migrad, strategy=0, tolerance=0.1
CascadeMinimizer.cc[215] : (in function: improveOnce) - Minimization finished with status=0
CascadeMinimizer.cc[219] : (in function: improveOnce) - Minimization success! status=0
AsymptoticLimits.cc[552] : (in function: findExpectedLimitFromCrossing) - At r = 635.000000:	delta(nll) = 0.76759

CascadeMinimizer.cc[188] : (in function: improveOnce) - Minimization configured with Type=Minuit2, Algo=Migrad, strategy=0, tolerance=0.1
CascadeMinimizer.cc[215] : (in function: improveOnce) - Minimization finished with status=0
CascadeMinimizer.cc[219] : (in function: improveOnce) - Minimization success! status=0
AsymptoticLimits.cc[552] : (in function: findExpectedLimitFromCrossing) - At r = 636.000000:	delta(nll) = 0.77003

CascadeMinimizer.cc[188] : (in function: improveOnce) - Minimization configured with Type=Minuit2, Algo=Migrad, strategy=0, tolerance=0.1
CascadeMinimizer.cc[215] : (in function: improveOnce) - Minimization finished with status=0
CascadeMinimizer.cc[219] : (in function: improveOnce) - Minimization success! status=0
AsymptoticLimits.cc[552] : (in function: findExpectedLimitFromCrossing) - At r = 637.000000:	delta(nll) = 0.77254

CascadeMinimizer.cc[188] : (in function: improveOnce) - Minimization configured with Type=Minuit2, Algo=Migrad, strategy=0, tolerance=0.1
CascadeMinimizer.cc[215] : (in function: improveOnce) - Minimization finished with status=0
CascadeMinimizer.cc[219] : (in function: improveOnce) - Minimization success! status=0
AsymptoticLimits.cc[552] : (in function: findExpectedLimitFromCrossing) - At r = 638.000000:	delta(nll) = 0.77509

CascadeMinimizer.cc[188] : (in function: improveOnce) - Minimization configured with Type=Minuit2, Algo=Migrad, strategy=0, tolerance=0.1
CascadeMinimizer.cc[215] : (in function: improveOnce) - Minimization finished with status=0
CascadeMinimizer.cc[219] : (in function: improveOnce) - Minimization success! status=0
AsymptoticLimits.cc[552] : (in function: findExpectedLimitFromCrossing) - At r = 639.000000:	delta(nll) = 0.77769

CascadeMinimizer.cc[188] : (in function: improveOnce) - Minimization configured with Type=Minuit2, Algo=Migrad, strategy=0, tolerance=0.1
CascadeMinimizer.cc[215] : (in function: improveOnce) - Minimization finished with status=0
CascadeMinimizer.cc[219] : (in function: improveOnce) - Minimization success! status=0
AsymptoticLimits.cc[552] : (in function: findExpectedLimitFromCrossing) - At r = 640.000000:	delta(nll) = 0.77967

CascadeMinimizer.cc[188] : (in function: improveOnce) - Minimization configured with Type=Minuit2, Algo=Migrad, strategy=0, tolerance=0.1
CascadeMinimizer.cc[215] : (in function: improveOnce) - Minimization finished with status=0
CascadeMinimizer.cc[219] : (in function: improveOnce) - Minimization success! status=0
AsymptoticLimits.cc[552] : (in function: findExpectedLimitFromCrossing) - At r = 641.000000:	delta(nll) = 0.78212

CascadeMinimizer.cc[188] : (in function: improveOnce) - Minimization configured with Type=Minuit2, Algo=Migrad, strategy=0, tolerance=0.1
CascadeMinimizer.cc[215] : (in function: improveOnce) - Minimization finished with status=0
CascadeMinimizer.cc[219] : (in function: improveOnce) - Minimization success! status=0
AsymptoticLimits.cc[552] : (in function: findExpectedLimitFromCrossing) - At r = 642.000000:	delta(nll) = 0.78464

CascadeMinimizer.cc[188] : (in function: improveOnce) - Minimization configured with Type=Minuit2, Algo=Migrad, strategy=0, tolerance=0.1
CascadeMinimizer.cc[215] : (in function: improveOnce) - Minimization finished with status=0
CascadeMinimizer.cc[219] : (in function: improveOnce) - Minimization success! status=0
AsymptoticLimits.cc[552] : (in function: findExpectedLimitFromCrossing) - At r = 643.000000:	delta(nll) = 0.78721

CascadeMinimizer.cc[188] : (in function: improveOnce) - Minimization configured with Type=Minuit2, Algo=Migrad, strategy=0, tolerance=0.1
CascadeMinimizer.cc[215] : (in function: improveOnce) - Minimization finished with status=0
CascadeMinimizer.cc[219] : (in function: improveOnce) - Minimization success! status=0
AsymptoticLimits.cc[552] : (in function: findExpectedLimitFromCrossing) - At r = 644.000000:	delta(nll) = 0.78983

CascadeMinimizer.cc[188] : (in function: improveOnce) - Minimization configured with Type=Minuit2, Algo=Migrad, strategy=0, tolerance=0.1
CascadeMinimizer.cc[215] : (in function: improveOnce) - Minimization finished with status=0
CascadeMinimizer.cc[219] : (in function: improveOnce) - Minimization success! status=0
AsymptoticLimits.cc[552] : (in function: findExpectedLimitFromCrossing) - At r = 645.000000:	delta(nll) = 0.79184

CascadeMinimizer.cc[188] : (in function: improveOnce) - Minimization configured with Type=Minuit2, Algo=Migrad, strategy=0, tolerance=0.1
CascadeMinimizer.cc[215] : (in function: improveOnce) - Minimization finished with status=0
CascadeMinimizer.cc[219] : (in function: improveOnce) - Minimization success! status=0
AsymptoticLimits.cc[552] : (in function: findExpectedLimitFromCrossing) - At r = 646.000000:	delta(nll) = 0.79431

CascadeMinimizer.cc[188] : (in function: improveOnce) - Minimization configured with Type=Minuit2, Algo=Migrad, strategy=0, tolerance=0.1
CascadeMinimizer.cc[215] : (in function: improveOnce) - Minimization finished with status=0
CascadeMinimizer.cc[219] : (in function: improveOnce) - Minimization success! status=0
AsymptoticLimits.cc[552] : (in function: findExpectedLimitFromCrossing) - At r = 647.000000:	delta(nll) = 0.79685

CascadeMinimizer.cc[188] : (in function: improveOnce) - Minimization configured with Type=Minuit2, Algo=Migrad, strategy=0, tolerance=0.1
CascadeMinimizer.cc[215] : (in function: improveOnce) - Minimization finished with status=0
CascadeMinimizer.cc[219] : (in function: improveOnce) - Minimization success! status=0
AsymptoticLimits.cc[552] : (in function: findExpectedLimitFromCrossing) - At r = 648.000000:	delta(nll) = 0.79944

CascadeMinimizer.cc[188] : (in function: improveOnce) - Minimization configured with Type=Minuit2, Algo=Migrad, strategy=0, tolerance=0.1
CascadeMinimizer.cc[215] : (in function: improveOnce) - Minimization finished with status=0
CascadeMinimizer.cc[219] : (in function: improveOnce) - Minimization success! status=0
AsymptoticLimits.cc[552] : (in function: findExpectedLimitFromCrossing) - At r = 649.000000:	delta(nll) = 0.80206

CascadeMinimizer.cc[188] : (in function: improveOnce) - Minimization configured with Type=Minuit2, Algo=Migrad, strategy=0, tolerance=0.1
CascadeMinimizer.cc[215] : (in function: improveOnce) - Minimization finished with status=0
CascadeMinimizer.cc[219] : (in function: improveOnce) - Minimization success! status=0
AsymptoticLimits.cc[552] : (in function: findExpectedLimitFromCrossing) - At r = 650.000000:	delta(nll) = 0.80410

CascadeMinimizer.cc[188] : (in function: improveOnce) - Minimization configured with Type=Minuit2, Algo=Migrad, strategy=0, tolerance=0.1
CascadeMinimizer.cc[215] : (in function: improveOnce) - Minimization finished with status=0
CascadeMinimizer.cc[219] : (in function: improveOnce) - Minimization success! status=0
AsymptoticLimits.cc[552] : (in function: findExpectedLimitFromCrossing) - At r = 651.000000:	delta(nll) = 0.80659

CascadeMinimizer.cc[188] : (in function: improveOnce) - Minimization configured with Type=Minuit2, Algo=Migrad, strategy=0, tolerance=0.1
CascadeMinimizer.cc[215] : (in function: improveOnce) - Minimization finished with status=0
CascadeMinimizer.cc[219] : (in function: improveOnce) - Minimization success! status=0
AsymptoticLimits.cc[552] : (in function: findExpectedLimitFromCrossing) - At r = 652.000000:	delta(nll) = 0.80915

CascadeMinimizer.cc[188] : (in function: improveOnce) - Minimization configured with Type=Minuit2, Algo=Migrad, strategy=0, tolerance=0.1
CascadeMinimizer.cc[215] : (in function: improveOnce) - Minimization finished with status=0
CascadeMinimizer.cc[219] : (in function: improveOnce) - Minimization success! status=0
AsymptoticLimits.cc[552] : (in function: findExpectedLimitFromCrossing) - At r = 653.000000:	delta(nll) = 0.81176

CascadeMinimizer.cc[188] : (in function: improveOnce) - Minimization configured with Type=Minuit2, Algo=Migrad, strategy=0, tolerance=0.1
CascadeMinimizer.cc[215] : (in function: improveOnce) - Minimization finished with status=0
CascadeMinimizer.cc[219] : (in function: improveOnce) - Minimization success! status=0
AsymptoticLimits.cc[552] : (in function: findExpectedLimitFromCrossing) - At r = 654.000000:	delta(nll) = 0.81441

CascadeMinimizer.cc[188] : (in function: improveOnce) - Minimization configured with Type=Minuit2, Algo=Migrad, strategy=0, tolerance=0.1
CascadeMinimizer.cc[215] : (in function: improveOnce) - Minimization finished with status=0
CascadeMinimizer.cc[219] : (in function: improveOnce) - Minimization success! status=0
AsymptoticLimits.cc[552] : (in function: findExpectedLimitFromCrossing) - At r = 655.000000:	delta(nll) = 0.81646

CascadeMinimizer.cc[188] : (in function: improveOnce) - Minimization configured with Type=Minuit2, Algo=Migrad, strategy=0, tolerance=0.1
CascadeMinimizer.cc[215] : (in function: improveOnce) - Minimization finished with status=0
CascadeMinimizer.cc[219] : (in function: improveOnce) - Minimization success! status=0
AsymptoticLimits.cc[552] : (in function: findExpectedLimitFromCrossing) - At r = 656.000000:	delta(nll) = 0.81896

CascadeMinimizer.cc[188] : (in function: improveOnce) - Minimization configured with Type=Minuit2, Algo=Migrad, strategy=0, tolerance=0.1
CascadeMinimizer.cc[215] : (in function: improveOnce) - Minimization finished with status=0
CascadeMinimizer.cc[219] : (in function: improveOnce) - Minimization success! status=0
AsymptoticLimits.cc[552] : (in function: findExpectedLimitFromCrossing) - At r = 657.000000:	delta(nll) = 0.82154

CascadeMinimizer.cc[188] : (in function: improveOnce) - Minimization configured with Type=Minuit2, Algo=Migrad, strategy=0, tolerance=0.1
CascadeMinimizer.cc[215] : (in function: improveOnce) - Minimization finished with status=0
CascadeMinimizer.cc[219] : (in function: improveOnce) - Minimization success! status=0
AsymptoticLimits.cc[552] : (in function: findExpectedLimitFromCrossing) - At r = 658.000000:	delta(nll) = 0.82416

CascadeMinimizer.cc[188] : (in function: improveOnce) - Minimization configured with Type=Minuit2, Algo=Migrad, strategy=0, tolerance=0.1
CascadeMinimizer.cc[215] : (in function: improveOnce) - Minimization finished with status=0
CascadeMinimizer.cc[219] : (in function: improveOnce) - Minimization success! status=0
AsymptoticLimits.cc[552] : (in function: findExpectedLimitFromCrossing) - At r = 659.000000:	delta(nll) = 0.82682

CascadeMinimizer.cc[188] : (in function: improveOnce) - Minimization configured with Type=Minuit2, Algo=Migrad, strategy=0, tolerance=0.1
CascadeMinimizer.cc[215] : (in function: improveOnce) - Minimization finished with status=0
CascadeMinimizer.cc[219] : (in function: improveOnce) - Minimization success! status=0
AsymptoticLimits.cc[552] : (in function: findExpectedLimitFromCrossing) - At r = 660.000000:	delta(nll) = 0.82890

CascadeMinimizer.cc[188] : (in function: improveOnce) - Minimization configured with Type=Minuit2, Algo=Migrad, strategy=0, tolerance=0.1
CascadeMinimizer.cc[215] : (in function: improveOnce) - Minimization finished with status=0
CascadeMinimizer.cc[219] : (in function: improveOnce) - Minimization success! status=0
AsymptoticLimits.cc[552] : (in function: findExpectedLimitFromCrossing) - At r = 661.000000:	delta(nll) = 0.83143

CascadeMinimizer.cc[188] : (in function: improveOnce) - Minimization configured with Type=Minuit2, Algo=Migrad, strategy=0, tolerance=0.1
CascadeMinimizer.cc[215] : (in function: improveOnce) - Minimization finished with status=0
CascadeMinimizer.cc[219] : (in function: improveOnce) - Minimization success! status=0
AsymptoticLimits.cc[552] : (in function: findExpectedLimitFromCrossing) - At r = 662.000000:	delta(nll) = 0.83402

CascadeMinimizer.cc[188] : (in function: improveOnce) - Minimization configured with Type=Minuit2, Algo=Migrad, strategy=0, tolerance=0.1
CascadeMinimizer.cc[215] : (in function: improveOnce) - Minimization finished with status=0
CascadeMinimizer.cc[219] : (in function: improveOnce) - Minimization success! status=0
AsymptoticLimits.cc[552] : (in function: findExpectedLimitFromCrossing) - At r = 663.000000:	delta(nll) = 0.83666

CascadeMinimizer.cc[188] : (in function: improveOnce) - Minimization configured with Type=Minuit2, Algo=Migrad, strategy=0, tolerance=0.1
CascadeMinimizer.cc[215] : (in function: improveOnce) - Minimization finished with status=0
CascadeMinimizer.cc[219] : (in function: improveOnce) - Minimization success! status=0
AsymptoticLimits.cc[552] : (in function: findExpectedLimitFromCrossing) - At r = 664.000000:	delta(nll) = 0.83934

CascadeMinimizer.cc[188] : (in function: improveOnce) - Minimization configured with Type=Minuit2, Algo=Migrad, strategy=0, tolerance=0.1
CascadeMinimizer.cc[215] : (in function: improveOnce) - Minimization finished with status=0
CascadeMinimizer.cc[219] : (in function: improveOnce) - Minimization success! status=0
AsymptoticLimits.cc[552] : (in function: findExpectedLimitFromCrossing) - At r = 665.000000:	delta(nll) = 0.84144

CascadeMinimizer.cc[188] : (in function: improveOnce) - Minimization configured with Type=Minuit2, Algo=Migrad, strategy=0, tolerance=0.1
CascadeMinimizer.cc[215] : (in function: improveOnce) - Minimization finished with status=0
CascadeMinimizer.cc[219] : (in function: improveOnce) - Minimization success! status=0
AsymptoticLimits.cc[552] : (in function: findExpectedLimitFromCrossing) - At r = 666.000000:	delta(nll) = 0.84398

CascadeMinimizer.cc[188] : (in function: improveOnce) - Minimization configured with Type=Minuit2, Algo=Migrad, strategy=0, tolerance=0.1
CascadeMinimizer.cc[215] : (in function: improveOnce) - Minimization finished with status=0
CascadeMinimizer.cc[219] : (in function: improveOnce) - Minimization success! status=0
AsymptoticLimits.cc[552] : (in function: findExpectedLimitFromCrossing) - At r = 667.000000:	delta(nll) = 0.84659

CascadeMinimizer.cc[188] : (in function: improveOnce) - Minimization configured with Type=Minuit2, Algo=Migrad, strategy=0, tolerance=0.1
CascadeMinimizer.cc[215] : (in function: improveOnce) - Minimization finished with status=0
CascadeMinimizer.cc[219] : (in function: improveOnce) - Minimization success! status=0
AsymptoticLimits.cc[552] : (in function: findExpectedLimitFromCrossing) - At r = 668.000000:	delta(nll) = 0.84925

CascadeMinimizer.cc[188] : (in function: improveOnce) - Minimization configured with Type=Minuit2, Algo=Migrad, strategy=0, tolerance=0.1
CascadeMinimizer.cc[215] : (in function: improveOnce) - Minimization finished with status=0
CascadeMinimizer.cc[219] : (in function: improveOnce) - Minimization success! status=0
AsymptoticLimits.cc[552] : (in function: findExpectedLimitFromCrossing) - At r = 669.000000:	delta(nll) = 0.85195

CascadeMinimizer.cc[188] : (in function: improveOnce) - Minimization configured with Type=Minuit2, Algo=Migrad, strategy=0, tolerance=0.1
CascadeMinimizer.cc[215] : (in function: improveOnce) - Minimization finished with status=0
CascadeMinimizer.cc[219] : (in function: improveOnce) - Minimization success! status=0
AsymptoticLimits.cc[552] : (in function: findExpectedLimitFromCrossing) - At r = 670.000000:	delta(nll) = 0.85465

CascadeMinimizer.cc[188] : (in function: improveOnce) - Minimization configured with Type=Minuit2, Algo=Migrad, strategy=0, tolerance=0.1
CascadeMinimizer.cc[215] : (in function: improveOnce) - Minimization finished with status=0
CascadeMinimizer.cc[219] : (in function: improveOnce) - Minimization success! status=0
AsymptoticLimits.cc[552] : (in function: findExpectedLimitFromCrossing) - At r = 671.000000:	delta(nll) = 0.85662

CascadeMinimizer.cc[188] : (in function: improveOnce) - Minimization configured with Type=Minuit2, Algo=Migrad, strategy=0, tolerance=0.1
CascadeMinimizer.cc[215] : (in function: improveOnce) - Minimization finished with status=0
CascadeMinimizer.cc[219] : (in function: improveOnce) - Minimization success! status=0
AsymptoticLimits.cc[552] : (in function: findExpectedLimitFromCrossing) - At r = 672.000000:	delta(nll) = 0.85918

CascadeMinimizer.cc[188] : (in function: improveOnce) - Minimization configured with Type=Minuit2, Algo=Migrad, strategy=0, tolerance=0.1
CascadeMinimizer.cc[215] : (in function: improveOnce) - Minimization finished with status=0
CascadeMinimizer.cc[219] : (in function: improveOnce) - Minimization success! status=0
AsymptoticLimits.cc[552] : (in function: findExpectedLimitFromCrossing) - At r = 673.000000:	delta(nll) = 0.86181

CascadeMinimizer.cc[188] : (in function: improveOnce) - Minimization configured with Type=Minuit2, Algo=Migrad, strategy=0, tolerance=0.1
CascadeMinimizer.cc[215] : (in function: improveOnce) - Minimization finished with status=0
CascadeMinimizer.cc[219] : (in function: improveOnce) - Minimization success! status=0
AsymptoticLimits.cc[552] : (in function: findExpectedLimitFromCrossing) - At r = 674.000000:	delta(nll) = 0.86450

CascadeMinimizer.cc[188] : (in function: improveOnce) - Minimization configured with Type=Minuit2, Algo=Migrad, strategy=0, tolerance=0.1
CascadeMinimizer.cc[215] : (in function: improveOnce) - Minimization finished with status=0
CascadeMinimizer.cc[219] : (in function: improveOnce) - Minimization success! status=0
AsymptoticLimits.cc[552] : (in function: findExpectedLimitFromCrossing) - At r = 675.000000:	delta(nll) = 0.86721

CascadeMinimizer.cc[188] : (in function: improveOnce) - Minimization configured with Type=Minuit2, Algo=Migrad, strategy=0, tolerance=0.1
CascadeMinimizer.cc[215] : (in function: improveOnce) - Minimization finished with status=0
CascadeMinimizer.cc[219] : (in function: improveOnce) - Minimization success! status=0
AsymptoticLimits.cc[552] : (in function: findExpectedLimitFromCrossing) - At r = 676.000000:	delta(nll) = 0.86936

CascadeMinimizer.cc[188] : (in function: improveOnce) - Minimization configured with Type=Minuit2, Algo=Migrad, strategy=0, tolerance=0.1
CascadeMinimizer.cc[215] : (in function: improveOnce) - Minimization finished with status=0
CascadeMinimizer.cc[219] : (in function: improveOnce) - Minimization success! status=0
AsymptoticLimits.cc[552] : (in function: findExpectedLimitFromCrossing) - At r = 677.000000:	delta(nll) = 0.87194

CascadeMinimizer.cc[188] : (in function: improveOnce) - Minimization configured with Type=Minuit2, Algo=Migrad, strategy=0, tolerance=0.1
CascadeMinimizer.cc[215] : (in function: improveOnce) - Minimization finished with status=0
CascadeMinimizer.cc[219] : (in function: improveOnce) - Minimization success! status=0
AsymptoticLimits.cc[552] : (in function: findExpectedLimitFromCrossing) - At r = 678.000000:	delta(nll) = 0.87459

CascadeMinimizer.cc[188] : (in function: improveOnce) - Minimization configured with Type=Minuit2, Algo=Migrad, strategy=0, tolerance=0.1
CascadeMinimizer.cc[215] : (in function: improveOnce) - Minimization finished with status=0
CascadeMinimizer.cc[219] : (in function: improveOnce) - Minimization success! status=0
AsymptoticLimits.cc[552] : (in function: findExpectedLimitFromCrossing) - At r = 679.000000:	delta(nll) = 0.87729

CascadeMinimizer.cc[188] : (in function: improveOnce) - Minimization configured with Type=Minuit2, Algo=Migrad, strategy=0, tolerance=0.1
CascadeMinimizer.cc[215] : (in function: improveOnce) - Minimization finished with status=0
CascadeMinimizer.cc[219] : (in function: improveOnce) - Minimization success! status=0
AsymptoticLimits.cc[552] : (in function: findExpectedLimitFromCrossing) - At r = 680.000000:	delta(nll) = 0.88002

CascadeMinimizer.cc[188] : (in function: improveOnce) - Minimization configured with Type=Minuit2, Algo=Migrad, strategy=0, tolerance=0.1
CascadeMinimizer.cc[215] : (in function: improveOnce) - Minimization finished with status=0
CascadeMinimizer.cc[219] : (in function: improveOnce) - Minimization success! status=0
AsymptoticLimits.cc[552] : (in function: findExpectedLimitFromCrossing) - At r = 681.000000:	delta(nll) = 0.88219

CascadeMinimizer.cc[188] : (in function: improveOnce) - Minimization configured with Type=Minuit2, Algo=Migrad, strategy=0, tolerance=0.1
CascadeMinimizer.cc[215] : (in function: improveOnce) - Minimization finished with status=0
CascadeMinimizer.cc[219] : (in function: improveOnce) - Minimization success! status=0
AsymptoticLimits.cc[552] : (in function: findExpectedLimitFromCrossing) - At r = 682.000000:	delta(nll) = 0.88479

CascadeMinimizer.cc[188] : (in function: improveOnce) - Minimization configured with Type=Minuit2, Algo=Migrad, strategy=0, tolerance=0.1
CascadeMinimizer.cc[215] : (in function: improveOnce) - Minimization finished with status=0
CascadeMinimizer.cc[219] : (in function: improveOnce) - Minimization success! status=0
AsymptoticLimits.cc[552] : (in function: findExpectedLimitFromCrossing) - At r = 683.000000:	delta(nll) = 0.88746

CascadeMinimizer.cc[188] : (in function: improveOnce) - Minimization configured with Type=Minuit2, Algo=Migrad, strategy=0, tolerance=0.1
CascadeMinimizer.cc[215] : (in function: improveOnce) - Minimization finished with status=0
CascadeMinimizer.cc[219] : (in function: improveOnce) - Minimization success! status=0
AsymptoticLimits.cc[552] : (in function: findExpectedLimitFromCrossing) - At r = 684.000000:	delta(nll) = 0.89017

CascadeMinimizer.cc[188] : (in function: improveOnce) - Minimization configured with Type=Minuit2, Algo=Migrad, strategy=0, tolerance=0.1
CascadeMinimizer.cc[215] : (in function: improveOnce) - Minimization finished with status=0
CascadeMinimizer.cc[219] : (in function: improveOnce) - Minimization success! status=0
AsymptoticLimits.cc[552] : (in function: findExpectedLimitFromCrossing) - At r = 685.000000:	delta(nll) = 0.89292

CascadeMinimizer.cc[188] : (in function: improveOnce) - Minimization configured with Type=Minuit2, Algo=Migrad, strategy=0, tolerance=0.1
CascadeMinimizer.cc[215] : (in function: improveOnce) - Minimization finished with status=0
CascadeMinimizer.cc[219] : (in function: improveOnce) - Minimization success! status=0
AsymptoticLimits.cc[552] : (in function: findExpectedLimitFromCrossing) - At r = 686.000000:	delta(nll) = 0.89569

CascadeMinimizer.cc[188] : (in function: improveOnce) - Minimization configured with Type=Minuit2, Algo=Migrad, strategy=0, tolerance=0.1
CascadeMinimizer.cc[215] : (in function: improveOnce) - Minimization finished with status=0
CascadeMinimizer.cc[219] : (in function: improveOnce) - Minimization success! status=0
AsymptoticLimits.cc[552] : (in function: findExpectedLimitFromCrossing) - At r = 687.000000:	delta(nll) = 0.89771

CascadeMinimizer.cc[188] : (in function: improveOnce) - Minimization configured with Type=Minuit2, Algo=Migrad, strategy=0, tolerance=0.1
CascadeMinimizer.cc[215] : (in function: improveOnce) - Minimization finished with status=0
CascadeMinimizer.cc[219] : (in function: improveOnce) - Minimization success! status=0
AsymptoticLimits.cc[552] : (in function: findExpectedLimitFromCrossing) - At r = 688.000000:	delta(nll) = 0.90034

CascadeMinimizer.cc[188] : (in function: improveOnce) - Minimization configured with Type=Minuit2, Algo=Migrad, strategy=0, tolerance=0.1
CascadeMinimizer.cc[215] : (in function: improveOnce) - Minimization finished with status=0
CascadeMinimizer.cc[219] : (in function: improveOnce) - Minimization success! status=0
AsymptoticLimits.cc[552] : (in function: findExpectedLimitFromCrossing) - At r = 689.000000:	delta(nll) = 0.90303

CascadeMinimizer.cc[188] : (in function: improveOnce) - Minimization configured with Type=Minuit2, Algo=Migrad, strategy=0, tolerance=0.1
CascadeMinimizer.cc[215] : (in function: improveOnce) - Minimization finished with status=0
CascadeMinimizer.cc[219] : (in function: improveOnce) - Minimization success! status=0
AsymptoticLimits.cc[552] : (in function: findExpectedLimitFromCrossing) - At r = 690.000000:	delta(nll) = 0.90577

CascadeMinimizer.cc[188] : (in function: improveOnce) - Minimization configured with Type=Minuit2, Algo=Migrad, strategy=0, tolerance=0.1
CascadeMinimizer.cc[215] : (in function: improveOnce) - Minimization finished with status=0
CascadeMinimizer.cc[219] : (in function: improveOnce) - Minimization success! status=0
AsymptoticLimits.cc[552] : (in function: findExpectedLimitFromCrossing) - At r = 691.000000:	delta(nll) = 0.90855

CascadeMinimizer.cc[188] : (in function: improveOnce) - Minimization configured with Type=Minuit2, Algo=Migrad, strategy=0, tolerance=0.1
CascadeMinimizer.cc[215] : (in function: improveOnce) - Minimization finished with status=0
CascadeMinimizer.cc[219] : (in function: improveOnce) - Minimization success! status=0
AsymptoticLimits.cc[552] : (in function: findExpectedLimitFromCrossing) - At r = 692.000000:	delta(nll) = 0.91134

CascadeMinimizer.cc[188] : (in function: improveOnce) - Minimization configured with Type=Minuit2, Algo=Migrad, strategy=0, tolerance=0.1
CascadeMinimizer.cc[215] : (in function: improveOnce) - Minimization finished with status=0
CascadeMinimizer.cc[219] : (in function: improveOnce) - Minimization success! status=0
AsymptoticLimits.cc[552] : (in function: findExpectedLimitFromCrossing) - At r = 693.000000:	delta(nll) = 0.91337

CascadeMinimizer.cc[188] : (in function: improveOnce) - Minimization configured with Type=Minuit2, Algo=Migrad, strategy=0, tolerance=0.1
CascadeMinimizer.cc[215] : (in function: improveOnce) - Minimization finished with status=0
CascadeMinimizer.cc[219] : (in function: improveOnce) - Minimization success! status=0
AsymptoticLimits.cc[552] : (in function: findExpectedLimitFromCrossing) - At r = 694.000000:	delta(nll) = 0.91602

CascadeMinimizer.cc[188] : (in function: improveOnce) - Minimization configured with Type=Minuit2, Algo=Migrad, strategy=0, tolerance=0.1
CascadeMinimizer.cc[215] : (in function: improveOnce) - Minimization finished with status=0
CascadeMinimizer.cc[219] : (in function: improveOnce) - Minimization success! status=0
AsymptoticLimits.cc[552] : (in function: findExpectedLimitFromCrossing) - At r = 695.000000:	delta(nll) = 0.91873

CascadeMinimizer.cc[188] : (in function: improveOnce) - Minimization configured with Type=Minuit2, Algo=Migrad, strategy=0, tolerance=0.1
CascadeMinimizer.cc[215] : (in function: improveOnce) - Minimization finished with status=0
CascadeMinimizer.cc[219] : (in function: improveOnce) - Minimization success! status=0
AsymptoticLimits.cc[552] : (in function: findExpectedLimitFromCrossing) - At r = 696.000000:	delta(nll) = 0.92148

CascadeMinimizer.cc[188] : (in function: improveOnce) - Minimization configured with Type=Minuit2, Algo=Migrad, strategy=0, tolerance=0.1
CascadeMinimizer.cc[215] : (in function: improveOnce) - Minimization finished with status=0
CascadeMinimizer.cc[219] : (in function: improveOnce) - Minimization success! status=0
AsymptoticLimits.cc[552] : (in function: findExpectedLimitFromCrossing) - At r = 697.000000:	delta(nll) = 0.92427

CascadeMinimizer.cc[188] : (in function: improveOnce) - Minimization configured with Type=Minuit2, Algo=Migrad, strategy=0, tolerance=0.1
CascadeMinimizer.cc[215] : (in function: improveOnce) - Minimization finished with status=0
CascadeMinimizer.cc[219] : (in function: improveOnce) - Minimization success! status=0
AsymptoticLimits.cc[552] : (in function: findExpectedLimitFromCrossing) - At r = 698.000000:	delta(nll) = 0.92707

CascadeMinimizer.cc[188] : (in function: improveOnce) - Minimization configured with Type=Minuit2, Algo=Migrad, strategy=0, tolerance=0.1
CascadeMinimizer.cc[215] : (in function: improveOnce) - Minimization finished with status=0
CascadeMinimizer.cc[219] : (in function: improveOnce) - Minimization success! status=0
AsymptoticLimits.cc[552] : (in function: findExpectedLimitFromCrossing) - At r = 699.000000:	delta(nll) = 0.92916

CascadeMinimizer.cc[188] : (in function: improveOnce) - Minimization configured with Type=Minuit2, Algo=Migrad, strategy=0, tolerance=0.1
CascadeMinimizer.cc[215] : (in function: improveOnce) - Minimization finished with status=0
CascadeMinimizer.cc[219] : (in function: improveOnce) - Minimization success! status=0
AsymptoticLimits.cc[552] : (in function: findExpectedLimitFromCrossing) - At r = 700.000000:	delta(nll) = 0.93182

CascadeMinimizer.cc[188] : (in function: improveOnce) - Minimization configured with Type=Minuit2, Algo=Migrad, strategy=0, tolerance=0.1
CascadeMinimizer.cc[215] : (in function: improveOnce) - Minimization finished with status=0
CascadeMinimizer.cc[219] : (in function: improveOnce) - Minimization success! status=0
AsymptoticLimits.cc[552] : (in function: findExpectedLimitFromCrossing) - At r = 701.000000:	delta(nll) = 0.93455

CascadeMinimizer.cc[188] : (in function: improveOnce) - Minimization configured with Type=Minuit2, Algo=Migrad, strategy=0, tolerance=0.1
CascadeMinimizer.cc[215] : (in function: improveOnce) - Minimization finished with status=0
CascadeMinimizer.cc[219] : (in function: improveOnce) - Minimization success! status=0
AsymptoticLimits.cc[552] : (in function: findExpectedLimitFromCrossing) - At r = 702.000000:	delta(nll) = 0.93733

CascadeMinimizer.cc[188] : (in function: improveOnce) - Minimization configured with Type=Minuit2, Algo=Migrad, strategy=0, tolerance=0.1
CascadeMinimizer.cc[215] : (in function: improveOnce) - Minimization finished with status=0
CascadeMinimizer.cc[219] : (in function: improveOnce) - Minimization success! status=0
AsymptoticLimits.cc[552] : (in function: findExpectedLimitFromCrossing) - At r = 703.000000:	delta(nll) = 0.94014

CascadeMinimizer.cc[188] : (in function: improveOnce) - Minimization configured with Type=Minuit2, Algo=Migrad, strategy=0, tolerance=0.1
CascadeMinimizer.cc[215] : (in function: improveOnce) - Minimization finished with status=0
CascadeMinimizer.cc[219] : (in function: improveOnce) - Minimization success! status=0
AsymptoticLimits.cc[552] : (in function: findExpectedLimitFromCrossing) - At r = 704.000000:	delta(nll) = 0.94298

CascadeMinimizer.cc[188] : (in function: improveOnce) - Minimization configured with Type=Minuit2, Algo=Migrad, strategy=0, tolerance=0.1
CascadeMinimizer.cc[215] : (in function: improveOnce) - Minimization finished with status=0
CascadeMinimizer.cc[219] : (in function: improveOnce) - Minimization success! status=0
AsymptoticLimits.cc[552] : (in function: findExpectedLimitFromCrossing) - At r = 705.000000:	delta(nll) = 0.94508

CascadeMinimizer.cc[188] : (in function: improveOnce) - Minimization configured with Type=Minuit2, Algo=Migrad, strategy=0, tolerance=0.1
CascadeMinimizer.cc[215] : (in function: improveOnce) - Minimization finished with status=0
CascadeMinimizer.cc[219] : (in function: improveOnce) - Minimization success! status=0
AsymptoticLimits.cc[552] : (in function: findExpectedLimitFromCrossing) - At r = 706.000000:	delta(nll) = 0.94777

CascadeMinimizer.cc[188] : (in function: improveOnce) - Minimization configured with Type=Minuit2, Algo=Migrad, strategy=0, tolerance=0.1
CascadeMinimizer.cc[215] : (in function: improveOnce) - Minimization finished with status=0
CascadeMinimizer.cc[219] : (in function: improveOnce) - Minimization success! status=0
AsymptoticLimits.cc[552] : (in function: findExpectedLimitFromCrossing) - At r = 707.000000:	delta(nll) = 0.95052

CascadeMinimizer.cc[188] : (in function: improveOnce) - Minimization configured with Type=Minuit2, Algo=Migrad, strategy=0, tolerance=0.1
CascadeMinimizer.cc[215] : (in function: improveOnce) - Minimization finished with status=0
CascadeMinimizer.cc[219] : (in function: improveOnce) - Minimization success! status=0
AsymptoticLimits.cc[552] : (in function: findExpectedLimitFromCrossing) - At r = 708.000000:	delta(nll) = 0.95332

CascadeMinimizer.cc[188] : (in function: improveOnce) - Minimization configured with Type=Minuit2, Algo=Migrad, strategy=0, tolerance=0.1
CascadeMinimizer.cc[215] : (in function: improveOnce) - Minimization finished with status=0
CascadeMinimizer.cc[219] : (in function: improveOnce) - Minimization success! status=0
AsymptoticLimits.cc[552] : (in function: findExpectedLimitFromCrossing) - At r = 709.000000:	delta(nll) = 0.95616

CascadeMinimizer.cc[188] : (in function: improveOnce) - Minimization configured with Type=Minuit2, Algo=Migrad, strategy=0, tolerance=0.1
CascadeMinimizer.cc[215] : (in function: improveOnce) - Minimization finished with status=0
CascadeMinimizer.cc[219] : (in function: improveOnce) - Minimization success! status=0
AsymptoticLimits.cc[552] : (in function: findExpectedLimitFromCrossing) - At r = 710.000000:	delta(nll) = 0.95901

CascadeMinimizer.cc[188] : (in function: improveOnce) - Minimization configured with Type=Minuit2, Algo=Migrad, strategy=0, tolerance=0.1
CascadeMinimizer.cc[215] : (in function: improveOnce) - Minimization finished with status=0
CascadeMinimizer.cc[219] : (in function: improveOnce) - Minimization success! status=0
AsymptoticLimits.cc[552] : (in function: findExpectedLimitFromCrossing) - At r = 711.000000:	delta(nll) = 0.96113

CascadeMinimizer.cc[188] : (in function: improveOnce) - Minimization configured with Type=Minuit2, Algo=Migrad, strategy=0, tolerance=0.1
CascadeMinimizer.cc[215] : (in function: improveOnce) - Minimization finished with status=0
CascadeMinimizer.cc[219] : (in function: improveOnce) - Minimization success! status=0
AsymptoticLimits.cc[552] : (in function: findExpectedLimitFromCrossing) - At r = 712.000000:	delta(nll) = 0.96384

CascadeMinimizer.cc[188] : (in function: improveOnce) - Minimization configured with Type=Minuit2, Algo=Migrad, strategy=0, tolerance=0.1
CascadeMinimizer.cc[215] : (in function: improveOnce) - Minimization finished with status=0
CascadeMinimizer.cc[219] : (in function: improveOnce) - Minimization success! status=0
AsymptoticLimits.cc[552] : (in function: findExpectedLimitFromCrossing) - At r = 713.000000:	delta(nll) = 0.96661

CascadeMinimizer.cc[188] : (in function: improveOnce) - Minimization configured with Type=Minuit2, Algo=Migrad, strategy=0, tolerance=0.1
CascadeMinimizer.cc[215] : (in function: improveOnce) - Minimization finished with status=0
CascadeMinimizer.cc[219] : (in function: improveOnce) - Minimization success! status=0
AsymptoticLimits.cc[552] : (in function: findExpectedLimitFromCrossing) - At r = 714.000000:	delta(nll) = 0.96943

CascadeMinimizer.cc[188] : (in function: improveOnce) - Minimization configured with Type=Minuit2, Algo=Migrad, strategy=0, tolerance=0.1
CascadeMinimizer.cc[215] : (in function: improveOnce) - Minimization finished with status=0
CascadeMinimizer.cc[219] : (in function: improveOnce) - Minimization success! status=0
AsymptoticLimits.cc[552] : (in function: findExpectedLimitFromCrossing) - At r = 715.000000:	delta(nll) = 0.97229

CascadeMinimizer.cc[188] : (in function: improveOnce) - Minimization configured with Type=Minuit2, Algo=Migrad, strategy=0, tolerance=0.1
CascadeMinimizer.cc[215] : (in function: improveOnce) - Minimization finished with status=0
CascadeMinimizer.cc[219] : (in function: improveOnce) - Minimization success! status=0
AsymptoticLimits.cc[552] : (in function: findExpectedLimitFromCrossing) - At r = 716.000000:	delta(nll) = 0.97516

CascadeMinimizer.cc[188] : (in function: improveOnce) - Minimization configured with Type=Minuit2, Algo=Migrad, strategy=0, tolerance=0.1
CascadeMinimizer.cc[215] : (in function: improveOnce) - Minimization finished with status=0
CascadeMinimizer.cc[219] : (in function: improveOnce) - Minimization success! status=0
AsymptoticLimits.cc[552] : (in function: findExpectedLimitFromCrossing) - At r = 717.000000:	delta(nll) = 0.97732

CascadeMinimizer.cc[188] : (in function: improveOnce) - Minimization configured with Type=Minuit2, Algo=Migrad, strategy=0, tolerance=0.1
CascadeMinimizer.cc[215] : (in function: improveOnce) - Minimization finished with status=0
CascadeMinimizer.cc[219] : (in function: improveOnce) - Minimization success! status=0
AsymptoticLimits.cc[552] : (in function: findExpectedLimitFromCrossing) - At r = 718.000000:	delta(nll) = 0.98005

CascadeMinimizer.cc[188] : (in function: improveOnce) - Minimization configured with Type=Minuit2, Algo=Migrad, strategy=0, tolerance=0.1
CascadeMinimizer.cc[215] : (in function: improveOnce) - Minimization finished with status=0
CascadeMinimizer.cc[219] : (in function: improveOnce) - Minimization success! status=0
AsymptoticLimits.cc[552] : (in function: findExpectedLimitFromCrossing) - At r = 719.000000:	delta(nll) = 0.98284

CascadeMinimizer.cc[188] : (in function: improveOnce) - Minimization configured with Type=Minuit2, Algo=Migrad, strategy=0, tolerance=0.1
CascadeMinimizer.cc[215] : (in function: improveOnce) - Minimization finished with status=0
CascadeMinimizer.cc[219] : (in function: improveOnce) - Minimization success! status=0
AsymptoticLimits.cc[552] : (in function: findExpectedLimitFromCrossing) - At r = 720.000000:	delta(nll) = 0.98569

CascadeMinimizer.cc[188] : (in function: improveOnce) - Minimization configured with Type=Minuit2, Algo=Migrad, strategy=0, tolerance=0.1
CascadeMinimizer.cc[215] : (in function: improveOnce) - Minimization finished with status=0
CascadeMinimizer.cc[219] : (in function: improveOnce) - Minimization success! status=0
AsymptoticLimits.cc[552] : (in function: findExpectedLimitFromCrossing) - At r = 721.000000:	delta(nll) = 0.98855

CascadeMinimizer.cc[188] : (in function: improveOnce) - Minimization configured with Type=Minuit2, Algo=Migrad, strategy=0, tolerance=0.1
CascadeMinimizer.cc[215] : (in function: improveOnce) - Minimization finished with status=0
CascadeMinimizer.cc[219] : (in function: improveOnce) - Minimization success! status=0
AsymptoticLimits.cc[552] : (in function: findExpectedLimitFromCrossing) - At r = 722.000000:	delta(nll) = 0.99145

CascadeMinimizer.cc[188] : (in function: improveOnce) - Minimization configured with Type=Minuit2, Algo=Migrad, strategy=0, tolerance=0.1
CascadeMinimizer.cc[215] : (in function: improveOnce) - Minimization finished with status=0
CascadeMinimizer.cc[219] : (in function: improveOnce) - Minimization success! status=0
AsymptoticLimits.cc[552] : (in function: findExpectedLimitFromCrossing) - At r = 723.000000:	delta(nll) = 0.99363

CascadeMinimizer.cc[188] : (in function: improveOnce) - Minimization configured with Type=Minuit2, Algo=Migrad, strategy=0, tolerance=0.1
CascadeMinimizer.cc[215] : (in function: improveOnce) - Minimization finished with status=0
CascadeMinimizer.cc[219] : (in function: improveOnce) - Minimization success! status=0
AsymptoticLimits.cc[552] : (in function: findExpectedLimitFromCrossing) - At r = 724.000000:	delta(nll) = 0.99638

CascadeMinimizer.cc[188] : (in function: improveOnce) - Minimization configured with Type=Minuit2, Algo=Migrad, strategy=0, tolerance=0.1
CascadeMinimizer.cc[215] : (in function: improveOnce) - Minimization finished with status=0
CascadeMinimizer.cc[219] : (in function: improveOnce) - Minimization success! status=0
AsymptoticLimits.cc[552] : (in function: findExpectedLimitFromCrossing) - At r = 725.000000:	delta(nll) = 0.99919

CascadeMinimizer.cc[188] : (in function: improveOnce) - Minimization configured with Type=Minuit2, Algo=Migrad, strategy=0, tolerance=0.1
CascadeMinimizer.cc[215] : (in function: improveOnce) - Minimization finished with status=0
CascadeMinimizer.cc[219] : (in function: improveOnce) - Minimization success! status=0
AsymptoticLimits.cc[552] : (in function: findExpectedLimitFromCrossing) - At r = 726.000000:	delta(nll) = 1.00206

CascadeMinimizer.cc[188] : (in function: improveOnce) - Minimization configured with Type=Minuit2, Algo=Migrad, strategy=0, tolerance=0.1
CascadeMinimizer.cc[215] : (in function: improveOnce) - Minimization finished with status=0
CascadeMinimizer.cc[219] : (in function: improveOnce) - Minimization success! status=0
AsymptoticLimits.cc[552] : (in function: findExpectedLimitFromCrossing) - At r = 727.000000:	delta(nll) = 1.00494

CascadeMinimizer.cc[188] : (in function: improveOnce) - Minimization configured with Type=Minuit2, Algo=Migrad, strategy=0, tolerance=0.1
CascadeMinimizer.cc[215] : (in function: improveOnce) - Minimization finished with status=0
CascadeMinimizer.cc[219] : (in function: improveOnce) - Minimization success! status=0
AsymptoticLimits.cc[552] : (in function: findExpectedLimitFromCrossing) - At r = 728.000000:	delta(nll) = 1.00785

CascadeMinimizer.cc[188] : (in function: improveOnce) - Minimization configured with Type=Minuit2, Algo=Migrad, strategy=0, tolerance=0.1
CascadeMinimizer.cc[215] : (in function: improveOnce) - Minimization finished with status=0
CascadeMinimizer.cc[219] : (in function: improveOnce) - Minimization success! status=0
AsymptoticLimits.cc[552] : (in function: findExpectedLimitFromCrossing) - At r = 729.000000:	delta(nll) = 1.01008

CascadeMinimizer.cc[188] : (in function: improveOnce) - Minimization configured with Type=Minuit2, Algo=Migrad, strategy=0, tolerance=0.1
CascadeMinimizer.cc[215] : (in function: improveOnce) - Minimization finished with status=0
CascadeMinimizer.cc[219] : (in function: improveOnce) - Minimization success! status=0
AsymptoticLimits.cc[552] : (in function: findExpectedLimitFromCrossing) - At r = 730.000000:	delta(nll) = 1.01285

CascadeMinimizer.cc[188] : (in function: improveOnce) - Minimization configured with Type=Minuit2, Algo=Migrad, strategy=0, tolerance=0.1
CascadeMinimizer.cc[215] : (in function: improveOnce) - Minimization finished with status=0
CascadeMinimizer.cc[219] : (in function: improveOnce) - Minimization success! status=0
AsymptoticLimits.cc[552] : (in function: findExpectedLimitFromCrossing) - At r = 731.000000:	delta(nll) = 1.01569

CascadeMinimizer.cc[188] : (in function: improveOnce) - Minimization configured with Type=Minuit2, Algo=Migrad, strategy=0, tolerance=0.1
CascadeMinimizer.cc[215] : (in function: improveOnce) - Minimization finished with status=0
CascadeMinimizer.cc[219] : (in function: improveOnce) - Minimization success! status=0
AsymptoticLimits.cc[552] : (in function: findExpectedLimitFromCrossing) - At r = 732.000000:	delta(nll) = 1.01857

CascadeMinimizer.cc[188] : (in function: improveOnce) - Minimization configured with Type=Minuit2, Algo=Migrad, strategy=0, tolerance=0.1
CascadeMinimizer.cc[215] : (in function: improveOnce) - Minimization finished with status=0
CascadeMinimizer.cc[219] : (in function: improveOnce) - Minimization success! status=0
AsymptoticLimits.cc[552] : (in function: findExpectedLimitFromCrossing) - At r = 733.000000:	delta(nll) = 1.02149

CascadeMinimizer.cc[188] : (in function: improveOnce) - Minimization configured with Type=Minuit2, Algo=Migrad, strategy=0, tolerance=0.1
CascadeMinimizer.cc[215] : (in function: improveOnce) - Minimization finished with status=0
CascadeMinimizer.cc[219] : (in function: improveOnce) - Minimization success! status=0
AsymptoticLimits.cc[552] : (in function: findExpectedLimitFromCrossing) - At r = 734.000000:	delta(nll) = 1.02443

CascadeMinimizer.cc[188] : (in function: improveOnce) - Minimization configured with Type=Minuit2, Algo=Migrad, strategy=0, tolerance=0.1
CascadeMinimizer.cc[215] : (in function: improveOnce) - Minimization finished with status=0
CascadeMinimizer.cc[219] : (in function: improveOnce) - Minimization success! status=0
AsymptoticLimits.cc[552] : (in function: findExpectedLimitFromCrossing) - At r = 735.000000:	delta(nll) = 1.02666

CascadeMinimizer.cc[188] : (in function: improveOnce) - Minimization configured with Type=Minuit2, Algo=Migrad, strategy=0, tolerance=0.1
CascadeMinimizer.cc[215] : (in function: improveOnce) - Minimization finished with status=0
CascadeMinimizer.cc[219] : (in function: improveOnce) - Minimization success! status=0
AsymptoticLimits.cc[552] : (in function: findExpectedLimitFromCrossing) - At r = 736.000000:	delta(nll) = 1.02945

CascadeMinimizer.cc[188] : (in function: improveOnce) - Minimization configured with Type=Minuit2, Algo=Migrad, strategy=0, tolerance=0.1
CascadeMinimizer.cc[215] : (in function: improveOnce) - Minimization finished with status=0
CascadeMinimizer.cc[219] : (in function: improveOnce) - Minimization success! status=0
AsymptoticLimits.cc[552] : (in function: findExpectedLimitFromCrossing) - At r = 737.000000:	delta(nll) = 1.03231

CascadeMinimizer.cc[188] : (in function: improveOnce) - Minimization configured with Type=Minuit2, Algo=Migrad, strategy=0, tolerance=0.1
CascadeMinimizer.cc[215] : (in function: improveOnce) - Minimization finished with status=0
CascadeMinimizer.cc[219] : (in function: improveOnce) - Minimization success! status=0
AsymptoticLimits.cc[552] : (in function: findExpectedLimitFromCrossing) - At r = 738.000000:	delta(nll) = 1.03521

CascadeMinimizer.cc[188] : (in function: improveOnce) - Minimization configured with Type=Minuit2, Algo=Migrad, strategy=0, tolerance=0.1
CascadeMinimizer.cc[215] : (in function: improveOnce) - Minimization finished with status=0
CascadeMinimizer.cc[219] : (in function: improveOnce) - Minimization success! status=0
AsymptoticLimits.cc[552] : (in function: findExpectedLimitFromCrossing) - At r = 739.000000:	delta(nll) = 1.03815

CascadeMinimizer.cc[188] : (in function: improveOnce) - Minimization configured with Type=Minuit2, Algo=Migrad, strategy=0, tolerance=0.1
CascadeMinimizer.cc[215] : (in function: improveOnce) - Minimization finished with status=0
CascadeMinimizer.cc[219] : (in function: improveOnce) - Minimization success! status=0
AsymptoticLimits.cc[552] : (in function: findExpectedLimitFromCrossing) - At r = 740.000000:	delta(nll) = 1.04111

CascadeMinimizer.cc[188] : (in function: improveOnce) - Minimization configured with Type=Minuit2, Algo=Migrad, strategy=0, tolerance=0.1
CascadeMinimizer.cc[215] : (in function: improveOnce) - Minimization finished with status=0
CascadeMinimizer.cc[219] : (in function: improveOnce) - Minimization success! status=0
AsymptoticLimits.cc[552] : (in function: findExpectedLimitFromCrossing) - At r = 741.000000:	delta(nll) = 1.04337

CascadeMinimizer.cc[188] : (in function: improveOnce) - Minimization configured with Type=Minuit2, Algo=Migrad, strategy=0, tolerance=0.1
CascadeMinimizer.cc[215] : (in function: improveOnce) - Minimization finished with status=0
CascadeMinimizer.cc[219] : (in function: improveOnce) - Minimization success! status=0
AsymptoticLimits.cc[552] : (in function: findExpectedLimitFromCrossing) - At r = 742.000000:	delta(nll) = 1.04618

CascadeMinimizer.cc[188] : (in function: improveOnce) - Minimization configured with Type=Minuit2, Algo=Migrad, strategy=0, tolerance=0.1
CascadeMinimizer.cc[215] : (in function: improveOnce) - Minimization finished with status=0
CascadeMinimizer.cc[219] : (in function: improveOnce) - Minimization success! status=0
AsymptoticLimits.cc[552] : (in function: findExpectedLimitFromCrossing) - At r = 743.000000:	delta(nll) = 1.04906

CascadeMinimizer.cc[188] : (in function: improveOnce) - Minimization configured with Type=Minuit2, Algo=Migrad, strategy=0, tolerance=0.1
CascadeMinimizer.cc[215] : (in function: improveOnce) - Minimization finished with status=0
CascadeMinimizer.cc[219] : (in function: improveOnce) - Minimization success! status=0
AsymptoticLimits.cc[552] : (in function: findExpectedLimitFromCrossing) - At r = 744.000000:	delta(nll) = 1.05198

CascadeMinimizer.cc[188] : (in function: improveOnce) - Minimization configured with Type=Minuit2, Algo=Migrad, strategy=0, tolerance=0.1
CascadeMinimizer.cc[215] : (in function: improveOnce) - Minimization finished with status=0
CascadeMinimizer.cc[219] : (in function: improveOnce) - Minimization success! status=0
AsymptoticLimits.cc[552] : (in function: findExpectedLimitFromCrossing) - At r = 745.000000:	delta(nll) = 1.05494

CascadeMinimizer.cc[188] : (in function: improveOnce) - Minimization configured with Type=Minuit2, Algo=Migrad, strategy=0, tolerance=0.1
CascadeMinimizer.cc[215] : (in function: improveOnce) - Minimization finished with status=0
CascadeMinimizer.cc[219] : (in function: improveOnce) - Minimization success! status=0
AsymptoticLimits.cc[552] : (in function: findExpectedLimitFromCrossing) - At r = 746.000000:	delta(nll) = 1.05792

CascadeMinimizer.cc[188] : (in function: improveOnce) - Minimization configured with Type=Minuit2, Algo=Migrad, strategy=0, tolerance=0.1
CascadeMinimizer.cc[215] : (in function: improveOnce) - Minimization finished with status=0
CascadeMinimizer.cc[219] : (in function: improveOnce) - Minimization success! status=0
AsymptoticLimits.cc[552] : (in function: findExpectedLimitFromCrossing) - At r = 747.000000:	delta(nll) = 1.06022

CascadeMinimizer.cc[188] : (in function: improveOnce) - Minimization configured with Type=Minuit2, Algo=Migrad, strategy=0, tolerance=0.1
CascadeMinimizer.cc[215] : (in function: improveOnce) - Minimization finished with status=0
CascadeMinimizer.cc[219] : (in function: improveOnce) - Minimization success! status=0
AsymptoticLimits.cc[552] : (in function: findExpectedLimitFromCrossing) - At r = 748.000000:	delta(nll) = 1.06305

CascadeMinimizer.cc[188] : (in function: improveOnce) - Minimization configured with Type=Minuit2, Algo=Migrad, strategy=0, tolerance=0.1
CascadeMinimizer.cc[215] : (in function: improveOnce) - Minimization finished with status=0
CascadeMinimizer.cc[219] : (in function: improveOnce) - Minimization success! status=0
AsymptoticLimits.cc[552] : (in function: findExpectedLimitFromCrossing) - At r = 749.000000:	delta(nll) = 1.06595

CascadeMinimizer.cc[188] : (in function: improveOnce) - Minimization configured with Type=Minuit2, Algo=Migrad, strategy=0, tolerance=0.1
CascadeMinimizer.cc[215] : (in function: improveOnce) - Minimization finished with status=0
CascadeMinimizer.cc[219] : (in function: improveOnce) - Minimization success! status=0
AsymptoticLimits.cc[552] : (in function: findExpectedLimitFromCrossing) - At r = 750.000000:	delta(nll) = 1.06889

CascadeMinimizer.cc[188] : (in function: improveOnce) - Minimization configured with Type=Minuit2, Algo=Migrad, strategy=0, tolerance=0.1
CascadeMinimizer.cc[215] : (in function: improveOnce) - Minimization finished with status=0
CascadeMinimizer.cc[219] : (in function: improveOnce) - Minimization success! status=0
AsymptoticLimits.cc[552] : (in function: findExpectedLimitFromCrossing) - At r = 751.000000:	delta(nll) = 1.07187

CascadeMinimizer.cc[188] : (in function: improveOnce) - Minimization configured with Type=Minuit2, Algo=Migrad, strategy=0, tolerance=0.1
CascadeMinimizer.cc[215] : (in function: improveOnce) - Minimization finished with status=0
CascadeMinimizer.cc[219] : (in function: improveOnce) - Minimization success! status=0
AsymptoticLimits.cc[552] : (in function: findExpectedLimitFromCrossing) - At r = 752.000000:	delta(nll) = 1.07487

CascadeMinimizer.cc[188] : (in function: improveOnce) - Minimization configured with Type=Minuit2, Algo=Migrad, strategy=0, tolerance=0.1
CascadeMinimizer.cc[215] : (in function: improveOnce) - Minimization finished with status=0
CascadeMinimizer.cc[219] : (in function: improveOnce) - Minimization success! status=0
AsymptoticLimits.cc[552] : (in function: findExpectedLimitFromCrossing) - At r = 753.000000:	delta(nll) = 1.07719

CascadeMinimizer.cc[188] : (in function: improveOnce) - Minimization configured with Type=Minuit2, Algo=Migrad, strategy=0, tolerance=0.1
CascadeMinimizer.cc[215] : (in function: improveOnce) - Minimization finished with status=0
CascadeMinimizer.cc[219] : (in function: improveOnce) - Minimization success! status=0
AsymptoticLimits.cc[552] : (in function: findExpectedLimitFromCrossing) - At r = 754.000000:	delta(nll) = 1.08005

CascadeMinimizer.cc[188] : (in function: improveOnce) - Minimization configured with Type=Minuit2, Algo=Migrad, strategy=0, tolerance=0.1
CascadeMinimizer.cc[215] : (in function: improveOnce) - Minimization finished with status=0
CascadeMinimizer.cc[219] : (in function: improveOnce) - Minimization success! status=0
AsymptoticLimits.cc[552] : (in function: findExpectedLimitFromCrossing) - At r = 755.000000:	delta(nll) = 1.08297

CascadeMinimizer.cc[188] : (in function: improveOnce) - Minimization configured with Type=Minuit2, Algo=Migrad, strategy=0, tolerance=0.1
CascadeMinimizer.cc[215] : (in function: improveOnce) - Minimization finished with status=0
CascadeMinimizer.cc[219] : (in function: improveOnce) - Minimization success! status=0
AsymptoticLimits.cc[552] : (in function: findExpectedLimitFromCrossing) - At r = 756.000000:	delta(nll) = 1.08594

CascadeMinimizer.cc[188] : (in function: improveOnce) - Minimization configured with Type=Minuit2, Algo=Migrad, strategy=0, tolerance=0.1
CascadeMinimizer.cc[215] : (in function: improveOnce) - Minimization finished with status=0
CascadeMinimizer.cc[219] : (in function: improveOnce) - Minimization success! status=0
AsymptoticLimits.cc[552] : (in function: findExpectedLimitFromCrossing) - At r = 757.000000:	delta(nll) = 1.08893

CascadeMinimizer.cc[188] : (in function: improveOnce) - Minimization configured with Type=Minuit2, Algo=Migrad, strategy=0, tolerance=0.1
CascadeMinimizer.cc[215] : (in function: improveOnce) - Minimization finished with status=0
CascadeMinimizer.cc[219] : (in function: improveOnce) - Minimization success! status=0
AsymptoticLimits.cc[552] : (in function: findExpectedLimitFromCrossing) - At r = 758.000000:	delta(nll) = 1.09196

CascadeMinimizer.cc[188] : (in function: improveOnce) - Minimization configured with Type=Minuit2, Algo=Migrad, strategy=0, tolerance=0.1
CascadeMinimizer.cc[215] : (in function: improveOnce) - Minimization finished with status=0
CascadeMinimizer.cc[219] : (in function: improveOnce) - Minimization success! status=0
AsymptoticLimits.cc[552] : (in function: findExpectedLimitFromCrossing) - At r = 759.000000:	delta(nll) = 1.09430

CascadeMinimizer.cc[188] : (in function: improveOnce) - Minimization configured with Type=Minuit2, Algo=Migrad, strategy=0, tolerance=0.1
CascadeMinimizer.cc[215] : (in function: improveOnce) - Minimization finished with status=0
CascadeMinimizer.cc[219] : (in function: improveOnce) - Minimization success! status=0
AsymptoticLimits.cc[552] : (in function: findExpectedLimitFromCrossing) - At r = 760.000000:	delta(nll) = 1.09717

CascadeMinimizer.cc[188] : (in function: improveOnce) - Minimization configured with Type=Minuit2, Algo=Migrad, strategy=0, tolerance=0.1
CascadeMinimizer.cc[215] : (in function: improveOnce) - Minimization finished with status=0
CascadeMinimizer.cc[219] : (in function: improveOnce) - Minimization success! status=0
AsymptoticLimits.cc[552] : (in function: findExpectedLimitFromCrossing) - At r = 761.000000:	delta(nll) = 1.10012

CascadeMinimizer.cc[188] : (in function: improveOnce) - Minimization configured with Type=Minuit2, Algo=Migrad, strategy=0, tolerance=0.1
CascadeMinimizer.cc[215] : (in function: improveOnce) - Minimization finished with status=0
CascadeMinimizer.cc[219] : (in function: improveOnce) - Minimization success! status=0
AsymptoticLimits.cc[552] : (in function: findExpectedLimitFromCrossing) - At r = 762.000000:	delta(nll) = 1.10311

CascadeMinimizer.cc[188] : (in function: improveOnce) - Minimization configured with Type=Minuit2, Algo=Migrad, strategy=0, tolerance=0.1
CascadeMinimizer.cc[215] : (in function: improveOnce) - Minimization finished with status=0
CascadeMinimizer.cc[219] : (in function: improveOnce) - Minimization success! status=0
AsymptoticLimits.cc[552] : (in function: findExpectedLimitFromCrossing) - At r = 763.000000:	delta(nll) = 1.10613

CascadeMinimizer.cc[188] : (in function: improveOnce) - Minimization configured with Type=Minuit2, Algo=Migrad, strategy=0, tolerance=0.1
CascadeMinimizer.cc[215] : (in function: improveOnce) - Minimization finished with status=0
CascadeMinimizer.cc[219] : (in function: improveOnce) - Minimization success! status=0
AsymptoticLimits.cc[552] : (in function: findExpectedLimitFromCrossing) - At r = 764.000000:	delta(nll) = 0.97610

CascadeMinimizer.cc[188] : (in function: improveOnce) - Minimization configured with Type=Minuit2, Algo=Migrad, strategy=0, tolerance=0.1
CascadeMinimizer.cc[215] : (in function: improveOnce) - Minimization finished with status=0
CascadeMinimizer.cc[219] : (in function: improveOnce) - Minimization success! status=0
AsymptoticLimits.cc[552] : (in function: findExpectedLimitFromCrossing) - At r = 765.000000:	delta(nll) = 0.97653

CascadeMinimizer.cc[188] : (in function: improveOnce) - Minimization configured with Type=Minuit2, Algo=Migrad, strategy=0, tolerance=0.1
CascadeMinimizer.cc[215] : (in function: improveOnce) - Minimization finished with status=0
CascadeMinimizer.cc[219] : (in function: improveOnce) - Minimization success! status=0
AsymptoticLimits.cc[552] : (in function: findExpectedLimitFromCrossing) - At r = 766.000000:	delta(nll) = 0.97703

CascadeMinimizer.cc[188] : (in function: improveOnce) - Minimization configured with Type=Minuit2, Algo=Migrad, strategy=0, tolerance=0.1
CascadeMinimizer.cc[215] : (in function: improveOnce) - Minimization finished with status=0
CascadeMinimizer.cc[219] : (in function: improveOnce) - Minimization success! status=0
AsymptoticLimits.cc[552] : (in function: findExpectedLimitFromCrossing) - At r = 767.000000:	delta(nll) = 0.97758

CascadeMinimizer.cc[188] : (in function: improveOnce) - Minimization configured with Type=Minuit2, Algo=Migrad, strategy=0, tolerance=0.1
CascadeMinimizer.cc[215] : (in function: improveOnce) - Minimization finished with status=0
CascadeMinimizer.cc[219] : (in function: improveOnce) - Minimization success! status=0
AsymptoticLimits.cc[552] : (in function: findExpectedLimitFromCrossing) - At r = 768.000000:	delta(nll) = 0.97817

CascadeMinimizer.cc[188] : (in function: improveOnce) - Minimization configured with Type=Minuit2, Algo=Migrad, strategy=0, tolerance=0.1
CascadeMinimizer.cc[215] : (in function: improveOnce) - Minimization finished with status=0
CascadeMinimizer.cc[219] : (in function: improveOnce) - Minimization success! status=0
AsymptoticLimits.cc[552] : (in function: findExpectedLimitFromCrossing) - At r = 769.000000:	delta(nll) = 0.97877

CascadeMinimizer.cc[188] : (in function: improveOnce) - Minimization configured with Type=Minuit2, Algo=Migrad, strategy=0, tolerance=0.1
CascadeMinimizer.cc[215] : (in function: improveOnce) - Minimization finished with status=0
CascadeMinimizer.cc[219] : (in function: improveOnce) - Minimization success! status=0
AsymptoticLimits.cc[552] : (in function: findExpectedLimitFromCrossing) - At r = 770.000000:	delta(nll) = 0.97940

CascadeMinimizer.cc[188] : (in function: improveOnce) - Minimization configured with Type=Minuit2, Algo=Migrad, strategy=0, tolerance=0.1
CascadeMinimizer.cc[215] : (in function: improveOnce) - Minimization finished with status=0
CascadeMinimizer.cc[219] : (in function: improveOnce) - Minimization success! status=0
AsymptoticLimits.cc[552] : (in function: findExpectedLimitFromCrossing) - At r = 771.000000:	delta(nll) = 0.97938

CascadeMinimizer.cc[188] : (in function: improveOnce) - Minimization configured with Type=Minuit2, Algo=Migrad, strategy=0, tolerance=0.1
CascadeMinimizer.cc[215] : (in function: improveOnce) - Minimization finished with status=0
CascadeMinimizer.cc[219] : (in function: improveOnce) - Minimization success! status=0
AsymptoticLimits.cc[552] : (in function: findExpectedLimitFromCrossing) - At r = 772.000000:	delta(nll) = 0.97991

CascadeMinimizer.cc[188] : (in function: improveOnce) - Minimization configured with Type=Minuit2, Algo=Migrad, strategy=0, tolerance=0.1
CascadeMinimizer.cc[215] : (in function: improveOnce) - Minimization finished with status=0
CascadeMinimizer.cc[219] : (in function: improveOnce) - Minimization success! status=0
AsymptoticLimits.cc[552] : (in function: findExpectedLimitFromCrossing) - At r = 773.000000:	delta(nll) = 0.98049

CascadeMinimizer.cc[188] : (in function: improveOnce) - Minimization configured with Type=Minuit2, Algo=Migrad, strategy=0, tolerance=0.1
CascadeMinimizer.cc[215] : (in function: improveOnce) - Minimization finished with status=0
CascadeMinimizer.cc[219] : (in function: improveOnce) - Minimization success! status=0
AsymptoticLimits.cc[552] : (in function: findExpectedLimitFromCrossing) - At r = 774.000000:	delta(nll) = 0.98111

CascadeMinimizer.cc[188] : (in function: improveOnce) - Minimization configured with Type=Minuit2, Algo=Migrad, strategy=0, tolerance=0.1
CascadeMinimizer.cc[215] : (in function: improveOnce) - Minimization finished with status=0
CascadeMinimizer.cc[219] : (in function: improveOnce) - Minimization success! status=0
AsymptoticLimits.cc[552] : (in function: findExpectedLimitFromCrossing) - At r = 775.000000:	delta(nll) = 0.98175

CascadeMinimizer.cc[188] : (in function: improveOnce) - Minimization configured with Type=Minuit2, Algo=Migrad, strategy=0, tolerance=0.1
CascadeMinimizer.cc[215] : (in function: improveOnce) - Minimization finished with status=0
CascadeMinimizer.cc[219] : (in function: improveOnce) - Minimization success! status=0
AsymptoticLimits.cc[552] : (in function: findExpectedLimitFromCrossing) - At r = 776.000000:	delta(nll) = 0.98243

CascadeMinimizer.cc[188] : (in function: improveOnce) - Minimization configured with Type=Minuit2, Algo=Migrad, strategy=0, tolerance=0.1
CascadeMinimizer.cc[215] : (in function: improveOnce) - Minimization finished with status=0
CascadeMinimizer.cc[219] : (in function: improveOnce) - Minimization success! status=0
AsymptoticLimits.cc[552] : (in function: findExpectedLimitFromCrossing) - At r = 777.000000:	delta(nll) = 0.98313

CascadeMinimizer.cc[188] : (in function: improveOnce) - Minimization configured with Type=Minuit2, Algo=Migrad, strategy=0, tolerance=0.1
CascadeMinimizer.cc[215] : (in function: improveOnce) - Minimization finished with status=0
CascadeMinimizer.cc[219] : (in function: improveOnce) - Minimization success! status=0
AsymptoticLimits.cc[552] : (in function: findExpectedLimitFromCrossing) - At r = 778.000000:	delta(nll) = 0.98313

CascadeMinimizer.cc[188] : (in function: improveOnce) - Minimization configured with Type=Minuit2, Algo=Migrad, strategy=0, tolerance=0.1
CascadeMinimizer.cc[215] : (in function: improveOnce) - Minimization finished with status=0
CascadeMinimizer.cc[219] : (in function: improveOnce) - Minimization success! status=0
AsymptoticLimits.cc[552] : (in function: findExpectedLimitFromCrossing) - At r = 779.000000:	delta(nll) = 0.98372

CascadeMinimizer.cc[188] : (in function: improveOnce) - Minimization configured with Type=Minuit2, Algo=Migrad, strategy=0, tolerance=0.1
CascadeMinimizer.cc[215] : (in function: improveOnce) - Minimization finished with status=0
CascadeMinimizer.cc[219] : (in function: improveOnce) - Minimization success! status=0
AsymptoticLimits.cc[552] : (in function: findExpectedLimitFromCrossing) - At r = 780.000000:	delta(nll) = 0.98436

CascadeMinimizer.cc[188] : (in function: improveOnce) - Minimization configured with Type=Minuit2, Algo=Migrad, strategy=0, tolerance=0.1
CascadeMinimizer.cc[215] : (in function: improveOnce) - Minimization finished with status=0
CascadeMinimizer.cc[219] : (in function: improveOnce) - Minimization success! status=0
AsymptoticLimits.cc[552] : (in function: findExpectedLimitFromCrossing) - At r = 781.000000:	delta(nll) = 0.98505

CascadeMinimizer.cc[188] : (in function: improveOnce) - Minimization configured with Type=Minuit2, Algo=Migrad, strategy=0, tolerance=0.1
CascadeMinimizer.cc[215] : (in function: improveOnce) - Minimization finished with status=0
CascadeMinimizer.cc[219] : (in function: improveOnce) - Minimization success! status=0
AsymptoticLimits.cc[552] : (in function: findExpectedLimitFromCrossing) - At r = 782.000000:	delta(nll) = 0.98577

CascadeMinimizer.cc[188] : (in function: improveOnce) - Minimization configured with Type=Minuit2, Algo=Migrad, strategy=0, tolerance=0.1
CascadeMinimizer.cc[215] : (in function: improveOnce) - Minimization finished with status=0
CascadeMinimizer.cc[219] : (in function: improveOnce) - Minimization success! status=0
AsymptoticLimits.cc[552] : (in function: findExpectedLimitFromCrossing) - At r = 783.000000:	delta(nll) = 0.98651

CascadeMinimizer.cc[188] : (in function: improveOnce) - Minimization configured with Type=Minuit2, Algo=Migrad, strategy=0, tolerance=0.1
CascadeMinimizer.cc[215] : (in function: improveOnce) - Minimization finished with status=0
CascadeMinimizer.cc[219] : (in function: improveOnce) - Minimization success! status=0
AsymptoticLimits.cc[552] : (in function: findExpectedLimitFromCrossing) - At r = 784.000000:	delta(nll) = 0.98728

CascadeMinimizer.cc[188] : (in function: improveOnce) - Minimization configured with Type=Minuit2, Algo=Migrad, strategy=0, tolerance=0.1
CascadeMinimizer.cc[215] : (in function: improveOnce) - Minimization finished with status=0
CascadeMinimizer.cc[219] : (in function: improveOnce) - Minimization success! status=0
AsymptoticLimits.cc[552] : (in function: findExpectedLimitFromCrossing) - At r = 785.000000:	delta(nll) = 0.98733

CascadeMinimizer.cc[188] : (in function: improveOnce) - Minimization configured with Type=Minuit2, Algo=Migrad, strategy=0, tolerance=0.1
CascadeMinimizer.cc[215] : (in function: improveOnce) - Minimization finished with status=0
CascadeMinimizer.cc[219] : (in function: improveOnce) - Minimization success! status=0
AsymptoticLimits.cc[552] : (in function: findExpectedLimitFromCrossing) - At r = 786.000000:	delta(nll) = 0.98797

CascadeMinimizer.cc[188] : (in function: improveOnce) - Minimization configured with Type=Minuit2, Algo=Migrad, strategy=0, tolerance=0.1
CascadeMinimizer.cc[215] : (in function: improveOnce) - Minimization finished with status=0
CascadeMinimizer.cc[219] : (in function: improveOnce) - Minimization success! status=0
AsymptoticLimits.cc[552] : (in function: findExpectedLimitFromCrossing) - At r = 787.000000:	delta(nll) = 0.98867

CascadeMinimizer.cc[188] : (in function: improveOnce) - Minimization configured with Type=Minuit2, Algo=Migrad, strategy=0, tolerance=0.1
CascadeMinimizer.cc[215] : (in function: improveOnce) - Minimization finished with status=0
CascadeMinimizer.cc[219] : (in function: improveOnce) - Minimization success! status=0
AsymptoticLimits.cc[552] : (in function: findExpectedLimitFromCrossing) - At r = 788.000000:	delta(nll) = 0.98941

CascadeMinimizer.cc[188] : (in function: improveOnce) - Minimization configured with Type=Minuit2, Algo=Migrad, strategy=0, tolerance=0.1
CascadeMinimizer.cc[215] : (in function: improveOnce) - Minimization finished with status=0
CascadeMinimizer.cc[219] : (in function: improveOnce) - Minimization success! status=0
AsymptoticLimits.cc[552] : (in function: findExpectedLimitFromCrossing) - At r = 789.000000:	delta(nll) = 0.99017

CascadeMinimizer.cc[188] : (in function: improveOnce) - Minimization configured with Type=Minuit2, Algo=Migrad, strategy=0, tolerance=0.1
CascadeMinimizer.cc[215] : (in function: improveOnce) - Minimization finished with status=0
CascadeMinimizer.cc[219] : (in function: improveOnce) - Minimization success! status=0
AsymptoticLimits.cc[552] : (in function: findExpectedLimitFromCrossing) - At r = 790.000000:	delta(nll) = 0.99098

CascadeMinimizer.cc[188] : (in function: improveOnce) - Minimization configured with Type=Minuit2, Algo=Migrad, strategy=0, tolerance=0.1
CascadeMinimizer.cc[215] : (in function: improveOnce) - Minimization finished with status=0
CascadeMinimizer.cc[219] : (in function: improveOnce) - Minimization success! status=0
AsymptoticLimits.cc[552] : (in function: findExpectedLimitFromCrossing) - At r = 791.000000:	delta(nll) = 0.99180

CascadeMinimizer.cc[188] : (in function: improveOnce) - Minimization configured with Type=Minuit2, Algo=Migrad, strategy=0, tolerance=0.1
CascadeMinimizer.cc[215] : (in function: improveOnce) - Minimization finished with status=0
CascadeMinimizer.cc[219] : (in function: improveOnce) - Minimization success! status=0
AsymptoticLimits.cc[552] : (in function: findExpectedLimitFromCrossing) - At r = 792.000000:	delta(nll) = 0.99197

CascadeMinimizer.cc[188] : (in function: improveOnce) - Minimization configured with Type=Minuit2, Algo=Migrad, strategy=0, tolerance=0.1
CascadeMinimizer.cc[215] : (in function: improveOnce) - Minimization finished with status=0
CascadeMinimizer.cc[219] : (in function: improveOnce) - Minimization success! status=0
AsymptoticLimits.cc[552] : (in function: findExpectedLimitFromCrossing) - At r = 793.000000:	delta(nll) = 0.99268

CascadeMinimizer.cc[188] : (in function: improveOnce) - Minimization configured with Type=Minuit2, Algo=Migrad, strategy=0, tolerance=0.1
CascadeMinimizer.cc[215] : (in function: improveOnce) - Minimization finished with status=0
CascadeMinimizer.cc[219] : (in function: improveOnce) - Minimization success! status=0
AsymptoticLimits.cc[552] : (in function: findExpectedLimitFromCrossing) - At r = 794.000000:	delta(nll) = 0.99345

CascadeMinimizer.cc[188] : (in function: improveOnce) - Minimization configured with Type=Minuit2, Algo=Migrad, strategy=0, tolerance=0.1
CascadeMinimizer.cc[215] : (in function: improveOnce) - Minimization finished with status=0
CascadeMinimizer.cc[219] : (in function: improveOnce) - Minimization success! status=0
AsymptoticLimits.cc[552] : (in function: findExpectedLimitFromCrossing) - At r = 795.000000:	delta(nll) = 0.99426

CascadeMinimizer.cc[188] : (in function: improveOnce) - Minimization configured with Type=Minuit2, Algo=Migrad, strategy=0, tolerance=0.1
CascadeMinimizer.cc[215] : (in function: improveOnce) - Minimization finished with status=0
CascadeMinimizer.cc[219] : (in function: improveOnce) - Minimization success! status=0
AsymptoticLimits.cc[552] : (in function: findExpectedLimitFromCrossing) - At r = 796.000000:	delta(nll) = 0.99510

CascadeMinimizer.cc[188] : (in function: improveOnce) - Minimization configured with Type=Minuit2, Algo=Migrad, strategy=0, tolerance=0.1
CascadeMinimizer.cc[215] : (in function: improveOnce) - Minimization finished with status=0
CascadeMinimizer.cc[219] : (in function: improveOnce) - Minimization success! status=0
AsymptoticLimits.cc[552] : (in function: findExpectedLimitFromCrossing) - At r = 797.000000:	delta(nll) = 0.99596

CascadeMinimizer.cc[188] : (in function: improveOnce) - Minimization configured with Type=Minuit2, Algo=Migrad, strategy=0, tolerance=0.1
CascadeMinimizer.cc[215] : (in function: improveOnce) - Minimization finished with status=0
CascadeMinimizer.cc[219] : (in function: improveOnce) - Minimization success! status=0
AsymptoticLimits.cc[552] : (in function: findExpectedLimitFromCrossing) - At r = 798.000000:	delta(nll) = 0.99684

CascadeMinimizer.cc[188] : (in function: improveOnce) - Minimization configured with Type=Minuit2, Algo=Migrad, strategy=0, tolerance=0.1
CascadeMinimizer.cc[215] : (in function: improveOnce) - Minimization finished with status=0
CascadeMinimizer.cc[219] : (in function: improveOnce) - Minimization success! status=0
AsymptoticLimits.cc[552] : (in function: findExpectedLimitFromCrossing) - At r = 799.000000:	delta(nll) = 0.99706

CascadeMinimizer.cc[188] : (in function: improveOnce) - Minimization configured with Type=Minuit2, Algo=Migrad, strategy=0, tolerance=0.1
CascadeMinimizer.cc[215] : (in function: improveOnce) - Minimization finished with status=0
CascadeMinimizer.cc[219] : (in function: improveOnce) - Minimization success! status=0
AsymptoticLimits.cc[552] : (in function: findExpectedLimitFromCrossing) - At r = 800.000000:	delta(nll) = 0.99783

CascadeMinimizer.cc[188] : (in function: improveOnce) - Minimization configured with Type=Minuit2, Algo=Migrad, strategy=0, tolerance=0.1
CascadeMinimizer.cc[215] : (in function: improveOnce) - Minimization finished with status=0
CascadeMinimizer.cc[219] : (in function: improveOnce) - Minimization success! status=0
AsymptoticLimits.cc[552] : (in function: findExpectedLimitFromCrossing) - At r = 801.000000:	delta(nll) = 0.99865

CascadeMinimizer.cc[188] : (in function: improveOnce) - Minimization configured with Type=Minuit2, Algo=Migrad, strategy=0, tolerance=0.1
CascadeMinimizer.cc[215] : (in function: improveOnce) - Minimization finished with status=0
CascadeMinimizer.cc[219] : (in function: improveOnce) - Minimization success! status=0
AsymptoticLimits.cc[552] : (in function: findExpectedLimitFromCrossing) - At r = 802.000000:	delta(nll) = 0.99952

CascadeMinimizer.cc[188] : (in function: improveOnce) - Minimization configured with Type=Minuit2, Algo=Migrad, strategy=0, tolerance=0.1
CascadeMinimizer.cc[215] : (in function: improveOnce) - Minimization finished with status=0
CascadeMinimizer.cc[219] : (in function: improveOnce) - Minimization success! status=0
AsymptoticLimits.cc[552] : (in function: findExpectedLimitFromCrossing) - At r = 803.000000:	delta(nll) = 1.00042

CascadeMinimizer.cc[188] : (in function: improveOnce) - Minimization configured with Type=Minuit2, Algo=Migrad, strategy=0, tolerance=0.1
CascadeMinimizer.cc[215] : (in function: improveOnce) - Minimization finished with status=0
CascadeMinimizer.cc[219] : (in function: improveOnce) - Minimization success! status=0
AsymptoticLimits.cc[552] : (in function: findExpectedLimitFromCrossing) - At r = 804.000000:	delta(nll) = 1.00134

CascadeMinimizer.cc[188] : (in function: improveOnce) - Minimization configured with Type=Minuit2, Algo=Migrad, strategy=0, tolerance=0.1
CascadeMinimizer.cc[215] : (in function: improveOnce) - Minimization finished with status=0
CascadeMinimizer.cc[219] : (in function: improveOnce) - Minimization success! status=0
AsymptoticLimits.cc[552] : (in function: findExpectedLimitFromCrossing) - At r = 805.000000:	delta(nll) = 1.00230

CascadeMinimizer.cc[188] : (in function: improveOnce) - Minimization configured with Type=Minuit2, Algo=Migrad, strategy=0, tolerance=0.1
CascadeMinimizer.cc[215] : (in function: improveOnce) - Minimization finished with status=0
CascadeMinimizer.cc[219] : (in function: improveOnce) - Minimization success! status=0
AsymptoticLimits.cc[552] : (in function: findExpectedLimitFromCrossing) - At r = 806.000000:	delta(nll) = 1.00258

CascadeMinimizer.cc[188] : (in function: improveOnce) - Minimization configured with Type=Minuit2, Algo=Migrad, strategy=0, tolerance=0.1
CascadeMinimizer.cc[215] : (in function: improveOnce) - Minimization finished with status=0
CascadeMinimizer.cc[219] : (in function: improveOnce) - Minimization success! status=0
AsymptoticLimits.cc[552] : (in function: findExpectedLimitFromCrossing) - At r = 807.000000:	delta(nll) = 1.00342

CascadeMinimizer.cc[188] : (in function: improveOnce) - Minimization configured with Type=Minuit2, Algo=Migrad, strategy=0, tolerance=0.1
CascadeMinimizer.cc[215] : (in function: improveOnce) - Minimization finished with status=0
CascadeMinimizer.cc[219] : (in function: improveOnce) - Minimization success! status=0
AsymptoticLimits.cc[552] : (in function: findExpectedLimitFromCrossing) - At r = 808.000000:	delta(nll) = 1.00431

CascadeMinimizer.cc[188] : (in function: improveOnce) - Minimization configured with Type=Minuit2, Algo=Migrad, strategy=0, tolerance=0.1
CascadeMinimizer.cc[215] : (in function: improveOnce) - Minimization finished with status=0
CascadeMinimizer.cc[219] : (in function: improveOnce) - Minimization success! status=0
AsymptoticLimits.cc[552] : (in function: findExpectedLimitFromCrossing) - At r = 809.000000:	delta(nll) = 1.00524

CascadeMinimizer.cc[188] : (in function: improveOnce) - Minimization configured with Type=Minuit2, Algo=Migrad, strategy=0, tolerance=0.1
CascadeMinimizer.cc[215] : (in function: improveOnce) - Minimization finished with status=0
CascadeMinimizer.cc[219] : (in function: improveOnce) - Minimization success! status=0
AsymptoticLimits.cc[552] : (in function: findExpectedLimitFromCrossing) - At r = 810.000000:	delta(nll) = 1.00620

CascadeMinimizer.cc[188] : (in function: improveOnce) - Minimization configured with Type=Minuit2, Algo=Migrad, strategy=0, tolerance=0.1
CascadeMinimizer.cc[215] : (in function: improveOnce) - Minimization finished with status=0
CascadeMinimizer.cc[219] : (in function: improveOnce) - Minimization success! status=0
AsymptoticLimits.cc[552] : (in function: findExpectedLimitFromCrossing) - At r = 811.000000:	delta(nll) = 1.00718

CascadeMinimizer.cc[188] : (in function: improveOnce) - Minimization configured with Type=Minuit2, Algo=Migrad, strategy=0, tolerance=0.1
CascadeMinimizer.cc[215] : (in function: improveOnce) - Minimization finished with status=0
CascadeMinimizer.cc[219] : (in function: improveOnce) - Minimization success! status=0
AsymptoticLimits.cc[552] : (in function: findExpectedLimitFromCrossing) - At r = 812.000000:	delta(nll) = 1.00819

CascadeMinimizer.cc[188] : (in function: improveOnce) - Minimization configured with Type=Minuit2, Algo=Migrad, strategy=0, tolerance=0.1
CascadeMinimizer.cc[215] : (in function: improveOnce) - Minimization finished with status=0
CascadeMinimizer.cc[219] : (in function: improveOnce) - Minimization success! status=0
AsymptoticLimits.cc[552] : (in function: findExpectedLimitFromCrossing) - At r = 813.000000:	delta(nll) = 1.00920

CascadeMinimizer.cc[188] : (in function: improveOnce) - Minimization configured with Type=Minuit2, Algo=Migrad, strategy=0, tolerance=0.1
CascadeMinimizer.cc[215] : (in function: improveOnce) - Minimization finished with status=0
CascadeMinimizer.cc[219] : (in function: improveOnce) - Minimization success! status=0
AsymptoticLimits.cc[552] : (in function: findExpectedLimitFromCrossing) - At r = 814.000000:	delta(nll) = 1.00943

CascadeMinimizer.cc[188] : (in function: improveOnce) - Minimization configured with Type=Minuit2, Algo=Migrad, strategy=0, tolerance=0.1
CascadeMinimizer.cc[215] : (in function: improveOnce) - Minimization finished with status=0
CascadeMinimizer.cc[219] : (in function: improveOnce) - Minimization success! status=0
AsymptoticLimits.cc[552] : (in function: findExpectedLimitFromCrossing) - At r = 815.000000:	delta(nll) = 1.01033

CascadeMinimizer.cc[188] : (in function: improveOnce) - Minimization configured with Type=Minuit2, Algo=Migrad, strategy=0, tolerance=0.1
CascadeMinimizer.cc[215] : (in function: improveOnce) - Minimization finished with status=0
CascadeMinimizer.cc[219] : (in function: improveOnce) - Minimization success! status=0
AsymptoticLimits.cc[552] : (in function: findExpectedLimitFromCrossing) - At r = 816.000000:	delta(nll) = 1.01129

CascadeMinimizer.cc[188] : (in function: improveOnce) - Minimization configured with Type=Minuit2, Algo=Migrad, strategy=0, tolerance=0.1
CascadeMinimizer.cc[215] : (in function: improveOnce) - Minimization finished with status=0
CascadeMinimizer.cc[219] : (in function: improveOnce) - Minimization success! status=0
AsymptoticLimits.cc[552] : (in function: findExpectedLimitFromCrossing) - At r = 817.000000:	delta(nll) = 1.01228

CascadeMinimizer.cc[188] : (in function: improveOnce) - Minimization configured with Type=Minuit2, Algo=Migrad, strategy=0, tolerance=0.1
CascadeMinimizer.cc[215] : (in function: improveOnce) - Minimization finished with status=0
CascadeMinimizer.cc[219] : (in function: improveOnce) - Minimization success! status=0
AsymptoticLimits.cc[552] : (in function: findExpectedLimitFromCrossing) - At r = 818.000000:	delta(nll) = 1.01331

CascadeMinimizer.cc[188] : (in function: improveOnce) - Minimization configured with Type=Minuit2, Algo=Migrad, strategy=0, tolerance=0.1
CascadeMinimizer.cc[215] : (in function: improveOnce) - Minimization finished with status=0
CascadeMinimizer.cc[219] : (in function: improveOnce) - Minimization success! status=0
AsymptoticLimits.cc[552] : (in function: findExpectedLimitFromCrossing) - At r = 819.000000:	delta(nll) = 1.01435

CascadeMinimizer.cc[188] : (in function: improveOnce) - Minimization configured with Type=Minuit2, Algo=Migrad, strategy=0, tolerance=0.1
CascadeMinimizer.cc[215] : (in function: improveOnce) - Minimization finished with status=0
CascadeMinimizer.cc[219] : (in function: improveOnce) - Minimization success! status=0
AsymptoticLimits.cc[552] : (in function: findExpectedLimitFromCrossing) - At r = 820.000000:	delta(nll) = 1.01544

CascadeMinimizer.cc[188] : (in function: improveOnce) - Minimization configured with Type=Minuit2, Algo=Migrad, strategy=0, tolerance=0.1
CascadeMinimizer.cc[215] : (in function: improveOnce) - Minimization finished with status=0
CascadeMinimizer.cc[219] : (in function: improveOnce) - Minimization success! status=0
AsymptoticLimits.cc[552] : (in function: findExpectedLimitFromCrossing) - At r = 821.000000:	delta(nll) = 1.01652

CascadeMinimizer.cc[188] : (in function: improveOnce) - Minimization configured with Type=Minuit2, Algo=Migrad, strategy=0, tolerance=0.1
CascadeMinimizer.cc[215] : (in function: improveOnce) - Minimization finished with status=0
CascadeMinimizer.cc[219] : (in function: improveOnce) - Minimization success! status=0
AsymptoticLimits.cc[552] : (in function: findExpectedLimitFromCrossing) - At r = 822.000000:	delta(nll) = 1.01683

CascadeMinimizer.cc[188] : (in function: improveOnce) - Minimization configured with Type=Minuit2, Algo=Migrad, strategy=0, tolerance=0.1
CascadeMinimizer.cc[215] : (in function: improveOnce) - Minimization finished with status=0
CascadeMinimizer.cc[219] : (in function: improveOnce) - Minimization success! status=0
AsymptoticLimits.cc[552] : (in function: findExpectedLimitFromCrossing) - At r = 823.000000:	delta(nll) = 1.01780

CascadeMinimizer.cc[188] : (in function: improveOnce) - Minimization configured with Type=Minuit2, Algo=Migrad, strategy=0, tolerance=0.1
CascadeMinimizer.cc[215] : (in function: improveOnce) - Minimization finished with status=0
CascadeMinimizer.cc[219] : (in function: improveOnce) - Minimization success! status=0
AsymptoticLimits.cc[552] : (in function: findExpectedLimitFromCrossing) - At r = 824.000000:	delta(nll) = 1.01882

CascadeMinimizer.cc[188] : (in function: improveOnce) - Minimization configured with Type=Minuit2, Algo=Migrad, strategy=0, tolerance=0.1
CascadeMinimizer.cc[215] : (in function: improveOnce) - Minimization finished with status=0
CascadeMinimizer.cc[219] : (in function: improveOnce) - Minimization success! status=0
AsymptoticLimits.cc[552] : (in function: findExpectedLimitFromCrossing) - At r = 825.000000:	delta(nll) = 1.01988

CascadeMinimizer.cc[188] : (in function: improveOnce) - Minimization configured with Type=Minuit2, Algo=Migrad, strategy=0, tolerance=0.1
CascadeMinimizer.cc[215] : (in function: improveOnce) - Minimization finished with status=0
CascadeMinimizer.cc[219] : (in function: improveOnce) - Minimization success! status=0
AsymptoticLimits.cc[552] : (in function: findExpectedLimitFromCrossing) - At r = 826.000000:	delta(nll) = 0.43552

CascadeMinimizer.cc[188] : (in function: improveOnce) - Minimization configured with Type=Minuit2, Algo=Migrad, strategy=0, tolerance=0.1
CascadeMinimizer.cc[215] : (in function: improveOnce) - Minimization finished with status=0
CascadeMinimizer.cc[219] : (in function: improveOnce) - Minimization success! status=0
AsymptoticLimits.cc[552] : (in function: findExpectedLimitFromCrossing) - At r = 827.000000:	delta(nll) = 0.43070

CascadeMinimizer.cc[188] : (in function: improveOnce) - Minimization configured with Type=Minuit2, Algo=Migrad, strategy=0, tolerance=0.1
CascadeMinimizer.cc[215] : (in function: improveOnce) - Minimization finished with status=0
CascadeMinimizer.cc[219] : (in function: improveOnce) - Minimization success! status=0
AsymptoticLimits.cc[552] : (in function: findExpectedLimitFromCrossing) - At r = 828.000000:	delta(nll) = 0.42595

CascadeMinimizer.cc[188] : (in function: improveOnce) - Minimization configured with Type=Minuit2, Algo=Migrad, strategy=0, tolerance=0.1
CascadeMinimizer.cc[215] : (in function: improveOnce) - Minimization finished with status=0
CascadeMinimizer.cc[219] : (in function: improveOnce) - Minimization success! status=0
AsymptoticLimits.cc[552] : (in function: findExpectedLimitFromCrossing) - At r = 829.000000:	delta(nll) = 0.42126

CascadeMinimizer.cc[188] : (in function: improveOnce) - Minimization configured with Type=Minuit2, Algo=Migrad, strategy=0, tolerance=0.1
CascadeMinimizer.cc[215] : (in function: improveOnce) - Minimization finished with status=0
CascadeMinimizer.cc[219] : (in function: improveOnce) - Minimization success! status=0
AsymptoticLimits.cc[552] : (in function: findExpectedLimitFromCrossing) - At r = 830.000000:	delta(nll) = 0.41661

CascadeMinimizer.cc[188] : (in function: improveOnce) - Minimization configured with Type=Minuit2, Algo=Migrad, strategy=0, tolerance=0.1
CascadeMinimizer.cc[215] : (in function: improveOnce) - Minimization finished with status=0
CascadeMinimizer.cc[219] : (in function: improveOnce) - Minimization success! status=0
AsymptoticLimits.cc[552] : (in function: findExpectedLimitFromCrossing) - At r = 831.000000:	delta(nll) = 0.41201

CascadeMinimizer.cc[188] : (in function: improveOnce) - Minimization configured with Type=Minuit2, Algo=Migrad, strategy=0, tolerance=0.1
CascadeMinimizer.cc[215] : (in function: improveOnce) - Minimization finished with status=0
CascadeMinimizer.cc[219] : (in function: improveOnce) - Minimization success! status=0
AsymptoticLimits.cc[552] : (in function: findExpectedLimitFromCrossing) - At r = 832.000000:	delta(nll) = 0.40745

CascadeMinimizer.cc[188] : (in function: improveOnce) - Minimization configured with Type=Minuit2, Algo=Migrad, strategy=0, tolerance=0.1
CascadeMinimizer.cc[215] : (in function: improveOnce) - Minimization finished with status=0
CascadeMinimizer.cc[219] : (in function: improveOnce) - Minimization success! status=0
AsymptoticLimits.cc[552] : (in function: findExpectedLimitFromCrossing) - At r = 833.000000:	delta(nll) = 0.40293

CascadeMinimizer.cc[188] : (in function: improveOnce) - Minimization configured with Type=Minuit2, Algo=Migrad, strategy=0, tolerance=0.1
CascadeMinimizer.cc[215] : (in function: improveOnce) - Minimization finished with status=0
CascadeMinimizer.cc[219] : (in function: improveOnce) - Minimization success! status=0
AsymptoticLimits.cc[552] : (in function: findExpectedLimitFromCrossing) - At r = 834.000000:	delta(nll) = 0.39845

CascadeMinimizer.cc[188] : (in function: improveOnce) - Minimization configured with Type=Minuit2, Algo=Migrad, strategy=0, tolerance=0.1
CascadeMinimizer.cc[215] : (in function: improveOnce) - Minimization finished with status=0
CascadeMinimizer.cc[219] : (in function: improveOnce) - Minimization success! status=0
AsymptoticLimits.cc[552] : (in function: findExpectedLimitFromCrossing) - At r = 835.000000:	delta(nll) = 0.39325

CascadeMinimizer.cc[188] : (in function: improveOnce) - Minimization configured with Type=Minuit2, Algo=Migrad, strategy=0, tolerance=0.1
CascadeMinimizer.cc[215] : (in function: improveOnce) - Minimization finished with status=0
CascadeMinimizer.cc[219] : (in function: improveOnce) - Minimization success! status=0
AsymptoticLimits.cc[552] : (in function: findExpectedLimitFromCrossing) - At r = 836.000000:	delta(nll) = 0.38872

CascadeMinimizer.cc[188] : (in function: improveOnce) - Minimization configured with Type=Minuit2, Algo=Migrad, strategy=0, tolerance=0.1
CascadeMinimizer.cc[215] : (in function: improveOnce) - Minimization finished with status=0
CascadeMinimizer.cc[219] : (in function: improveOnce) - Minimization success! status=0
AsymptoticLimits.cc[552] : (in function: findExpectedLimitFromCrossing) - At r = 837.000000:	delta(nll) = 0.38425

CascadeMinimizer.cc[188] : (in function: improveOnce) - Minimization configured with Type=Minuit2, Algo=Migrad, strategy=0, tolerance=0.1
CascadeMinimizer.cc[215] : (in function: improveOnce) - Minimization finished with status=0
CascadeMinimizer.cc[219] : (in function: improveOnce) - Minimization success! status=0
AsymptoticLimits.cc[552] : (in function: findExpectedLimitFromCrossing) - At r = 838.000000:	delta(nll) = 0.37985

CascadeMinimizer.cc[188] : (in function: improveOnce) - Minimization configured with Type=Minuit2, Algo=Migrad, strategy=0, tolerance=0.1
CascadeMinimizer.cc[215] : (in function: improveOnce) - Minimization finished with status=0
CascadeMinimizer.cc[219] : (in function: improveOnce) - Minimization success! status=0
AsymptoticLimits.cc[552] : (in function: findExpectedLimitFromCrossing) - At r = 839.000000:	delta(nll) = 0.37548

CascadeMinimizer.cc[188] : (in function: improveOnce) - Minimization configured with Type=Minuit2, Algo=Migrad, strategy=0, tolerance=0.1
CascadeMinimizer.cc[215] : (in function: improveOnce) - Minimization finished with status=0
CascadeMinimizer.cc[219] : (in function: improveOnce) - Minimization success! status=0
AsymptoticLimits.cc[552] : (in function: findExpectedLimitFromCrossing) - At r = 840.000000:	delta(nll) = 0.37117

CascadeMinimizer.cc[188] : (in function: improveOnce) - Minimization configured with Type=Minuit2, Algo=Migrad, strategy=0, tolerance=0.1
CascadeMinimizer.cc[215] : (in function: improveOnce) - Minimization finished with status=0
CascadeMinimizer.cc[219] : (in function: improveOnce) - Minimization success! status=0
AsymptoticLimits.cc[552] : (in function: findExpectedLimitFromCrossing) - At r = 841.000000:	delta(nll) = 0.36689

CascadeMinimizer.cc[188] : (in function: improveOnce) - Minimization configured with Type=Minuit2, Algo=Migrad, strategy=0, tolerance=0.1
CascadeMinimizer.cc[215] : (in function: improveOnce) - Minimization finished with status=0
CascadeMinimizer.cc[219] : (in function: improveOnce) - Minimization success! status=0
AsymptoticLimits.cc[552] : (in function: findExpectedLimitFromCrossing) - At r = 842.000000:	delta(nll) = 0.36264

CascadeMinimizer.cc[188] : (in function: improveOnce) - Minimization configured with Type=Minuit2, Algo=Migrad, strategy=0, tolerance=0.1
CascadeMinimizer.cc[215] : (in function: improveOnce) - Minimization finished with status=0
CascadeMinimizer.cc[219] : (in function: improveOnce) - Minimization success! status=0
AsymptoticLimits.cc[552] : (in function: findExpectedLimitFromCrossing) - At r = 843.000000:	delta(nll) = 0.35842

CascadeMinimizer.cc[188] : (in function: improveOnce) - Minimization configured with Type=Minuit2, Algo=Migrad, strategy=0, tolerance=0.1
CascadeMinimizer.cc[215] : (in function: improveOnce) - Minimization finished with status=0
CascadeMinimizer.cc[219] : (in function: improveOnce) - Minimization success! status=0
AsymptoticLimits.cc[552] : (in function: findExpectedLimitFromCrossing) - At r = 844.000000:	delta(nll) = 0.35349

CascadeMinimizer.cc[188] : (in function: improveOnce) - Minimization configured with Type=Minuit2, Algo=Migrad, strategy=0, tolerance=0.1
CascadeMinimizer.cc[215] : (in function: improveOnce) - Minimization finished with status=0
CascadeMinimizer.cc[219] : (in function: improveOnce) - Minimization success! status=0
AsymptoticLimits.cc[552] : (in function: findExpectedLimitFromCrossing) - At r = 845.000000:	delta(nll) = 0.34923

CascadeMinimizer.cc[188] : (in function: improveOnce) - Minimization configured with Type=Minuit2, Algo=Migrad, strategy=0, tolerance=0.1
CascadeMinimizer.cc[215] : (in function: improveOnce) - Minimization finished with status=0
CascadeMinimizer.cc[219] : (in function: improveOnce) - Minimization success! status=0
AsymptoticLimits.cc[552] : (in function: findExpectedLimitFromCrossing) - At r = 846.000000:	delta(nll) = 0.34503

CascadeMinimizer.cc[188] : (in function: improveOnce) - Minimization configured with Type=Minuit2, Algo=Migrad, strategy=0, tolerance=0.1
CascadeMinimizer.cc[215] : (in function: improveOnce) - Minimization finished with status=0
CascadeMinimizer.cc[219] : (in function: improveOnce) - Minimization success! status=0
AsymptoticLimits.cc[552] : (in function: findExpectedLimitFromCrossing) - At r = 847.000000:	delta(nll) = 0.34088

CascadeMinimizer.cc[188] : (in function: improveOnce) - Minimization configured with Type=Minuit2, Algo=Migrad, strategy=0, tolerance=0.1
CascadeMinimizer.cc[215] : (in function: improveOnce) - Minimization finished with status=0
CascadeMinimizer.cc[219] : (in function: improveOnce) - Minimization success! status=0
AsymptoticLimits.cc[552] : (in function: findExpectedLimitFromCrossing) - At r = 848.000000:	delta(nll) = 0.33679

CascadeMinimizer.cc[188] : (in function: improveOnce) - Minimization configured with Type=Minuit2, Algo=Migrad, strategy=0, tolerance=0.1
CascadeMinimizer.cc[215] : (in function: improveOnce) - Minimization finished with status=0
CascadeMinimizer.cc[219] : (in function: improveOnce) - Minimization success! status=0
AsymptoticLimits.cc[552] : (in function: findExpectedLimitFromCrossing) - At r = 849.000000:	delta(nll) = 0.33274

CascadeMinimizer.cc[188] : (in function: improveOnce) - Minimization configured with Type=Minuit2, Algo=Migrad, strategy=0, tolerance=0.1
CascadeMinimizer.cc[215] : (in function: improveOnce) - Minimization finished with status=0
CascadeMinimizer.cc[219] : (in function: improveOnce) - Minimization success! status=0
AsymptoticLimits.cc[552] : (in function: findExpectedLimitFromCrossing) - At r = 850.000000:	delta(nll) = 0.32873

CascadeMinimizer.cc[188] : (in function: improveOnce) - Minimization configured with Type=Minuit2, Algo=Migrad, strategy=0, tolerance=0.1
CascadeMinimizer.cc[215] : (in function: improveOnce) - Minimization finished with status=0
CascadeMinimizer.cc[219] : (in function: improveOnce) - Minimization success! status=0
AsymptoticLimits.cc[552] : (in function: findExpectedLimitFromCrossing) - At r = 851.000000:	delta(nll) = 0.32475

CascadeMinimizer.cc[188] : (in function: improveOnce) - Minimization configured with Type=Minuit2, Algo=Migrad, strategy=0, tolerance=0.1
CascadeMinimizer.cc[215] : (in function: improveOnce) - Minimization finished with status=0
CascadeMinimizer.cc[219] : (in function: improveOnce) - Minimization success! status=0
AsymptoticLimits.cc[552] : (in function: findExpectedLimitFromCrossing) - At r = 852.000000:	delta(nll) = 0.32081

CascadeMinimizer.cc[188] : (in function: improveOnce) - Minimization configured with Type=Minuit2, Algo=Migrad, strategy=0, tolerance=0.1
CascadeMinimizer.cc[215] : (in function: improveOnce) - Minimization finished with status=0
CascadeMinimizer.cc[219] : (in function: improveOnce) - Minimization success! status=0
AsymptoticLimits.cc[552] : (in function: findExpectedLimitFromCrossing) - At r = 853.000000:	delta(nll) = 0.31616

CascadeMinimizer.cc[188] : (in function: improveOnce) - Minimization configured with Type=Minuit2, Algo=Migrad, strategy=0, tolerance=0.1
CascadeMinimizer.cc[215] : (in function: improveOnce) - Minimization finished with status=0
CascadeMinimizer.cc[219] : (in function: improveOnce) - Minimization success! status=0
AsymptoticLimits.cc[552] : (in function: findExpectedLimitFromCrossing) - At r = 854.000000:	delta(nll) = 0.31216

CascadeMinimizer.cc[188] : (in function: improveOnce) - Minimization configured with Type=Minuit2, Algo=Migrad, strategy=0, tolerance=0.1
CascadeMinimizer.cc[215] : (in function: improveOnce) - Minimization finished with status=0
CascadeMinimizer.cc[219] : (in function: improveOnce) - Minimization success! status=0
AsymptoticLimits.cc[552] : (in function: findExpectedLimitFromCrossing) - At r = 855.000000:	delta(nll) = 0.30823

CascadeMinimizer.cc[188] : (in function: improveOnce) - Minimization configured with Type=Minuit2, Algo=Migrad, strategy=0, tolerance=0.1
CascadeMinimizer.cc[215] : (in function: improveOnce) - Minimization finished with status=0
CascadeMinimizer.cc[219] : (in function: improveOnce) - Minimization success! status=0
AsymptoticLimits.cc[552] : (in function: findExpectedLimitFromCrossing) - At r = 856.000000:	delta(nll) = 0.30435

CascadeMinimizer.cc[188] : (in function: improveOnce) - Minimization configured with Type=Minuit2, Algo=Migrad, strategy=0, tolerance=0.1
CascadeMinimizer.cc[215] : (in function: improveOnce) - Minimization finished with status=0
CascadeMinimizer.cc[219] : (in function: improveOnce) - Minimization success! status=0
AsymptoticLimits.cc[552] : (in function: findExpectedLimitFromCrossing) - At r = 857.000000:	delta(nll) = 0.30052

CascadeMinimizer.cc[188] : (in function: improveOnce) - Minimization configured with Type=Minuit2, Algo=Migrad, strategy=0, tolerance=0.1
CascadeMinimizer.cc[215] : (in function: improveOnce) - Minimization finished with status=0
CascadeMinimizer.cc[219] : (in function: improveOnce) - Minimization success! status=0
AsymptoticLimits.cc[552] : (in function: findExpectedLimitFromCrossing) - At r = 858.000000:	delta(nll) = 0.29672

CascadeMinimizer.cc[188] : (in function: improveOnce) - Minimization configured with Type=Minuit2, Algo=Migrad, strategy=0, tolerance=0.1
CascadeMinimizer.cc[215] : (in function: improveOnce) - Minimization finished with status=0
CascadeMinimizer.cc[219] : (in function: improveOnce) - Minimization success! status=0
AsymptoticLimits.cc[552] : (in function: findExpectedLimitFromCrossing) - At r = 859.000000:	delta(nll) = 0.29299

CascadeMinimizer.cc[188] : (in function: improveOnce) - Minimization configured with Type=Minuit2, Algo=Migrad, strategy=0, tolerance=0.1
CascadeMinimizer.cc[215] : (in function: improveOnce) - Minimization finished with status=0
CascadeMinimizer.cc[219] : (in function: improveOnce) - Minimization success! status=0
AsymptoticLimits.cc[552] : (in function: findExpectedLimitFromCrossing) - At r = 860.000000:	delta(nll) = 0.28928

CascadeMinimizer.cc[188] : (in function: improveOnce) - Minimization configured with Type=Minuit2, Algo=Migrad, strategy=0, tolerance=0.1
CascadeMinimizer.cc[215] : (in function: improveOnce) - Minimization finished with status=0
CascadeMinimizer.cc[219] : (in function: improveOnce) - Minimization success! status=0
AsymptoticLimits.cc[552] : (in function: findExpectedLimitFromCrossing) - At r = 861.000000:	delta(nll) = 0.28561

CascadeMinimizer.cc[188] : (in function: improveOnce) - Minimization configured with Type=Minuit2, Algo=Migrad, strategy=0, tolerance=0.1
CascadeMinimizer.cc[215] : (in function: improveOnce) - Minimization finished with status=0
CascadeMinimizer.cc[219] : (in function: improveOnce) - Minimization success! status=0
AsymptoticLimits.cc[552] : (in function: findExpectedLimitFromCrossing) - At r = 862.000000:	delta(nll) = 0.28120

CascadeMinimizer.cc[188] : (in function: improveOnce) - Minimization configured with Type=Minuit2, Algo=Migrad, strategy=0, tolerance=0.1
CascadeMinimizer.cc[215] : (in function: improveOnce) - Minimization finished with status=0
CascadeMinimizer.cc[219] : (in function: improveOnce) - Minimization success! status=0
AsymptoticLimits.cc[552] : (in function: findExpectedLimitFromCrossing) - At r = 863.000000:	delta(nll) = 0.27747

CascadeMinimizer.cc[188] : (in function: improveOnce) - Minimization configured with Type=Minuit2, Algo=Migrad, strategy=0, tolerance=0.1
CascadeMinimizer.cc[215] : (in function: improveOnce) - Minimization finished with status=0
CascadeMinimizer.cc[219] : (in function: improveOnce) - Minimization success! status=0
AsymptoticLimits.cc[552] : (in function: findExpectedLimitFromCrossing) - At r = 864.000000:	delta(nll) = 0.27380

CascadeMinimizer.cc[188] : (in function: improveOnce) - Minimization configured with Type=Minuit2, Algo=Migrad, strategy=0, tolerance=0.1
CascadeMinimizer.cc[215] : (in function: improveOnce) - Minimization finished with status=0
CascadeMinimizer.cc[219] : (in function: improveOnce) - Minimization success! status=0
AsymptoticLimits.cc[552] : (in function: findExpectedLimitFromCrossing) - At r = 865.000000:	delta(nll) = 0.27017

CascadeMinimizer.cc[188] : (in function: improveOnce) - Minimization configured with Type=Minuit2, Algo=Migrad, strategy=0, tolerance=0.1
CascadeMinimizer.cc[215] : (in function: improveOnce) - Minimization finished with status=0
CascadeMinimizer.cc[219] : (in function: improveOnce) - Minimization success! status=0
AsymptoticLimits.cc[552] : (in function: findExpectedLimitFromCrossing) - At r = 866.000000:	delta(nll) = 0.26660

CascadeMinimizer.cc[188] : (in function: improveOnce) - Minimization configured with Type=Minuit2, Algo=Migrad, strategy=0, tolerance=0.1
CascadeMinimizer.cc[215] : (in function: improveOnce) - Minimization finished with status=0
CascadeMinimizer.cc[219] : (in function: improveOnce) - Minimization success! status=0
AsymptoticLimits.cc[552] : (in function: findExpectedLimitFromCrossing) - At r = 867.000000:	delta(nll) = 0.26307

CascadeMinimizer.cc[188] : (in function: improveOnce) - Minimization configured with Type=Minuit2, Algo=Migrad, strategy=0, tolerance=0.1
CascadeMinimizer.cc[215] : (in function: improveOnce) - Minimization finished with status=0
CascadeMinimizer.cc[219] : (in function: improveOnce) - Minimization success! status=0
AsymptoticLimits.cc[552] : (in function: findExpectedLimitFromCrossing) - At r = 868.000000:	delta(nll) = 0.25958

CascadeMinimizer.cc[188] : (in function: improveOnce) - Minimization configured with Type=Minuit2, Algo=Migrad, strategy=0, tolerance=0.1
CascadeMinimizer.cc[215] : (in function: improveOnce) - Minimization finished with status=0
CascadeMinimizer.cc[219] : (in function: improveOnce) - Minimization success! status=0
AsymptoticLimits.cc[552] : (in function: findExpectedLimitFromCrossing) - At r = 869.000000:	delta(nll) = 0.25613

CascadeMinimizer.cc[188] : (in function: improveOnce) - Minimization configured with Type=Minuit2, Algo=Migrad, strategy=0, tolerance=0.1
CascadeMinimizer.cc[215] : (in function: improveOnce) - Minimization finished with status=0
CascadeMinimizer.cc[219] : (in function: improveOnce) - Minimization success! status=0
AsymptoticLimits.cc[552] : (in function: findExpectedLimitFromCrossing) - At r = 870.000000:	delta(nll) = 0.25272

CascadeMinimizer.cc[188] : (in function: improveOnce) - Minimization configured with Type=Minuit2, Algo=Migrad, strategy=0, tolerance=0.1
CascadeMinimizer.cc[215] : (in function: improveOnce) - Minimization finished with status=0
CascadeMinimizer.cc[219] : (in function: improveOnce) - Minimization success! status=0
AsymptoticLimits.cc[552] : (in function: findExpectedLimitFromCrossing) - At r = 871.000000:	delta(nll) = 0.24932

CascadeMinimizer.cc[188] : (in function: improveOnce) - Minimization configured with Type=Minuit2, Algo=Migrad, strategy=0, tolerance=0.1
CascadeMinimizer.cc[215] : (in function: improveOnce) - Minimization finished with status=0
CascadeMinimizer.cc[219] : (in function: improveOnce) - Minimization success! status=0
AsymptoticLimits.cc[552] : (in function: findExpectedLimitFromCrossing) - At r = 872.000000:	delta(nll) = 0.24512

CascadeMinimizer.cc[188] : (in function: improveOnce) - Minimization configured with Type=Minuit2, Algo=Migrad, strategy=0, tolerance=0.1
CascadeMinimizer.cc[215] : (in function: improveOnce) - Minimization finished with status=0
CascadeMinimizer.cc[219] : (in function: improveOnce) - Minimization success! status=0
AsymptoticLimits.cc[552] : (in function: findExpectedLimitFromCrossing) - At r = 873.000000:	delta(nll) = 0.24166

CascadeMinimizer.cc[188] : (in function: improveOnce) - Minimization configured with Type=Minuit2, Algo=Migrad, strategy=0, tolerance=0.1
CascadeMinimizer.cc[215] : (in function: improveOnce) - Minimization finished with status=0
CascadeMinimizer.cc[219] : (in function: improveOnce) - Minimization success! status=0
AsymptoticLimits.cc[552] : (in function: findExpectedLimitFromCrossing) - At r = 874.000000:	delta(nll) = 0.23827

CascadeMinimizer.cc[188] : (in function: improveOnce) - Minimization configured with Type=Minuit2, Algo=Migrad, strategy=0, tolerance=0.1
CascadeMinimizer.cc[215] : (in function: improveOnce) - Minimization finished with status=0
CascadeMinimizer.cc[219] : (in function: improveOnce) - Minimization success! status=0
AsymptoticLimits.cc[552] : (in function: findExpectedLimitFromCrossing) - At r = 875.000000:	delta(nll) = 0.23494

CascadeMinimizer.cc[188] : (in function: improveOnce) - Minimization configured with Type=Minuit2, Algo=Migrad, strategy=0, tolerance=0.1
CascadeMinimizer.cc[215] : (in function: improveOnce) - Minimization finished with status=0
CascadeMinimizer.cc[219] : (in function: improveOnce) - Minimization success! status=0
AsymptoticLimits.cc[552] : (in function: findExpectedLimitFromCrossing) - At r = 876.000000:	delta(nll) = 0.23165

CascadeMinimizer.cc[188] : (in function: improveOnce) - Minimization configured with Type=Minuit2, Algo=Migrad, strategy=0, tolerance=0.1
CascadeMinimizer.cc[215] : (in function: improveOnce) - Minimization finished with status=0
CascadeMinimizer.cc[219] : (in function: improveOnce) - Minimization success! status=0
AsymptoticLimits.cc[552] : (in function: findExpectedLimitFromCrossing) - At r = 877.000000:	delta(nll) = 0.22840

CascadeMinimizer.cc[188] : (in function: improveOnce) - Minimization configured with Type=Minuit2, Algo=Migrad, strategy=0, tolerance=0.1
CascadeMinimizer.cc[215] : (in function: improveOnce) - Minimization finished with status=0
CascadeMinimizer.cc[219] : (in function: improveOnce) - Minimization success! status=0
AsymptoticLimits.cc[552] : (in function: findExpectedLimitFromCrossing) - At r = 878.000000:	delta(nll) = 0.22520

CascadeMinimizer.cc[188] : (in function: improveOnce) - Minimization configured with Type=Minuit2, Algo=Migrad, strategy=0, tolerance=0.1
CascadeMinimizer.cc[215] : (in function: improveOnce) - Minimization finished with status=0
CascadeMinimizer.cc[219] : (in function: improveOnce) - Minimization success! status=0
AsymptoticLimits.cc[552] : (in function: findExpectedLimitFromCrossing) - At r = 879.000000:	delta(nll) = 0.22204

CascadeMinimizer.cc[188] : (in function: improveOnce) - Minimization configured with Type=Minuit2, Algo=Migrad, strategy=0, tolerance=0.1
CascadeMinimizer.cc[215] : (in function: improveOnce) - Minimization finished with status=0
CascadeMinimizer.cc[219] : (in function: improveOnce) - Minimization success! status=0
AsymptoticLimits.cc[552] : (in function: findExpectedLimitFromCrossing) - At r = 880.000000:	delta(nll) = 0.21890

CascadeMinimizer.cc[188] : (in function: improveOnce) - Minimization configured with Type=Minuit2, Algo=Migrad, strategy=0, tolerance=0.1
CascadeMinimizer.cc[215] : (in function: improveOnce) - Minimization finished with status=0
CascadeMinimizer.cc[219] : (in function: improveOnce) - Minimization success! status=0
AsymptoticLimits.cc[552] : (in function: findExpectedLimitFromCrossing) - At r = 881.000000:	delta(nll) = 0.21579

CascadeMinimizer.cc[188] : (in function: improveOnce) - Minimization configured with Type=Minuit2, Algo=Migrad, strategy=0, tolerance=0.1
CascadeMinimizer.cc[215] : (in function: improveOnce) - Minimization finished with status=0
CascadeMinimizer.cc[219] : (in function: improveOnce) - Minimization success! status=0
AsymptoticLimits.cc[552] : (in function: findExpectedLimitFromCrossing) - At r = 882.000000:	delta(nll) = 0.21181

CascadeMinimizer.cc[188] : (in function: improveOnce) - Minimization configured with Type=Minuit2, Algo=Migrad, strategy=0, tolerance=0.1
CascadeMinimizer.cc[215] : (in function: improveOnce) - Minimization finished with status=0
CascadeMinimizer.cc[219] : (in function: improveOnce) - Minimization success! status=0
AsymptoticLimits.cc[552] : (in function: findExpectedLimitFromCrossing) - At r = 883.000000:	delta(nll) = 0.20864

CascadeMinimizer.cc[188] : (in function: improveOnce) - Minimization configured with Type=Minuit2, Algo=Migrad, strategy=0, tolerance=0.1
CascadeMinimizer.cc[215] : (in function: improveOnce) - Minimization finished with status=0
CascadeMinimizer.cc[219] : (in function: improveOnce) - Minimization success! status=0
AsymptoticLimits.cc[552] : (in function: findExpectedLimitFromCrossing) - At r = 884.000000:	delta(nll) = 0.20553

CascadeMinimizer.cc[188] : (in function: improveOnce) - Minimization configured with Type=Minuit2, Algo=Migrad, strategy=0, tolerance=0.1
CascadeMinimizer.cc[215] : (in function: improveOnce) - Minimization finished with status=0
CascadeMinimizer.cc[219] : (in function: improveOnce) - Minimization success! status=0
AsymptoticLimits.cc[552] : (in function: findExpectedLimitFromCrossing) - At r = 885.000000:	delta(nll) = 0.20246

CascadeMinimizer.cc[188] : (in function: improveOnce) - Minimization configured with Type=Minuit2, Algo=Migrad, strategy=0, tolerance=0.1
CascadeMinimizer.cc[215] : (in function: improveOnce) - Minimization finished with status=0
CascadeMinimizer.cc[219] : (in function: improveOnce) - Minimization success! status=0
AsymptoticLimits.cc[552] : (in function: findExpectedLimitFromCrossing) - At r = 886.000000:	delta(nll) = 0.19954

CascadeMinimizer.cc[188] : (in function: improveOnce) - Minimization configured with Type=Minuit2, Algo=Migrad, strategy=0, tolerance=0.1
CascadeMinimizer.cc[215] : (in function: improveOnce) - Minimization finished with status=0
CascadeMinimizer.cc[219] : (in function: improveOnce) - Minimization success! status=0
AsymptoticLimits.cc[552] : (in function: findExpectedLimitFromCrossing) - At r = 887.000000:	delta(nll) = 0.19676

CascadeMinimizer.cc[188] : (in function: improveOnce) - Minimization configured with Type=Minuit2, Algo=Migrad, strategy=0, tolerance=0.1
CascadeMinimizer.cc[215] : (in function: improveOnce) - Minimization finished with status=0
CascadeMinimizer.cc[219] : (in function: improveOnce) - Minimization success! status=0
AsymptoticLimits.cc[552] : (in function: findExpectedLimitFromCrossing) - At r = 888.000000:	delta(nll) = 0.19410

CascadeMinimizer.cc[188] : (in function: improveOnce) - Minimization configured with Type=Minuit2, Algo=Migrad, strategy=0, tolerance=0.1
CascadeMinimizer.cc[215] : (in function: improveOnce) - Minimization finished with status=0
CascadeMinimizer.cc[219] : (in function: improveOnce) - Minimization success! status=0
AsymptoticLimits.cc[552] : (in function: findExpectedLimitFromCrossing) - At r = 889.000000:	delta(nll) = 0.19156

CascadeMinimizer.cc[188] : (in function: improveOnce) - Minimization configured with Type=Minuit2, Algo=Migrad, strategy=0, tolerance=0.1
CascadeMinimizer.cc[215] : (in function: improveOnce) - Minimization finished with status=0
CascadeMinimizer.cc[219] : (in function: improveOnce) - Minimization success! status=0
AsymptoticLimits.cc[552] : (in function: findExpectedLimitFromCrossing) - At r = 890.000000:	delta(nll) = 0.18914

CascadeMinimizer.cc[188] : (in function: improveOnce) - Minimization configured with Type=Minuit2, Algo=Migrad, strategy=0, tolerance=0.1
CascadeMinimizer.cc[215] : (in function: improveOnce) - Minimization finished with status=0
CascadeMinimizer.cc[219] : (in function: improveOnce) - Minimization success! status=0
AsymptoticLimits.cc[552] : (in function: findExpectedLimitFromCrossing) - At r = 891.000000:	delta(nll) = 0.18684

CascadeMinimizer.cc[188] : (in function: improveOnce) - Minimization configured with Type=Minuit2, Algo=Migrad, strategy=0, tolerance=0.1
CascadeMinimizer.cc[215] : (in function: improveOnce) - Minimization finished with status=0
CascadeMinimizer.cc[219] : (in function: improveOnce) - Minimization success! status=0
AsymptoticLimits.cc[552] : (in function: findExpectedLimitFromCrossing) - At r = 892.000000:	delta(nll) = 0.18466

CascadeMinimizer.cc[188] : (in function: improveOnce) - Minimization configured with Type=Minuit2, Algo=Migrad, strategy=0, tolerance=0.1
CascadeMinimizer.cc[215] : (in function: improveOnce) - Minimization finished with status=0
CascadeMinimizer.cc[219] : (in function: improveOnce) - Minimization success! status=0
AsymptoticLimits.cc[552] : (in function: findExpectedLimitFromCrossing) - At r = 893.000000:	delta(nll) = 0.18260

CascadeMinimizer.cc[188] : (in function: improveOnce) - Minimization configured with Type=Minuit2, Algo=Migrad, strategy=0, tolerance=0.1
CascadeMinimizer.cc[215] : (in function: improveOnce) - Minimization finished with status=0
CascadeMinimizer.cc[219] : (in function: improveOnce) - Minimization success! status=0
AsymptoticLimits.cc[552] : (in function: findExpectedLimitFromCrossing) - At r = 894.000000:	delta(nll) = 0.18066

CascadeMinimizer.cc[188] : (in function: improveOnce) - Minimization configured with Type=Minuit2, Algo=Migrad, strategy=0, tolerance=0.1
CascadeMinimizer.cc[215] : (in function: improveOnce) - Minimization finished with status=0
CascadeMinimizer.cc[219] : (in function: improveOnce) - Minimization success! status=0
AsymptoticLimits.cc[552] : (in function: findExpectedLimitFromCrossing) - At r = 895.000000:	delta(nll) = 0.17883

CascadeMinimizer.cc[188] : (in function: improveOnce) - Minimization configured with Type=Minuit2, Algo=Migrad, strategy=0, tolerance=0.1
CascadeMinimizer.cc[215] : (in function: improveOnce) - Minimization finished with status=0
CascadeMinimizer.cc[219] : (in function: improveOnce) - Minimization success! status=0
AsymptoticLimits.cc[552] : (in function: findExpectedLimitFromCrossing) - At r = 896.000000:	delta(nll) = 0.17712

CascadeMinimizer.cc[188] : (in function: improveOnce) - Minimization configured with Type=Minuit2, Algo=Migrad, strategy=0, tolerance=0.1
CascadeMinimizer.cc[215] : (in function: improveOnce) - Minimization finished with status=0
CascadeMinimizer.cc[219] : (in function: improveOnce) - Minimization success! status=0
AsymptoticLimits.cc[552] : (in function: findExpectedLimitFromCrossing) - At r = 897.000000:	delta(nll) = 0.17553

CascadeMinimizer.cc[188] : (in function: improveOnce) - Minimization configured with Type=Minuit2, Algo=Migrad, strategy=0, tolerance=0.1
CascadeMinimizer.cc[215] : (in function: improveOnce) - Minimization finished with status=0
CascadeMinimizer.cc[219] : (in function: improveOnce) - Minimization success! status=0
AsymptoticLimits.cc[552] : (in function: findExpectedLimitFromCrossing) - At r = 898.000000:	delta(nll) = 0.17406

CascadeMinimizer.cc[188] : (in function: improveOnce) - Minimization configured with Type=Minuit2, Algo=Migrad, strategy=0, tolerance=0.1
CascadeMinimizer.cc[215] : (in function: improveOnce) - Minimization finished with status=0
CascadeMinimizer.cc[219] : (in function: improveOnce) - Minimization success! status=0
AsymptoticLimits.cc[552] : (in function: findExpectedLimitFromCrossing) - At r = 899.000000:	delta(nll) = 0.17271

CascadeMinimizer.cc[188] : (in function: improveOnce) - Minimization configured with Type=Minuit2, Algo=Migrad, strategy=0, tolerance=0.1
CascadeMinimizer.cc[215] : (in function: improveOnce) - Minimization finished with status=0
CascadeMinimizer.cc[219] : (in function: improveOnce) - Minimization success! status=0
AsymptoticLimits.cc[552] : (in function: findExpectedLimitFromCrossing) - At r = 900.000000:	delta(nll) = 0.17147

CascadeMinimizer.cc[188] : (in function: improveOnce) - Minimization configured with Type=Minuit2, Algo=Migrad, strategy=0, tolerance=0.1
CascadeMinimizer.cc[215] : (in function: improveOnce) - Minimization finished with status=0
CascadeMinimizer.cc[219] : (in function: improveOnce) - Minimization success! status=0
AsymptoticLimits.cc[552] : (in function: findExpectedLimitFromCrossing) - At r = 901.000000:	delta(nll) = 0.17034

CascadeMinimizer.cc[188] : (in function: improveOnce) - Minimization configured with Type=Minuit2, Algo=Migrad, strategy=0, tolerance=0.1
CascadeMinimizer.cc[215] : (in function: improveOnce) - Minimization finished with status=0
CascadeMinimizer.cc[219] : (in function: improveOnce) - Minimization success! status=0
AsymptoticLimits.cc[552] : (in function: findExpectedLimitFromCrossing) - At r = 902.000000:	delta(nll) = 0.16933

CascadeMinimizer.cc[188] : (in function: improveOnce) - Minimization configured with Type=Minuit2, Algo=Migrad, strategy=0, tolerance=0.1
CascadeMinimizer.cc[215] : (in function: improveOnce) - Minimization finished with status=0
CascadeMinimizer.cc[219] : (in function: improveOnce) - Minimization success! status=0
AsymptoticLimits.cc[552] : (in function: findExpectedLimitFromCrossing) - At r = 903.000000:	delta(nll) = 0.16843

CascadeMinimizer.cc[188] : (in function: improveOnce) - Minimization configured with Type=Minuit2, Algo=Migrad, strategy=0, tolerance=0.1
CascadeMinimizer.cc[215] : (in function: improveOnce) - Minimization finished with status=0
CascadeMinimizer.cc[219] : (in function: improveOnce) - Minimization success! status=0
AsymptoticLimits.cc[552] : (in function: findExpectedLimitFromCrossing) - At r = 904.000000:	delta(nll) = 0.16766

CascadeMinimizer.cc[188] : (in function: improveOnce) - Minimization configured with Type=Minuit2, Algo=Migrad, strategy=0, tolerance=0.1
CascadeMinimizer.cc[215] : (in function: improveOnce) - Minimization finished with status=0
CascadeMinimizer.cc[219] : (in function: improveOnce) - Minimization success! status=0
AsymptoticLimits.cc[552] : (in function: findExpectedLimitFromCrossing) - At r = 905.000000:	delta(nll) = 0.16699

CascadeMinimizer.cc[188] : (in function: improveOnce) - Minimization configured with Type=Minuit2, Algo=Migrad, strategy=0, tolerance=0.1
CascadeMinimizer.cc[215] : (in function: improveOnce) - Minimization finished with status=0
CascadeMinimizer.cc[219] : (in function: improveOnce) - Minimization success! status=0
AsymptoticLimits.cc[552] : (in function: findExpectedLimitFromCrossing) - At r = 906.000000:	delta(nll) = 0.16644

CascadeMinimizer.cc[188] : (in function: improveOnce) - Minimization configured with Type=Minuit2, Algo=Migrad, strategy=0, tolerance=0.1
CascadeMinimizer.cc[215] : (in function: improveOnce) - Minimization finished with status=0
CascadeMinimizer.cc[219] : (in function: improveOnce) - Minimization success! status=0
AsymptoticLimits.cc[552] : (in function: findExpectedLimitFromCrossing) - At r = 907.000000:	delta(nll) = 0.16600

CascadeMinimizer.cc[188] : (in function: improveOnce) - Minimization configured with Type=Minuit2, Algo=Migrad, strategy=0, tolerance=0.1
CascadeMinimizer.cc[215] : (in function: improveOnce) - Minimization finished with status=0
CascadeMinimizer.cc[219] : (in function: improveOnce) - Minimization success! status=0
AsymptoticLimits.cc[552] : (in function: findExpectedLimitFromCrossing) - At r = 908.000000:	delta(nll) = 0.16568

CascadeMinimizer.cc[188] : (in function: improveOnce) - Minimization configured with Type=Minuit2, Algo=Migrad, strategy=0, tolerance=0.1
CascadeMinimizer.cc[215] : (in function: improveOnce) - Minimization finished with status=0
CascadeMinimizer.cc[219] : (in function: improveOnce) - Minimization success! status=0
AsymptoticLimits.cc[552] : (in function: findExpectedLimitFromCrossing) - At r = 909.000000:	delta(nll) = 0.16547

CascadeMinimizer.cc[188] : (in function: improveOnce) - Minimization configured with Type=Minuit2, Algo=Migrad, strategy=0, tolerance=0.1
CascadeMinimizer.cc[215] : (in function: improveOnce) - Minimization finished with status=0
CascadeMinimizer.cc[219] : (in function: improveOnce) - Minimization success! status=0
AsymptoticLimits.cc[552] : (in function: findExpectedLimitFromCrossing) - At r = 910.000000:	delta(nll) = 0.16537

CascadeMinimizer.cc[188] : (in function: improveOnce) - Minimization configured with Type=Minuit2, Algo=Migrad, strategy=0, tolerance=0.1
CascadeMinimizer.cc[215] : (in function: improveOnce) - Minimization finished with status=0
CascadeMinimizer.cc[219] : (in function: improveOnce) - Minimization success! status=0
AsymptoticLimits.cc[552] : (in function: findExpectedLimitFromCrossing) - At r = 911.000000:	delta(nll) = 0.16539

CascadeMinimizer.cc[188] : (in function: improveOnce) - Minimization configured with Type=Minuit2, Algo=Migrad, strategy=0, tolerance=0.1
CascadeMinimizer.cc[215] : (in function: improveOnce) - Minimization finished with status=0
CascadeMinimizer.cc[219] : (in function: improveOnce) - Minimization success! status=0
AsymptoticLimits.cc[552] : (in function: findExpectedLimitFromCrossing) - At r = 912.000000:	delta(nll) = 0.16551

CascadeMinimizer.cc[188] : (in function: improveOnce) - Minimization configured with Type=Minuit2, Algo=Migrad, strategy=0, tolerance=0.1
CascadeMinimizer.cc[215] : (in function: improveOnce) - Minimization finished with status=0
CascadeMinimizer.cc[219] : (in function: improveOnce) - Minimization success! status=0
AsymptoticLimits.cc[552] : (in function: findExpectedLimitFromCrossing) - At r = 913.000000:	delta(nll) = 0.16575

CascadeMinimizer.cc[188] : (in function: improveOnce) - Minimization configured with Type=Minuit2, Algo=Migrad, strategy=0, tolerance=0.1
CascadeMinimizer.cc[215] : (in function: improveOnce) - Minimization finished with status=0
CascadeMinimizer.cc[219] : (in function: improveOnce) - Minimization success! status=0
AsymptoticLimits.cc[552] : (in function: findExpectedLimitFromCrossing) - At r = 914.000000:	delta(nll) = 0.16611

CascadeMinimizer.cc[188] : (in function: improveOnce) - Minimization configured with Type=Minuit2, Algo=Migrad, strategy=0, tolerance=0.1
CascadeMinimizer.cc[215] : (in function: improveOnce) - Minimization finished with status=0
CascadeMinimizer.cc[219] : (in function: improveOnce) - Minimization success! status=0
AsymptoticLimits.cc[552] : (in function: findExpectedLimitFromCrossing) - At r = 915.000000:	delta(nll) = 0.16657

CascadeMinimizer.cc[188] : (in function: improveOnce) - Minimization configured with Type=Minuit2, Algo=Migrad, strategy=0, tolerance=0.1
CascadeMinimizer.cc[215] : (in function: improveOnce) - Minimization finished with status=0
CascadeMinimizer.cc[219] : (in function: improveOnce) - Minimization success! status=0
AsymptoticLimits.cc[552] : (in function: findExpectedLimitFromCrossing) - At r = 916.000000:	delta(nll) = 0.16715

CascadeMinimizer.cc[188] : (in function: improveOnce) - Minimization configured with Type=Minuit2, Algo=Migrad, strategy=0, tolerance=0.1
CascadeMinimizer.cc[215] : (in function: improveOnce) - Minimization finished with status=0
CascadeMinimizer.cc[219] : (in function: improveOnce) - Minimization success! status=0
AsymptoticLimits.cc[552] : (in function: findExpectedLimitFromCrossing) - At r = 917.000000:	delta(nll) = 0.16784

CascadeMinimizer.cc[188] : (in function: improveOnce) - Minimization configured with Type=Minuit2, Algo=Migrad, strategy=0, tolerance=0.1
CascadeMinimizer.cc[215] : (in function: improveOnce) - Minimization finished with status=0
CascadeMinimizer.cc[219] : (in function: improveOnce) - Minimization success! status=0
AsymptoticLimits.cc[552] : (in function: findExpectedLimitFromCrossing) - At r = 918.000000:	delta(nll) = 0.16864

CascadeMinimizer.cc[188] : (in function: improveOnce) - Minimization configured with Type=Minuit2, Algo=Migrad, strategy=0, tolerance=0.1
CascadeMinimizer.cc[215] : (in function: improveOnce) - Minimization finished with status=0
CascadeMinimizer.cc[219] : (in function: improveOnce) - Minimization success! status=0
AsymptoticLimits.cc[552] : (in function: findExpectedLimitFromCrossing) - At r = 919.000000:	delta(nll) = 0.16956

CascadeMinimizer.cc[188] : (in function: improveOnce) - Minimization configured with Type=Minuit2, Algo=Migrad, strategy=0, tolerance=0.1
CascadeMinimizer.cc[215] : (in function: improveOnce) - Minimization finished with status=0
CascadeMinimizer.cc[219] : (in function: improveOnce) - Minimization success! status=0
AsymptoticLimits.cc[552] : (in function: findExpectedLimitFromCrossing) - At r = 920.000000:	delta(nll) = 0.17057

CascadeMinimizer.cc[188] : (in function: improveOnce) - Minimization configured with Type=Minuit2, Algo=Migrad, strategy=0, tolerance=0.1
CascadeMinimizer.cc[215] : (in function: improveOnce) - Minimization finished with status=0
CascadeMinimizer.cc[219] : (in function: improveOnce) - Minimization success! status=0
AsymptoticLimits.cc[552] : (in function: findExpectedLimitFromCrossing) - At r = 921.000000:	delta(nll) = 0.17170

CascadeMinimizer.cc[188] : (in function: improveOnce) - Minimization configured with Type=Minuit2, Algo=Migrad, strategy=0, tolerance=0.1
CascadeMinimizer.cc[215] : (in function: improveOnce) - Minimization finished with status=0
CascadeMinimizer.cc[219] : (in function: improveOnce) - Minimization success! status=0
AsymptoticLimits.cc[552] : (in function: findExpectedLimitFromCrossing) - At r = 922.000000:	delta(nll) = 0.17295

CascadeMinimizer.cc[188] : (in function: improveOnce) - Minimization configured with Type=Minuit2, Algo=Migrad, strategy=0, tolerance=0.1
CascadeMinimizer.cc[215] : (in function: improveOnce) - Minimization finished with status=0
CascadeMinimizer.cc[219] : (in function: improveOnce) - Minimization success! status=0
AsymptoticLimits.cc[552] : (in function: findExpectedLimitFromCrossing) - At r = 923.000000:	delta(nll) = 0.17430

CascadeMinimizer.cc[188] : (in function: improveOnce) - Minimization configured with Type=Minuit2, Algo=Migrad, strategy=0, tolerance=0.1
CascadeMinimizer.cc[215] : (in function: improveOnce) - Minimization finished with status=0
CascadeMinimizer.cc[219] : (in function: improveOnce) - Minimization success! status=0
AsymptoticLimits.cc[552] : (in function: findExpectedLimitFromCrossing) - At r = 924.000000:	delta(nll) = 0.17575

CascadeMinimizer.cc[188] : (in function: improveOnce) - Minimization configured with Type=Minuit2, Algo=Migrad, strategy=0, tolerance=0.1
CascadeMinimizer.cc[215] : (in function: improveOnce) - Minimization finished with status=0
CascadeMinimizer.cc[219] : (in function: improveOnce) - Minimization success! status=0
AsymptoticLimits.cc[552] : (in function: findExpectedLimitFromCrossing) - At r = 925.000000:	delta(nll) = 0.17731

CascadeMinimizer.cc[188] : (in function: improveOnce) - Minimization configured with Type=Minuit2, Algo=Migrad, strategy=0, tolerance=0.1
CascadeMinimizer.cc[215] : (in function: improveOnce) - Minimization finished with status=0
CascadeMinimizer.cc[219] : (in function: improveOnce) - Minimization success! status=0
AsymptoticLimits.cc[552] : (in function: findExpectedLimitFromCrossing) - At r = 926.000000:	delta(nll) = 0.17898

CascadeMinimizer.cc[188] : (in function: improveOnce) - Minimization configured with Type=Minuit2, Algo=Migrad, strategy=0, tolerance=0.1
CascadeMinimizer.cc[215] : (in function: improveOnce) - Minimization finished with status=0
CascadeMinimizer.cc[219] : (in function: improveOnce) - Minimization success! status=0
AsymptoticLimits.cc[552] : (in function: findExpectedLimitFromCrossing) - At r = 927.000000:	delta(nll) = 0.18077

CascadeMinimizer.cc[188] : (in function: improveOnce) - Minimization configured with Type=Minuit2, Algo=Migrad, strategy=0, tolerance=0.1
CascadeMinimizer.cc[215] : (in function: improveOnce) - Minimization finished with status=0
CascadeMinimizer.cc[219] : (in function: improveOnce) - Minimization success! status=0
AsymptoticLimits.cc[552] : (in function: findExpectedLimitFromCrossing) - At r = 928.000000:	delta(nll) = 0.18266

CascadeMinimizer.cc[188] : (in function: improveOnce) - Minimization configured with Type=Minuit2, Algo=Migrad, strategy=0, tolerance=0.1
CascadeMinimizer.cc[215] : (in function: improveOnce) - Minimization finished with status=0
CascadeMinimizer.cc[219] : (in function: improveOnce) - Minimization success! status=0
AsymptoticLimits.cc[552] : (in function: findExpectedLimitFromCrossing) - At r = 929.000000:	delta(nll) = 0.18465

CascadeMinimizer.cc[188] : (in function: improveOnce) - Minimization configured with Type=Minuit2, Algo=Migrad, strategy=0, tolerance=0.1
CascadeMinimizer.cc[215] : (in function: improveOnce) - Minimization finished with status=0
CascadeMinimizer.cc[219] : (in function: improveOnce) - Minimization success! status=0
AsymptoticLimits.cc[552] : (in function: findExpectedLimitFromCrossing) - At r = 930.000000:	delta(nll) = 0.18676

CascadeMinimizer.cc[188] : (in function: improveOnce) - Minimization configured with Type=Minuit2, Algo=Migrad, strategy=0, tolerance=0.1
CascadeMinimizer.cc[215] : (in function: improveOnce) - Minimization finished with status=0
CascadeMinimizer.cc[219] : (in function: improveOnce) - Minimization success! status=0
AsymptoticLimits.cc[552] : (in function: findExpectedLimitFromCrossing) - At r = 931.000000:	delta(nll) = 0.18897

CascadeMinimizer.cc[188] : (in function: improveOnce) - Minimization configured with Type=Minuit2, Algo=Migrad, strategy=0, tolerance=0.1
CascadeMinimizer.cc[215] : (in function: improveOnce) - Minimization finished with status=0
CascadeMinimizer.cc[219] : (in function: improveOnce) - Minimization success! status=0
AsymptoticLimits.cc[552] : (in function: findExpectedLimitFromCrossing) - At r = 932.000000:	delta(nll) = 0.19129

CascadeMinimizer.cc[188] : (in function: improveOnce) - Minimization configured with Type=Minuit2, Algo=Migrad, strategy=0, tolerance=0.1
CascadeMinimizer.cc[215] : (in function: improveOnce) - Minimization finished with status=0
CascadeMinimizer.cc[219] : (in function: improveOnce) - Minimization success! status=0
AsymptoticLimits.cc[552] : (in function: findExpectedLimitFromCrossing) - At r = 933.000000:	delta(nll) = 0.19372

CascadeMinimizer.cc[188] : (in function: improveOnce) - Minimization configured with Type=Minuit2, Algo=Migrad, strategy=0, tolerance=0.1
CascadeMinimizer.cc[215] : (in function: improveOnce) - Minimization finished with status=0
CascadeMinimizer.cc[219] : (in function: improveOnce) - Minimization success! status=0
AsymptoticLimits.cc[552] : (in function: findExpectedLimitFromCrossing) - At r = 934.000000:	delta(nll) = 0.19626

CascadeMinimizer.cc[188] : (in function: improveOnce) - Minimization configured with Type=Minuit2, Algo=Migrad, strategy=0, tolerance=0.1
CascadeMinimizer.cc[215] : (in function: improveOnce) - Minimization finished with status=0
CascadeMinimizer.cc[219] : (in function: improveOnce) - Minimization success! status=0
AsymptoticLimits.cc[552] : (in function: findExpectedLimitFromCrossing) - At r = 935.000000:	delta(nll) = 0.19890

CascadeMinimizer.cc[188] : (in function: improveOnce) - Minimization configured with Type=Minuit2, Algo=Migrad, strategy=0, tolerance=0.1
CascadeMinimizer.cc[215] : (in function: improveOnce) - Minimization finished with status=0
CascadeMinimizer.cc[219] : (in function: improveOnce) - Minimization success! status=0
AsymptoticLimits.cc[552] : (in function: findExpectedLimitFromCrossing) - At r = 936.000000:	delta(nll) = 0.20165

CascadeMinimizer.cc[188] : (in function: improveOnce) - Minimization configured with Type=Minuit2, Algo=Migrad, strategy=0, tolerance=0.1
CascadeMinimizer.cc[215] : (in function: improveOnce) - Minimization finished with status=0
CascadeMinimizer.cc[219] : (in function: improveOnce) - Minimization success! status=0
AsymptoticLimits.cc[552] : (in function: findExpectedLimitFromCrossing) - At r = 937.000000:	delta(nll) = 0.20450

CascadeMinimizer.cc[188] : (in function: improveOnce) - Minimization configured with Type=Minuit2, Algo=Migrad, strategy=0, tolerance=0.1
CascadeMinimizer.cc[215] : (in function: improveOnce) - Minimization finished with status=0
CascadeMinimizer.cc[219] : (in function: improveOnce) - Minimization success! status=0
AsymptoticLimits.cc[552] : (in function: findExpectedLimitFromCrossing) - At r = 938.000000:	delta(nll) = 0.20745

CascadeMinimizer.cc[188] : (in function: improveOnce) - Minimization configured with Type=Minuit2, Algo=Migrad, strategy=0, tolerance=0.1
CascadeMinimizer.cc[215] : (in function: improveOnce) - Minimization finished with status=0
CascadeMinimizer.cc[219] : (in function: improveOnce) - Minimization success! status=0
AsymptoticLimits.cc[552] : (in function: findExpectedLimitFromCrossing) - At r = 939.000000:	delta(nll) = 0.21051

CascadeMinimizer.cc[188] : (in function: improveOnce) - Minimization configured with Type=Minuit2, Algo=Migrad, strategy=0, tolerance=0.1
CascadeMinimizer.cc[215] : (in function: improveOnce) - Minimization finished with status=0
CascadeMinimizer.cc[219] : (in function: improveOnce) - Minimization success! status=0
AsymptoticLimits.cc[552] : (in function: findExpectedLimitFromCrossing) - At r = 940.000000:	delta(nll) = 0.21368

CascadeMinimizer.cc[188] : (in function: improveOnce) - Minimization configured with Type=Minuit2, Algo=Migrad, strategy=0, tolerance=0.1
CascadeMinimizer.cc[215] : (in function: improveOnce) - Minimization finished with status=0
CascadeMinimizer.cc[219] : (in function: improveOnce) - Minimization success! status=0
AsymptoticLimits.cc[552] : (in function: findExpectedLimitFromCrossing) - At r = 941.000000:	delta(nll) = 0.21695

CascadeMinimizer.cc[188] : (in function: improveOnce) - Minimization configured with Type=Minuit2, Algo=Migrad, strategy=0, tolerance=0.1
CascadeMinimizer.cc[215] : (in function: improveOnce) - Minimization finished with status=0
CascadeMinimizer.cc[219] : (in function: improveOnce) - Minimization success! status=0
AsymptoticLimits.cc[552] : (in function: findExpectedLimitFromCrossing) - At r = 942.000000:	delta(nll) = 0.22033

CascadeMinimizer.cc[188] : (in function: improveOnce) - Minimization configured with Type=Minuit2, Algo=Migrad, strategy=0, tolerance=0.1
CascadeMinimizer.cc[215] : (in function: improveOnce) - Minimization finished with status=0
CascadeMinimizer.cc[219] : (in function: improveOnce) - Minimization success! status=0
AsymptoticLimits.cc[552] : (in function: findExpectedLimitFromCrossing) - At r = 943.000000:	delta(nll) = 0.22380

CascadeMinimizer.cc[188] : (in function: improveOnce) - Minimization configured with Type=Minuit2, Algo=Migrad, strategy=0, tolerance=0.1
CascadeMinimizer.cc[215] : (in function: improveOnce) - Minimization finished with status=0
CascadeMinimizer.cc[219] : (in function: improveOnce) - Minimization success! status=0
AsymptoticLimits.cc[552] : (in function: findExpectedLimitFromCrossing) - At r = 944.000000:	delta(nll) = 0.22738

CascadeMinimizer.cc[188] : (in function: improveOnce) - Minimization configured with Type=Minuit2, Algo=Migrad, strategy=0, tolerance=0.1
CascadeMinimizer.cc[215] : (in function: improveOnce) - Minimization finished with status=0
CascadeMinimizer.cc[219] : (in function: improveOnce) - Minimization success! status=0
AsymptoticLimits.cc[552] : (in function: findExpectedLimitFromCrossing) - At r = 945.000000:	delta(nll) = 0.23107

CascadeMinimizer.cc[188] : (in function: improveOnce) - Minimization configured with Type=Minuit2, Algo=Migrad, strategy=0, tolerance=0.1
CascadeMinimizer.cc[215] : (in function: improveOnce) - Minimization finished with status=0
CascadeMinimizer.cc[219] : (in function: improveOnce) - Minimization success! status=0
AsymptoticLimits.cc[552] : (in function: findExpectedLimitFromCrossing) - At r = 946.000000:	delta(nll) = 0.23486

CascadeMinimizer.cc[188] : (in function: improveOnce) - Minimization configured with Type=Minuit2, Algo=Migrad, strategy=0, tolerance=0.1
CascadeMinimizer.cc[215] : (in function: improveOnce) - Minimization finished with status=0
CascadeMinimizer.cc[219] : (in function: improveOnce) - Minimization success! status=0
AsymptoticLimits.cc[552] : (in function: findExpectedLimitFromCrossing) - At r = 947.000000:	delta(nll) = 0.23876

CascadeMinimizer.cc[188] : (in function: improveOnce) - Minimization configured with Type=Minuit2, Algo=Migrad, strategy=0, tolerance=0.1
CascadeMinimizer.cc[215] : (in function: improveOnce) - Minimization finished with status=0
CascadeMinimizer.cc[219] : (in function: improveOnce) - Minimization success! status=0
AsymptoticLimits.cc[552] : (in function: findExpectedLimitFromCrossing) - At r = 948.000000:	delta(nll) = 0.24276

CascadeMinimizer.cc[188] : (in function: improveOnce) - Minimization configured with Type=Minuit2, Algo=Migrad, strategy=0, tolerance=0.1
CascadeMinimizer.cc[215] : (in function: improveOnce) - Minimization finished with status=0
CascadeMinimizer.cc[219] : (in function: improveOnce) - Minimization success! status=0
AsymptoticLimits.cc[552] : (in function: findExpectedLimitFromCrossing) - At r = 949.000000:	delta(nll) = 0.24686

CascadeMinimizer.cc[188] : (in function: improveOnce) - Minimization configured with Type=Minuit2, Algo=Migrad, strategy=0, tolerance=0.1
CascadeMinimizer.cc[215] : (in function: improveOnce) - Minimization finished with status=0
CascadeMinimizer.cc[219] : (in function: improveOnce) - Minimization success! status=0
AsymptoticLimits.cc[552] : (in function: findExpectedLimitFromCrossing) - At r = 950.000000:	delta(nll) = 0.25105

CascadeMinimizer.cc[188] : (in function: improveOnce) - Minimization configured with Type=Minuit2, Algo=Migrad, strategy=0, tolerance=0.1
CascadeMinimizer.cc[215] : (in function: improveOnce) - Minimization finished with status=0
CascadeMinimizer.cc[219] : (in function: improveOnce) - Minimization success! status=0
AsymptoticLimits.cc[552] : (in function: findExpectedLimitFromCrossing) - At r = 951.000000:	delta(nll) = 0.25535

CascadeMinimizer.cc[188] : (in function: improveOnce) - Minimization configured with Type=Minuit2, Algo=Migrad, strategy=0, tolerance=0.1
CascadeMinimizer.cc[215] : (in function: improveOnce) - Minimization finished with status=0
CascadeMinimizer.cc[219] : (in function: improveOnce) - Minimization success! status=0
AsymptoticLimits.cc[552] : (in function: findExpectedLimitFromCrossing) - At r = 952.000000:	delta(nll) = 0.25975

CascadeMinimizer.cc[188] : (in function: improveOnce) - Minimization configured with Type=Minuit2, Algo=Migrad, strategy=0, tolerance=0.1
CascadeMinimizer.cc[215] : (in function: improveOnce) - Minimization finished with status=0
CascadeMinimizer.cc[219] : (in function: improveOnce) - Minimization success! status=0
AsymptoticLimits.cc[552] : (in function: findExpectedLimitFromCrossing) - At r = 953.000000:	delta(nll) = 0.26425

CascadeMinimizer.cc[188] : (in function: improveOnce) - Minimization configured with Type=Minuit2, Algo=Migrad, strategy=0, tolerance=0.1
CascadeMinimizer.cc[215] : (in function: improveOnce) - Minimization finished with status=0
CascadeMinimizer.cc[219] : (in function: improveOnce) - Minimization success! status=0
AsymptoticLimits.cc[552] : (in function: findExpectedLimitFromCrossing) - At r = 954.000000:	delta(nll) = 0.26886

CascadeMinimizer.cc[188] : (in function: improveOnce) - Minimization configured with Type=Minuit2, Algo=Migrad, strategy=0, tolerance=0.1
CascadeMinimizer.cc[215] : (in function: improveOnce) - Minimization finished with status=0
CascadeMinimizer.cc[219] : (in function: improveOnce) - Minimization success! status=0
AsymptoticLimits.cc[552] : (in function: findExpectedLimitFromCrossing) - At r = 955.000000:	delta(nll) = 0.27357

CascadeMinimizer.cc[188] : (in function: improveOnce) - Minimization configured with Type=Minuit2, Algo=Migrad, strategy=0, tolerance=0.1
CascadeMinimizer.cc[215] : (in function: improveOnce) - Minimization finished with status=0
CascadeMinimizer.cc[219] : (in function: improveOnce) - Minimization success! status=0
AsymptoticLimits.cc[552] : (in function: findExpectedLimitFromCrossing) - At r = 956.000000:	delta(nll) = 0.27838

CascadeMinimizer.cc[188] : (in function: improveOnce) - Minimization configured with Type=Minuit2, Algo=Migrad, strategy=0, tolerance=0.1
CascadeMinimizer.cc[215] : (in function: improveOnce) - Minimization finished with status=0
CascadeMinimizer.cc[219] : (in function: improveOnce) - Minimization success! status=0
AsymptoticLimits.cc[552] : (in function: findExpectedLimitFromCrossing) - At r = 957.000000:	delta(nll) = 0.28329

CascadeMinimizer.cc[188] : (in function: improveOnce) - Minimization configured with Type=Minuit2, Algo=Migrad, strategy=0, tolerance=0.1
CascadeMinimizer.cc[215] : (in function: improveOnce) - Minimization finished with status=0
CascadeMinimizer.cc[219] : (in function: improveOnce) - Minimization success! status=0
AsymptoticLimits.cc[552] : (in function: findExpectedLimitFromCrossing) - At r = 958.000000:	delta(nll) = 0.28830

CascadeMinimizer.cc[188] : (in function: improveOnce) - Minimization configured with Type=Minuit2, Algo=Migrad, strategy=0, tolerance=0.1
CascadeMinimizer.cc[215] : (in function: improveOnce) - Minimization finished with status=0
CascadeMinimizer.cc[219] : (in function: improveOnce) - Minimization success! status=0
AsymptoticLimits.cc[552] : (in function: findExpectedLimitFromCrossing) - At r = 959.000000:	delta(nll) = 0.29341

CascadeMinimizer.cc[188] : (in function: improveOnce) - Minimization configured with Type=Minuit2, Algo=Migrad, strategy=0, tolerance=0.1
CascadeMinimizer.cc[215] : (in function: improveOnce) - Minimization finished with status=0
CascadeMinimizer.cc[219] : (in function: improveOnce) - Minimization success! status=0
AsymptoticLimits.cc[552] : (in function: findExpectedLimitFromCrossing) - At r = 960.000000:	delta(nll) = 0.29862

CascadeMinimizer.cc[188] : (in function: improveOnce) - Minimization configured with Type=Minuit2, Algo=Migrad, strategy=0, tolerance=0.1
CascadeMinimizer.cc[215] : (in function: improveOnce) - Minimization finished with status=0
CascadeMinimizer.cc[219] : (in function: improveOnce) - Minimization success! status=0
AsymptoticLimits.cc[552] : (in function: findExpectedLimitFromCrossing) - At r = 961.000000:	delta(nll) = 0.30392

CascadeMinimizer.cc[188] : (in function: improveOnce) - Minimization configured with Type=Minuit2, Algo=Migrad, strategy=0, tolerance=0.1
CascadeMinimizer.cc[215] : (in function: improveOnce) - Minimization finished with status=0
CascadeMinimizer.cc[219] : (in function: improveOnce) - Minimization success! status=0
AsymptoticLimits.cc[552] : (in function: findExpectedLimitFromCrossing) - At r = 962.000000:	delta(nll) = 0.30932

CascadeMinimizer.cc[188] : (in function: improveOnce) - Minimization configured with Type=Minuit2, Algo=Migrad, strategy=0, tolerance=0.1
CascadeMinimizer.cc[215] : (in function: improveOnce) - Minimization finished with status=0
CascadeMinimizer.cc[219] : (in function: improveOnce) - Minimization success! status=0
AsymptoticLimits.cc[552] : (in function: findExpectedLimitFromCrossing) - At r = 963.000000:	delta(nll) = 0.31483

CascadeMinimizer.cc[188] : (in function: improveOnce) - Minimization configured with Type=Minuit2, Algo=Migrad, strategy=0, tolerance=0.1
CascadeMinimizer.cc[215] : (in function: improveOnce) - Minimization finished with status=0
CascadeMinimizer.cc[219] : (in function: improveOnce) - Minimization success! status=0
AsymptoticLimits.cc[552] : (in function: findExpectedLimitFromCrossing) - At r = 964.000000:	delta(nll) = 0.32043

CascadeMinimizer.cc[188] : (in function: improveOnce) - Minimization configured with Type=Minuit2, Algo=Migrad, strategy=0, tolerance=0.1
CascadeMinimizer.cc[215] : (in function: improveOnce) - Minimization finished with status=0
CascadeMinimizer.cc[219] : (in function: improveOnce) - Minimization success! status=0
AsymptoticLimits.cc[552] : (in function: findExpectedLimitFromCrossing) - At r = 965.000000:	delta(nll) = 0.32613

CascadeMinimizer.cc[188] : (in function: improveOnce) - Minimization configured with Type=Minuit2, Algo=Migrad, strategy=0, tolerance=0.1
CascadeMinimizer.cc[215] : (in function: improveOnce) - Minimization finished with status=0
CascadeMinimizer.cc[219] : (in function: improveOnce) - Minimization success! status=0
AsymptoticLimits.cc[552] : (in function: findExpectedLimitFromCrossing) - At r = 966.000000:	delta(nll) = 0.33192

CascadeMinimizer.cc[188] : (in function: improveOnce) - Minimization configured with Type=Minuit2, Algo=Migrad, strategy=0, tolerance=0.1
CascadeMinimizer.cc[215] : (in function: improveOnce) - Minimization finished with status=0
CascadeMinimizer.cc[219] : (in function: improveOnce) - Minimization success! status=0
AsymptoticLimits.cc[552] : (in function: findExpectedLimitFromCrossing) - At r = 967.000000:	delta(nll) = 0.33782

CascadeMinimizer.cc[188] : (in function: improveOnce) - Minimization configured with Type=Minuit2, Algo=Migrad, strategy=0, tolerance=0.1
CascadeMinimizer.cc[215] : (in function: improveOnce) - Minimization finished with status=0
CascadeMinimizer.cc[219] : (in function: improveOnce) - Minimization success! status=0
AsymptoticLimits.cc[552] : (in function: findExpectedLimitFromCrossing) - At r = 968.000000:	delta(nll) = 0.34382

CascadeMinimizer.cc[188] : (in function: improveOnce) - Minimization configured with Type=Minuit2, Algo=Migrad, strategy=0, tolerance=0.1
CascadeMinimizer.cc[215] : (in function: improveOnce) - Minimization finished with status=0
CascadeMinimizer.cc[219] : (in function: improveOnce) - Minimization success! status=0
AsymptoticLimits.cc[552] : (in function: findExpectedLimitFromCrossing) - At r = 969.000000:	delta(nll) = 0.34991

CascadeMinimizer.cc[188] : (in function: improveOnce) - Minimization configured with Type=Minuit2, Algo=Migrad, strategy=0, tolerance=0.1
CascadeMinimizer.cc[215] : (in function: improveOnce) - Minimization finished with status=0
CascadeMinimizer.cc[219] : (in function: improveOnce) - Minimization success! status=0
AsymptoticLimits.cc[552] : (in function: findExpectedLimitFromCrossing) - At r = 970.000000:	delta(nll) = 0.35610

CascadeMinimizer.cc[188] : (in function: improveOnce) - Minimization configured with Type=Minuit2, Algo=Migrad, strategy=0, tolerance=0.1
CascadeMinimizer.cc[215] : (in function: improveOnce) - Minimization finished with status=0
CascadeMinimizer.cc[219] : (in function: improveOnce) - Minimization success! status=0
AsymptoticLimits.cc[552] : (in function: findExpectedLimitFromCrossing) - At r = 971.000000:	delta(nll) = 0.36239

CascadeMinimizer.cc[188] : (in function: improveOnce) - Minimization configured with Type=Minuit2, Algo=Migrad, strategy=0, tolerance=0.1
CascadeMinimizer.cc[215] : (in function: improveOnce) - Minimization finished with status=0
CascadeMinimizer.cc[219] : (in function: improveOnce) - Minimization success! status=0
AsymptoticLimits.cc[552] : (in function: findExpectedLimitFromCrossing) - At r = 972.000000:	delta(nll) = 0.36877

CascadeMinimizer.cc[188] : (in function: improveOnce) - Minimization configured with Type=Minuit2, Algo=Migrad, strategy=0, tolerance=0.1
CascadeMinimizer.cc[215] : (in function: improveOnce) - Minimization finished with status=0
CascadeMinimizer.cc[219] : (in function: improveOnce) - Minimization success! status=0
AsymptoticLimits.cc[552] : (in function: findExpectedLimitFromCrossing) - At r = 973.000000:	delta(nll) = 0.37524

CascadeMinimizer.cc[188] : (in function: improveOnce) - Minimization configured with Type=Minuit2, Algo=Migrad, strategy=0, tolerance=0.1
CascadeMinimizer.cc[215] : (in function: improveOnce) - Minimization finished with status=0
CascadeMinimizer.cc[219] : (in function: improveOnce) - Minimization success! status=0
AsymptoticLimits.cc[552] : (in function: findExpectedLimitFromCrossing) - At r = 974.000000:	delta(nll) = 0.38182

CascadeMinimizer.cc[188] : (in function: improveOnce) - Minimization configured with Type=Minuit2, Algo=Migrad, strategy=0, tolerance=0.1
CascadeMinimizer.cc[215] : (in function: improveOnce) - Minimization finished with status=0
CascadeMinimizer.cc[219] : (in function: improveOnce) - Minimization success! status=0
AsymptoticLimits.cc[552] : (in function: findExpectedLimitFromCrossing) - At r = 975.000000:	delta(nll) = 0.38849

CascadeMinimizer.cc[188] : (in function: improveOnce) - Minimization configured with Type=Minuit2, Algo=Migrad, strategy=0, tolerance=0.1
CascadeMinimizer.cc[215] : (in function: improveOnce) - Minimization finished with status=0
CascadeMinimizer.cc[219] : (in function: improveOnce) - Minimization success! status=0
AsymptoticLimits.cc[552] : (in function: findExpectedLimitFromCrossing) - At r = 976.000000:	delta(nll) = 0.39526

CascadeMinimizer.cc[188] : (in function: improveOnce) - Minimization configured with Type=Minuit2, Algo=Migrad, strategy=0, tolerance=0.1
CascadeMinimizer.cc[215] : (in function: improveOnce) - Minimization finished with status=0
CascadeMinimizer.cc[219] : (in function: improveOnce) - Minimization success! status=0
AsymptoticLimits.cc[552] : (in function: findExpectedLimitFromCrossing) - At r = 977.000000:	delta(nll) = 0.40212

CascadeMinimizer.cc[188] : (in function: improveOnce) - Minimization configured with Type=Minuit2, Algo=Migrad, strategy=0, tolerance=0.1
CascadeMinimizer.cc[215] : (in function: improveOnce) - Minimization finished with status=0
CascadeMinimizer.cc[219] : (in function: improveOnce) - Minimization success! status=0
AsymptoticLimits.cc[552] : (in function: findExpectedLimitFromCrossing) - At r = 978.000000:	delta(nll) = 0.40907

CascadeMinimizer.cc[188] : (in function: improveOnce) - Minimization configured with Type=Minuit2, Algo=Migrad, strategy=0, tolerance=0.1
CascadeMinimizer.cc[215] : (in function: improveOnce) - Minimization finished with status=0
CascadeMinimizer.cc[219] : (in function: improveOnce) - Minimization success! status=0
AsymptoticLimits.cc[552] : (in function: findExpectedLimitFromCrossing) - At r = 979.000000:	delta(nll) = 0.41612

CascadeMinimizer.cc[188] : (in function: improveOnce) - Minimization configured with Type=Minuit2, Algo=Migrad, strategy=0, tolerance=0.1
CascadeMinimizer.cc[215] : (in function: improveOnce) - Minimization finished with status=0
CascadeMinimizer.cc[219] : (in function: improveOnce) - Minimization success! status=0
AsymptoticLimits.cc[552] : (in function: findExpectedLimitFromCrossing) - At r = 980.000000:	delta(nll) = 0.42327

CascadeMinimizer.cc[188] : (in function: improveOnce) - Minimization configured with Type=Minuit2, Algo=Migrad, strategy=0, tolerance=0.1
CascadeMinimizer.cc[215] : (in function: improveOnce) - Minimization finished with status=0
CascadeMinimizer.cc[219] : (in function: improveOnce) - Minimization success! status=0
AsymptoticLimits.cc[552] : (in function: findExpectedLimitFromCrossing) - At r = 981.000000:	delta(nll) = 0.43052

CascadeMinimizer.cc[188] : (in function: improveOnce) - Minimization configured with Type=Minuit2, Algo=Migrad, strategy=0, tolerance=0.1
CascadeMinimizer.cc[215] : (in function: improveOnce) - Minimization finished with status=0
CascadeMinimizer.cc[219] : (in function: improveOnce) - Minimization success! status=0
AsymptoticLimits.cc[552] : (in function: findExpectedLimitFromCrossing) - At r = 982.000000:	delta(nll) = 0.43785

CascadeMinimizer.cc[188] : (in function: improveOnce) - Minimization configured with Type=Minuit2, Algo=Migrad, strategy=0, tolerance=0.1
CascadeMinimizer.cc[215] : (in function: improveOnce) - Minimization finished with status=0
CascadeMinimizer.cc[219] : (in function: improveOnce) - Minimization success! status=0
AsymptoticLimits.cc[552] : (in function: findExpectedLimitFromCrossing) - At r = 983.000000:	delta(nll) = 0.44528

CascadeMinimizer.cc[188] : (in function: improveOnce) - Minimization configured with Type=Minuit2, Algo=Migrad, strategy=0, tolerance=0.1
CascadeMinimizer.cc[215] : (in function: improveOnce) - Minimization finished with status=0
CascadeMinimizer.cc[219] : (in function: improveOnce) - Minimization success! status=0
AsymptoticLimits.cc[552] : (in function: findExpectedLimitFromCrossing) - At r = 984.000000:	delta(nll) = 0.45280

CascadeMinimizer.cc[188] : (in function: improveOnce) - Minimization configured with Type=Minuit2, Algo=Migrad, strategy=0, tolerance=0.1
CascadeMinimizer.cc[215] : (in function: improveOnce) - Minimization finished with status=0
CascadeMinimizer.cc[219] : (in function: improveOnce) - Minimization success! status=0
AsymptoticLimits.cc[552] : (in function: findExpectedLimitFromCrossing) - At r = 985.000000:	delta(nll) = 0.46042

CascadeMinimizer.cc[188] : (in function: improveOnce) - Minimization configured with Type=Minuit2, Algo=Migrad, strategy=0, tolerance=0.1
CascadeMinimizer.cc[215] : (in function: improveOnce) - Minimization finished with status=0
CascadeMinimizer.cc[219] : (in function: improveOnce) - Minimization success! status=0
AsymptoticLimits.cc[552] : (in function: findExpectedLimitFromCrossing) - At r = 986.000000:	delta(nll) = 0.46813

CascadeMinimizer.cc[188] : (in function: improveOnce) - Minimization configured with Type=Minuit2, Algo=Migrad, strategy=0, tolerance=0.1
CascadeMinimizer.cc[215] : (in function: improveOnce) - Minimization finished with status=0
CascadeMinimizer.cc[219] : (in function: improveOnce) - Minimization success! status=0
AsymptoticLimits.cc[552] : (in function: findExpectedLimitFromCrossing) - At r = 987.000000:	delta(nll) = 0.47593

CascadeMinimizer.cc[188] : (in function: improveOnce) - Minimization configured with Type=Minuit2, Algo=Migrad, strategy=0, tolerance=0.1
CascadeMinimizer.cc[215] : (in function: improveOnce) - Minimization finished with status=0
CascadeMinimizer.cc[219] : (in function: improveOnce) - Minimization success! status=0
AsymptoticLimits.cc[552] : (in function: findExpectedLimitFromCrossing) - At r = 988.000000:	delta(nll) = 0.48383

CascadeMinimizer.cc[188] : (in function: improveOnce) - Minimization configured with Type=Minuit2, Algo=Migrad, strategy=0, tolerance=0.1
CascadeMinimizer.cc[215] : (in function: improveOnce) - Minimization finished with status=0
CascadeMinimizer.cc[219] : (in function: improveOnce) - Minimization success! status=0
AsymptoticLimits.cc[552] : (in function: findExpectedLimitFromCrossing) - At r = 989.000000:	delta(nll) = 0.49182

CascadeMinimizer.cc[188] : (in function: improveOnce) - Minimization configured with Type=Minuit2, Algo=Migrad, strategy=0, tolerance=0.1
CascadeMinimizer.cc[215] : (in function: improveOnce) - Minimization finished with status=0
CascadeMinimizer.cc[219] : (in function: improveOnce) - Minimization success! status=0
AsymptoticLimits.cc[552] : (in function: findExpectedLimitFromCrossing) - At r = 990.000000:	delta(nll) = 0.49990

CascadeMinimizer.cc[188] : (in function: improveOnce) - Minimization configured with Type=Minuit2, Algo=Migrad, strategy=0, tolerance=0.1
CascadeMinimizer.cc[215] : (in function: improveOnce) - Minimization finished with status=0
CascadeMinimizer.cc[219] : (in function: improveOnce) - Minimization success! status=0
AsymptoticLimits.cc[552] : (in function: findExpectedLimitFromCrossing) - At r = 991.000000:	delta(nll) = 0.50806

CascadeMinimizer.cc[188] : (in function: improveOnce) - Minimization configured with Type=Minuit2, Algo=Migrad, strategy=0, tolerance=0.1
CascadeMinimizer.cc[215] : (in function: improveOnce) - Minimization finished with status=0
CascadeMinimizer.cc[219] : (in function: improveOnce) - Minimization success! status=0
AsymptoticLimits.cc[552] : (in function: findExpectedLimitFromCrossing) - At r = 992.000000:	delta(nll) = 0.51633

CascadeMinimizer.cc[188] : (in function: improveOnce) - Minimization configured with Type=Minuit2, Algo=Migrad, strategy=0, tolerance=0.1
CascadeMinimizer.cc[215] : (in function: improveOnce) - Minimization finished with status=0
CascadeMinimizer.cc[219] : (in function: improveOnce) - Minimization success! status=0
AsymptoticLimits.cc[552] : (in function: findExpectedLimitFromCrossing) - At r = 993.000000:	delta(nll) = 0.52469

CascadeMinimizer.cc[188] : (in function: improveOnce) - Minimization configured with Type=Minuit2, Algo=Migrad, strategy=0, tolerance=0.1
CascadeMinimizer.cc[215] : (in function: improveOnce) - Minimization finished with status=0
CascadeMinimizer.cc[219] : (in function: improveOnce) - Minimization success! status=0
AsymptoticLimits.cc[552] : (in function: findExpectedLimitFromCrossing) - At r = 994.000000:	delta(nll) = 0.53314

CascadeMinimizer.cc[188] : (in function: improveOnce) - Minimization configured with Type=Minuit2, Algo=Migrad, strategy=0, tolerance=0.1
CascadeMinimizer.cc[215] : (in function: improveOnce) - Minimization finished with status=0
CascadeMinimizer.cc[219] : (in function: improveOnce) - Minimization success! status=0
AsymptoticLimits.cc[552] : (in function: findExpectedLimitFromCrossing) - At r = 995.000000:	delta(nll) = 0.54168

CascadeMinimizer.cc[188] : (in function: improveOnce) - Minimization configured with Type=Minuit2, Algo=Migrad, strategy=0, tolerance=0.1
CascadeMinimizer.cc[215] : (in function: improveOnce) - Minimization finished with status=0
CascadeMinimizer.cc[219] : (in function: improveOnce) - Minimization success! status=0
AsymptoticLimits.cc[552] : (in function: findExpectedLimitFromCrossing) - At r = 996.000000:	delta(nll) = 0.55032

CascadeMinimizer.cc[188] : (in function: improveOnce) - Minimization configured with Type=Minuit2, Algo=Migrad, strategy=0, tolerance=0.1
CascadeMinimizer.cc[215] : (in function: improveOnce) - Minimization finished with status=0
CascadeMinimizer.cc[219] : (in function: improveOnce) - Minimization success! status=0
AsymptoticLimits.cc[552] : (in function: findExpectedLimitFromCrossing) - At r = 997.000000:	delta(nll) = 0.55903

CascadeMinimizer.cc[188] : (in function: improveOnce) - Minimization configured with Type=Minuit2, Algo=Migrad, strategy=0, tolerance=0.1
CascadeMinimizer.cc[215] : (in function: improveOnce) - Minimization finished with status=0
CascadeMinimizer.cc[219] : (in function: improveOnce) - Minimization success! status=0
AsymptoticLimits.cc[552] : (in function: findExpectedLimitFromCrossing) - At r = 998.000000:	delta(nll) = 0.56785

CascadeMinimizer.cc[188] : (in function: improveOnce) - Minimization configured with Type=Minuit2, Algo=Migrad, strategy=0, tolerance=0.1
CascadeMinimizer.cc[215] : (in function: improveOnce) - Minimization finished with status=0
CascadeMinimizer.cc[219] : (in function: improveOnce) - Minimization success! status=0
AsymptoticLimits.cc[552] : (in function: findExpectedLimitFromCrossing) - At r = 999.000000:	delta(nll) = 0.57675

CascadeMinimizer.cc[188] : (in function: improveOnce) - Minimization configured with Type=Minuit2, Algo=Migrad, strategy=0, tolerance=0.1
CascadeMinimizer.cc[215] : (in function: improveOnce) - Minimization finished with status=0
CascadeMinimizer.cc[219] : (in function: improveOnce) - Minimization success! status=0
AsymptoticLimits.cc[552] : (in function: findExpectedLimitFromCrossing) - At r = 1000.000000:	delta(nll) = 0.58575

CascadeMinimizer.cc[188] : (in function: improveOnce) - Minimization configured with Type=Minuit2, Algo=Migrad, strategy=0, tolerance=0.1
CascadeMinimizer.cc[215] : (in function: improveOnce) - Minimization finished with status=0
CascadeMinimizer.cc[219] : (in function: improveOnce) - Minimization success! status=0
AsymptoticLimits.cc[552] : (in function: findExpectedLimitFromCrossing) - At r = 1001.000000:	delta(nll) = 0.59483

CascadeMinimizer.cc[188] : (in function: improveOnce) - Minimization configured with Type=Minuit2, Algo=Migrad, strategy=0, tolerance=0.1
CascadeMinimizer.cc[215] : (in function: improveOnce) - Minimization finished with status=0
CascadeMinimizer.cc[219] : (in function: improveOnce) - Minimization success! status=0
AsymptoticLimits.cc[552] : (in function: findExpectedLimitFromCrossing) - At r = 1002.000000:	delta(nll) = 0.60400

CascadeMinimizer.cc[188] : (in function: improveOnce) - Minimization configured with Type=Minuit2, Algo=Migrad, strategy=0, tolerance=0.1
CascadeMinimizer.cc[215] : (in function: improveOnce) - Minimization finished with status=0
CascadeMinimizer.cc[219] : (in function: improveOnce) - Minimization success! status=0
AsymptoticLimits.cc[552] : (in function: findExpectedLimitFromCrossing) - At r = 1003.000000:	delta(nll) = 0.61326

CascadeMinimizer.cc[188] : (in function: improveOnce) - Minimization configured with Type=Minuit2, Algo=Migrad, strategy=0, tolerance=0.1
CascadeMinimizer.cc[215] : (in function: improveOnce) - Minimization finished with status=0
CascadeMinimizer.cc[219] : (in function: improveOnce) - Minimization success! status=0
AsymptoticLimits.cc[552] : (in function: findExpectedLimitFromCrossing) - At r = 1004.000000:	delta(nll) = 0.62261

CascadeMinimizer.cc[188] : (in function: improveOnce) - Minimization configured with Type=Minuit2, Algo=Migrad, strategy=0, tolerance=0.1
CascadeMinimizer.cc[215] : (in function: improveOnce) - Minimization finished with status=0
CascadeMinimizer.cc[219] : (in function: improveOnce) - Minimization success! status=0
AsymptoticLimits.cc[552] : (in function: findExpectedLimitFromCrossing) - At r = 1005.000000:	delta(nll) = 0.63204

CascadeMinimizer.cc[188] : (in function: improveOnce) - Minimization configured with Type=Minuit2, Algo=Migrad, strategy=0, tolerance=0.1
CascadeMinimizer.cc[215] : (in function: improveOnce) - Minimization finished with status=0
CascadeMinimizer.cc[219] : (in function: improveOnce) - Minimization success! status=0
AsymptoticLimits.cc[552] : (in function: findExpectedLimitFromCrossing) - At r = 1006.000000:	delta(nll) = 0.64157

CascadeMinimizer.cc[188] : (in function: improveOnce) - Minimization configured with Type=Minuit2, Algo=Migrad, strategy=0, tolerance=0.1
CascadeMinimizer.cc[215] : (in function: improveOnce) - Minimization finished with status=0
CascadeMinimizer.cc[219] : (in function: improveOnce) - Minimization success! status=0
AsymptoticLimits.cc[552] : (in function: findExpectedLimitFromCrossing) - At r = 1007.000000:	delta(nll) = 0.65119

CascadeMinimizer.cc[188] : (in function: improveOnce) - Minimization configured with Type=Minuit2, Algo=Migrad, strategy=0, tolerance=0.1
CascadeMinimizer.cc[215] : (in function: improveOnce) - Minimization finished with status=0
CascadeMinimizer.cc[219] : (in function: improveOnce) - Minimization success! status=0
AsymptoticLimits.cc[552] : (in function: findExpectedLimitFromCrossing) - At r = 1008.000000:	delta(nll) = 0.66090

CascadeMinimizer.cc[188] : (in function: improveOnce) - Minimization configured with Type=Minuit2, Algo=Migrad, strategy=0, tolerance=0.1
CascadeMinimizer.cc[215] : (in function: improveOnce) - Minimization finished with status=0
CascadeMinimizer.cc[219] : (in function: improveOnce) - Minimization success! status=0
AsymptoticLimits.cc[552] : (in function: findExpectedLimitFromCrossing) - At r = 1009.000000:	delta(nll) = 0.67069

CascadeMinimizer.cc[188] : (in function: improveOnce) - Minimization configured with Type=Minuit2, Algo=Migrad, strategy=0, tolerance=0.1
CascadeMinimizer.cc[215] : (in function: improveOnce) - Minimization finished with status=0
CascadeMinimizer.cc[219] : (in function: improveOnce) - Minimization success! status=0
AsymptoticLimits.cc[552] : (in function: findExpectedLimitFromCrossing) - At r = 1010.000000:	delta(nll) = 0.68056

CascadeMinimizer.cc[188] : (in function: improveOnce) - Minimization configured with Type=Minuit2, Algo=Migrad, strategy=0, tolerance=0.1
CascadeMinimizer.cc[215] : (in function: improveOnce) - Minimization finished with status=0
CascadeMinimizer.cc[219] : (in function: improveOnce) - Minimization success! status=0
AsymptoticLimits.cc[552] : (in function: findExpectedLimitFromCrossing) - At r = 1011.000000:	delta(nll) = 0.69053

CascadeMinimizer.cc[188] : (in function: improveOnce) - Minimization configured with Type=Minuit2, Algo=Migrad, strategy=0, tolerance=0.1
CascadeMinimizer.cc[215] : (in function: improveOnce) - Minimization finished with status=0
CascadeMinimizer.cc[219] : (in function: improveOnce) - Minimization success! status=0
AsymptoticLimits.cc[552] : (in function: findExpectedLimitFromCrossing) - At r = 1012.000000:	delta(nll) = 0.70058

CascadeMinimizer.cc[188] : (in function: improveOnce) - Minimization configured with Type=Minuit2, Algo=Migrad, strategy=0, tolerance=0.1
CascadeMinimizer.cc[215] : (in function: improveOnce) - Minimization finished with status=0
CascadeMinimizer.cc[219] : (in function: improveOnce) - Minimization success! status=0
AsymptoticLimits.cc[552] : (in function: findExpectedLimitFromCrossing) - At r = 1013.000000:	delta(nll) = 0.71073

CascadeMinimizer.cc[188] : (in function: improveOnce) - Minimization configured with Type=Minuit2, Algo=Migrad, strategy=0, tolerance=0.1
CascadeMinimizer.cc[215] : (in function: improveOnce) - Minimization finished with status=0
CascadeMinimizer.cc[219] : (in function: improveOnce) - Minimization success! status=0
AsymptoticLimits.cc[552] : (in function: findExpectedLimitFromCrossing) - At r = 1014.000000:	delta(nll) = 0.72096

CascadeMinimizer.cc[188] : (in function: improveOnce) - Minimization configured with Type=Minuit2, Algo=Migrad, strategy=0, tolerance=0.1
CascadeMinimizer.cc[215] : (in function: improveOnce) - Minimization finished with status=0
CascadeMinimizer.cc[219] : (in function: improveOnce) - Minimization success! status=0
AsymptoticLimits.cc[552] : (in function: findExpectedLimitFromCrossing) - At r = 1015.000000:	delta(nll) = 0.73128

CascadeMinimizer.cc[188] : (in function: improveOnce) - Minimization configured with Type=Minuit2, Algo=Migrad, strategy=0, tolerance=0.1
CascadeMinimizer.cc[215] : (in function: improveOnce) - Minimization finished with status=0
CascadeMinimizer.cc[219] : (in function: improveOnce) - Minimization success! status=0
AsymptoticLimits.cc[552] : (in function: findExpectedLimitFromCrossing) - At r = 1016.000000:	delta(nll) = 0.74168

CascadeMinimizer.cc[188] : (in function: improveOnce) - Minimization configured with Type=Minuit2, Algo=Migrad, strategy=0, tolerance=0.1
CascadeMinimizer.cc[215] : (in function: improveOnce) - Minimization finished with status=0
CascadeMinimizer.cc[219] : (in function: improveOnce) - Minimization success! status=0
AsymptoticLimits.cc[552] : (in function: findExpectedLimitFromCrossing) - At r = 1017.000000:	delta(nll) = 0.75217

CascadeMinimizer.cc[188] : (in function: improveOnce) - Minimization configured with Type=Minuit2, Algo=Migrad, strategy=0, tolerance=0.1
CascadeMinimizer.cc[215] : (in function: improveOnce) - Minimization finished with status=0
CascadeMinimizer.cc[219] : (in function: improveOnce) - Minimization success! status=0
AsymptoticLimits.cc[552] : (in function: findExpectedLimitFromCrossing) - At r = 1018.000000:	delta(nll) = 0.76275

CascadeMinimizer.cc[188] : (in function: improveOnce) - Minimization configured with Type=Minuit2, Algo=Migrad, strategy=0, tolerance=0.1
CascadeMinimizer.cc[215] : (in function: improveOnce) - Minimization finished with status=0
CascadeMinimizer.cc[219] : (in function: improveOnce) - Minimization success! status=0
AsymptoticLimits.cc[552] : (in function: findExpectedLimitFromCrossing) - At r = 1019.000000:	delta(nll) = 0.77341

CascadeMinimizer.cc[188] : (in function: improveOnce) - Minimization configured with Type=Minuit2, Algo=Migrad, strategy=0, tolerance=0.1
CascadeMinimizer.cc[215] : (in function: improveOnce) - Minimization finished with status=0
CascadeMinimizer.cc[219] : (in function: improveOnce) - Minimization success! status=0
AsymptoticLimits.cc[552] : (in function: findExpectedLimitFromCrossing) - At r = 1020.000000:	delta(nll) = 0.78416

CascadeMinimizer.cc[188] : (in function: improveOnce) - Minimization configured with Type=Minuit2, Algo=Migrad, strategy=0, tolerance=0.1
CascadeMinimizer.cc[215] : (in function: improveOnce) - Minimization finished with status=0
CascadeMinimizer.cc[219] : (in function: improveOnce) - Minimization success! status=0
AsymptoticLimits.cc[552] : (in function: findExpectedLimitFromCrossing) - At r = 1021.000000:	delta(nll) = 0.79499

CascadeMinimizer.cc[188] : (in function: improveOnce) - Minimization configured with Type=Minuit2, Algo=Migrad, strategy=0, tolerance=0.1
CascadeMinimizer.cc[215] : (in function: improveOnce) - Minimization finished with status=0
CascadeMinimizer.cc[219] : (in function: improveOnce) - Minimization success! status=0
AsymptoticLimits.cc[552] : (in function: findExpectedLimitFromCrossing) - At r = 1022.000000:	delta(nll) = 0.80591

CascadeMinimizer.cc[188] : (in function: improveOnce) - Minimization configured with Type=Minuit2, Algo=Migrad, strategy=0, tolerance=0.1
CascadeMinimizer.cc[215] : (in function: improveOnce) - Minimization finished with status=0
CascadeMinimizer.cc[219] : (in function: improveOnce) - Minimization success! status=0
AsymptoticLimits.cc[552] : (in function: findExpectedLimitFromCrossing) - At r = 1023.000000:	delta(nll) = 0.81692

CascadeMinimizer.cc[188] : (in function: improveOnce) - Minimization configured with Type=Minuit2, Algo=Migrad, strategy=0, tolerance=0.1
CascadeMinimizer.cc[215] : (in function: improveOnce) - Minimization finished with status=0
CascadeMinimizer.cc[219] : (in function: improveOnce) - Minimization success! status=0
AsymptoticLimits.cc[552] : (in function: findExpectedLimitFromCrossing) - At r = 1024.000000:	delta(nll) = 0.82801

CascadeMinimizer.cc[188] : (in function: improveOnce) - Minimization configured with Type=Minuit2, Algo=Migrad, strategy=0, tolerance=0.1
CascadeMinimizer.cc[215] : (in function: improveOnce) - Minimization finished with status=0
CascadeMinimizer.cc[219] : (in function: improveOnce) - Minimization success! status=0
AsymptoticLimits.cc[552] : (in function: findExpectedLimitFromCrossing) - At r = 1025.000000:	delta(nll) = 0.83918

CascadeMinimizer.cc[188] : (in function: improveOnce) - Minimization configured with Type=Minuit2, Algo=Migrad, strategy=0, tolerance=0.1
CascadeMinimizer.cc[215] : (in function: improveOnce) - Minimization finished with status=0
CascadeMinimizer.cc[219] : (in function: improveOnce) - Minimization success! status=0
AsymptoticLimits.cc[552] : (in function: findExpectedLimitFromCrossing) - At r = 1026.000000:	delta(nll) = 0.85044

CascadeMinimizer.cc[188] : (in function: improveOnce) - Minimization configured with Type=Minuit2, Algo=Migrad, strategy=0, tolerance=0.1
CascadeMinimizer.cc[215] : (in function: improveOnce) - Minimization finished with status=0
CascadeMinimizer.cc[219] : (in function: improveOnce) - Minimization success! status=0
AsymptoticLimits.cc[552] : (in function: findExpectedLimitFromCrossing) - At r = 1027.000000:	delta(nll) = 0.86179

CascadeMinimizer.cc[188] : (in function: improveOnce) - Minimization configured with Type=Minuit2, Algo=Migrad, strategy=0, tolerance=0.1
CascadeMinimizer.cc[215] : (in function: improveOnce) - Minimization finished with status=0
CascadeMinimizer.cc[219] : (in function: improveOnce) - Minimization success! status=0
AsymptoticLimits.cc[552] : (in function: findExpectedLimitFromCrossing) - At r = 1028.000000:	delta(nll) = 0.87321

CascadeMinimizer.cc[188] : (in function: improveOnce) - Minimization configured with Type=Minuit2, Algo=Migrad, strategy=0, tolerance=0.1
CascadeMinimizer.cc[215] : (in function: improveOnce) - Minimization finished with status=0
CascadeMinimizer.cc[219] : (in function: improveOnce) - Minimization success! status=0
AsymptoticLimits.cc[552] : (in function: findExpectedLimitFromCrossing) - At r = 1029.000000:	delta(nll) = 0.88473

CascadeMinimizer.cc[188] : (in function: improveOnce) - Minimization configured with Type=Minuit2, Algo=Migrad, strategy=0, tolerance=0.1
CascadeMinimizer.cc[215] : (in function: improveOnce) - Minimization finished with status=0
CascadeMinimizer.cc[219] : (in function: improveOnce) - Minimization success! status=0
AsymptoticLimits.cc[552] : (in function: findExpectedLimitFromCrossing) - At r = 1030.000000:	delta(nll) = 0.89632

CascadeMinimizer.cc[188] : (in function: improveOnce) - Minimization configured with Type=Minuit2, Algo=Migrad, strategy=0, tolerance=0.1
CascadeMinimizer.cc[215] : (in function: improveOnce) - Minimization finished with status=0
CascadeMinimizer.cc[219] : (in function: improveOnce) - Minimization success! status=0
AsymptoticLimits.cc[552] : (in function: findExpectedLimitFromCrossing) - At r = 1031.000000:	delta(nll) = 0.90801

CascadeMinimizer.cc[188] : (in function: improveOnce) - Minimization configured with Type=Minuit2, Algo=Migrad, strategy=0, tolerance=0.1
CascadeMinimizer.cc[215] : (in function: improveOnce) - Minimization finished with status=0
CascadeMinimizer.cc[219] : (in function: improveOnce) - Minimization success! status=0
AsymptoticLimits.cc[552] : (in function: findExpectedLimitFromCrossing) - At r = 1032.000000:	delta(nll) = 0.91977

CascadeMinimizer.cc[188] : (in function: improveOnce) - Minimization configured with Type=Minuit2, Algo=Migrad, strategy=0, tolerance=0.1
CascadeMinimizer.cc[215] : (in function: improveOnce) - Minimization finished with status=0
CascadeMinimizer.cc[219] : (in function: improveOnce) - Minimization success! status=0
AsymptoticLimits.cc[552] : (in function: findExpectedLimitFromCrossing) - At r = 1033.000000:	delta(nll) = 0.93162

CascadeMinimizer.cc[188] : (in function: improveOnce) - Minimization configured with Type=Minuit2, Algo=Migrad, strategy=0, tolerance=0.1
CascadeMinimizer.cc[215] : (in function: improveOnce) - Minimization finished with status=0
CascadeMinimizer.cc[219] : (in function: improveOnce) - Minimization success! status=0
AsymptoticLimits.cc[552] : (in function: findExpectedLimitFromCrossing) - At r = 1034.000000:	delta(nll) = 0.94354

CascadeMinimizer.cc[188] : (in function: improveOnce) - Minimization configured with Type=Minuit2, Algo=Migrad, strategy=0, tolerance=0.1
CascadeMinimizer.cc[215] : (in function: improveOnce) - Minimization finished with status=0
CascadeMinimizer.cc[219] : (in function: improveOnce) - Minimization success! status=0
AsymptoticLimits.cc[552] : (in function: findExpectedLimitFromCrossing) - At r = 1035.000000:	delta(nll) = 0.95556

CascadeMinimizer.cc[188] : (in function: improveOnce) - Minimization configured with Type=Minuit2, Algo=Migrad, strategy=0, tolerance=0.1
CascadeMinimizer.cc[215] : (in function: improveOnce) - Minimization finished with status=0
CascadeMinimizer.cc[219] : (in function: improveOnce) - Minimization success! status=0
AsymptoticLimits.cc[552] : (in function: findExpectedLimitFromCrossing) - At r = 1036.000000:	delta(nll) = 0.96765

CascadeMinimizer.cc[188] : (in function: improveOnce) - Minimization configured with Type=Minuit2, Algo=Migrad, strategy=0, tolerance=0.1
CascadeMinimizer.cc[215] : (in function: improveOnce) - Minimization finished with status=0
CascadeMinimizer.cc[219] : (in function: improveOnce) - Minimization success! status=0
AsymptoticLimits.cc[552] : (in function: findExpectedLimitFromCrossing) - At r = 1037.000000:	delta(nll) = 0.97983

CascadeMinimizer.cc[188] : (in function: improveOnce) - Minimization configured with Type=Minuit2, Algo=Migrad, strategy=0, tolerance=0.1
CascadeMinimizer.cc[215] : (in function: improveOnce) - Minimization finished with status=0
CascadeMinimizer.cc[219] : (in function: improveOnce) - Minimization success! status=0
AsymptoticLimits.cc[552] : (in function: findExpectedLimitFromCrossing) - At r = 1038.000000:	delta(nll) = 0.99209

CascadeMinimizer.cc[188] : (in function: improveOnce) - Minimization configured with Type=Minuit2, Algo=Migrad, strategy=0, tolerance=0.1
CascadeMinimizer.cc[215] : (in function: improveOnce) - Minimization finished with status=0
CascadeMinimizer.cc[219] : (in function: improveOnce) - Minimization success! status=0
AsymptoticLimits.cc[552] : (in function: findExpectedLimitFromCrossing) - At r = 1039.000000:	delta(nll) = 1.00443

CascadeMinimizer.cc[188] : (in function: improveOnce) - Minimization configured with Type=Minuit2, Algo=Migrad, strategy=0, tolerance=0.1
CascadeMinimizer.cc[215] : (in function: improveOnce) - Minimization finished with status=0
CascadeMinimizer.cc[219] : (in function: improveOnce) - Minimization success! status=0
AsymptoticLimits.cc[552] : (in function: findExpectedLimitFromCrossing) - At r = 1040.000000:	delta(nll) = 1.01685

CascadeMinimizer.cc[188] : (in function: improveOnce) - Minimization configured with Type=Minuit2, Algo=Migrad, strategy=0, tolerance=0.1
CascadeMinimizer.cc[215] : (in function: improveOnce) - Minimization finished with status=0
CascadeMinimizer.cc[219] : (in function: improveOnce) - Minimization success! status=0
AsymptoticLimits.cc[552] : (in function: findExpectedLimitFromCrossing) - At r = 1041.000000:	delta(nll) = 1.02935

CascadeMinimizer.cc[188] : (in function: improveOnce) - Minimization configured with Type=Minuit2, Algo=Migrad, strategy=0, tolerance=0.1
CascadeMinimizer.cc[215] : (in function: improveOnce) - Minimization finished with status=0
CascadeMinimizer.cc[219] : (in function: improveOnce) - Minimization success! status=0
AsymptoticLimits.cc[552] : (in function: findExpectedLimitFromCrossing) - At r = 1042.000000:	delta(nll) = 1.04194

CascadeMinimizer.cc[188] : (in function: improveOnce) - Minimization configured with Type=Minuit2, Algo=Migrad, strategy=0, tolerance=0.1
CascadeMinimizer.cc[215] : (in function: improveOnce) - Minimization finished with status=0
CascadeMinimizer.cc[219] : (in function: improveOnce) - Minimization success! status=0
AsymptoticLimits.cc[552] : (in function: findExpectedLimitFromCrossing) - At r = 1043.000000:	delta(nll) = 1.05461

CascadeMinimizer.cc[188] : (in function: improveOnce) - Minimization configured with Type=Minuit2, Algo=Migrad, strategy=0, tolerance=0.1
CascadeMinimizer.cc[215] : (in function: improveOnce) - Minimization finished with status=0
CascadeMinimizer.cc[219] : (in function: improveOnce) - Minimization success! status=0
AsymptoticLimits.cc[552] : (in function: findExpectedLimitFromCrossing) - At r = 1044.000000:	delta(nll) = 1.06736

CascadeMinimizer.cc[188] : (in function: improveOnce) - Minimization configured with Type=Minuit2, Algo=Migrad, strategy=0, tolerance=0.1
CascadeMinimizer.cc[215] : (in function: improveOnce) - Minimization finished with status=0
CascadeMinimizer.cc[219] : (in function: improveOnce) - Minimization success! status=0
AsymptoticLimits.cc[552] : (in function: findExpectedLimitFromCrossing) - At r = 1045.000000:	delta(nll) = 1.08018

CascadeMinimizer.cc[188] : (in function: improveOnce) - Minimization configured with Type=Minuit2, Algo=Migrad, strategy=0, tolerance=0.1
CascadeMinimizer.cc[215] : (in function: improveOnce) - Minimization finished with status=0
CascadeMinimizer.cc[219] : (in function: improveOnce) - Minimization success! status=0
AsymptoticLimits.cc[552] : (in function: findExpectedLimitFromCrossing) - At r = 1046.000000:	delta(nll) = 1.09309

CascadeMinimizer.cc[188] : (in function: improveOnce) - Minimization configured with Type=Minuit2, Algo=Migrad, strategy=0, tolerance=0.1
CascadeMinimizer.cc[215] : (in function: improveOnce) - Minimization finished with status=0
CascadeMinimizer.cc[219] : (in function: improveOnce) - Minimization success! status=0
AsymptoticLimits.cc[552] : (in function: findExpectedLimitFromCrossing) - At r = 1047.000000:	delta(nll) = 1.10608

CascadeMinimizer.cc[188] : (in function: improveOnce) - Minimization configured with Type=Minuit2, Algo=Migrad, strategy=0, tolerance=0.1
CascadeMinimizer.cc[215] : (in function: improveOnce) - Minimization finished with status=0
CascadeMinimizer.cc[219] : (in function: improveOnce) - Minimization success! status=0
AsymptoticLimits.cc[552] : (in function: findExpectedLimitFromCrossing) - At r = 1048.000000:	delta(nll) = 1.11914

CascadeMinimizer.cc[188] : (in function: improveOnce) - Minimization configured with Type=Minuit2, Algo=Migrad, strategy=0, tolerance=0.1
CascadeMinimizer.cc[215] : (in function: improveOnce) - Minimization finished with status=0
CascadeMinimizer.cc[219] : (in function: improveOnce) - Minimization success! status=0
AsymptoticLimits.cc[552] : (in function: findExpectedLimitFromCrossing) - At r = 1049.000000:	delta(nll) = 1.13229

CascadeMinimizer.cc[188] : (in function: improveOnce) - Minimization configured with Type=Minuit2, Algo=Migrad, strategy=0, tolerance=0.1
CascadeMinimizer.cc[215] : (in function: improveOnce) - Minimization finished with status=0
CascadeMinimizer.cc[219] : (in function: improveOnce) - Minimization success! status=0
AsymptoticLimits.cc[552] : (in function: findExpectedLimitFromCrossing) - At r = 1050.000000:	delta(nll) = 1.14553

CascadeMinimizer.cc[188] : (in function: improveOnce) - Minimization configured with Type=Minuit2, Algo=Migrad, strategy=0, tolerance=0.1
CascadeMinimizer.cc[215] : (in function: improveOnce) - Minimization finished with status=0
CascadeMinimizer.cc[219] : (in function: improveOnce) - Minimization success! status=0
AsymptoticLimits.cc[552] : (in function: findExpectedLimitFromCrossing) - At r = 1051.000000:	delta(nll) = 1.15884

CascadeMinimizer.cc[188] : (in function: improveOnce) - Minimization configured with Type=Minuit2, Algo=Migrad, strategy=0, tolerance=0.1
CascadeMinimizer.cc[215] : (in function: improveOnce) - Minimization finished with status=0
CascadeMinimizer.cc[219] : (in function: improveOnce) - Minimization success! status=0
AsymptoticLimits.cc[552] : (in function: findExpectedLimitFromCrossing) - At r = 1052.000000:	delta(nll) = 1.17222

CascadeMinimizer.cc[188] : (in function: improveOnce) - Minimization configured with Type=Minuit2, Algo=Migrad, strategy=0, tolerance=0.1
CascadeMinimizer.cc[215] : (in function: improveOnce) - Minimization finished with status=0
CascadeMinimizer.cc[219] : (in function: improveOnce) - Minimization success! status=0
AsymptoticLimits.cc[552] : (in function: findExpectedLimitFromCrossing) - At r = 1053.000000:	delta(nll) = 1.18569

CascadeMinimizer.cc[188] : (in function: improveOnce) - Minimization configured with Type=Minuit2, Algo=Migrad, strategy=0, tolerance=0.1
CascadeMinimizer.cc[215] : (in function: improveOnce) - Minimization finished with status=0
CascadeMinimizer.cc[219] : (in function: improveOnce) - Minimization success! status=0
AsymptoticLimits.cc[552] : (in function: findExpectedLimitFromCrossing) - At r = 1054.000000:	delta(nll) = 1.19924

CascadeMinimizer.cc[188] : (in function: improveOnce) - Minimization configured with Type=Minuit2, Algo=Migrad, strategy=0, tolerance=0.1
CascadeMinimizer.cc[215] : (in function: improveOnce) - Minimization finished with status=0
CascadeMinimizer.cc[219] : (in function: improveOnce) - Minimization success! status=0
AsymptoticLimits.cc[552] : (in function: findExpectedLimitFromCrossing) - At r = 1055.000000:	delta(nll) = 1.21286

CascadeMinimizer.cc[188] : (in function: improveOnce) - Minimization configured with Type=Minuit2, Algo=Migrad, strategy=0, tolerance=0.1
CascadeMinimizer.cc[215] : (in function: improveOnce) - Minimization finished with status=0
CascadeMinimizer.cc[219] : (in function: improveOnce) - Minimization success! status=0
AsymptoticLimits.cc[552] : (in function: findExpectedLimitFromCrossing) - At r = 1056.000000:	delta(nll) = 1.22657

CascadeMinimizer.cc[188] : (in function: improveOnce) - Minimization configured with Type=Minuit2, Algo=Migrad, strategy=0, tolerance=0.1
CascadeMinimizer.cc[215] : (in function: improveOnce) - Minimization finished with status=0
CascadeMinimizer.cc[219] : (in function: improveOnce) - Minimization success! status=0
AsymptoticLimits.cc[552] : (in function: findExpectedLimitFromCrossing) - At r = 1057.000000:	delta(nll) = 1.24035

CascadeMinimizer.cc[188] : (in function: improveOnce) - Minimization configured with Type=Minuit2, Algo=Migrad, strategy=0, tolerance=0.1
CascadeMinimizer.cc[215] : (in function: improveOnce) - Minimization finished with status=0
CascadeMinimizer.cc[219] : (in function: improveOnce) - Minimization success! status=0
AsymptoticLimits.cc[552] : (in function: findExpectedLimitFromCrossing) - At r = 1058.000000:	delta(nll) = 1.25421

CascadeMinimizer.cc[188] : (in function: improveOnce) - Minimization configured with Type=Minuit2, Algo=Migrad, strategy=0, tolerance=0.1
CascadeMinimizer.cc[215] : (in function: improveOnce) - Minimization finished with status=0
CascadeMinimizer.cc[219] : (in function: improveOnce) - Minimization success! status=0
AsymptoticLimits.cc[552] : (in function: findExpectedLimitFromCrossing) - At r = 1059.000000:	delta(nll) = 1.26815

CascadeMinimizer.cc[188] : (in function: improveOnce) - Minimization configured with Type=Minuit2, Algo=Migrad, strategy=0, tolerance=0.1
CascadeMinimizer.cc[215] : (in function: improveOnce) - Minimization finished with status=0
CascadeMinimizer.cc[219] : (in function: improveOnce) - Minimization success! status=0
AsymptoticLimits.cc[552] : (in function: findExpectedLimitFromCrossing) - At r = 1060.000000:	delta(nll) = 1.28217

CascadeMinimizer.cc[188] : (in function: improveOnce) - Minimization configured with Type=Minuit2, Algo=Migrad, strategy=0, tolerance=0.1
CascadeMinimizer.cc[215] : (in function: improveOnce) - Minimization finished with status=0
CascadeMinimizer.cc[219] : (in function: improveOnce) - Minimization success! status=0
AsymptoticLimits.cc[552] : (in function: findExpectedLimitFromCrossing) - At r = 1061.000000:	delta(nll) = 1.29627

CascadeMinimizer.cc[188] : (in function: improveOnce) - Minimization configured with Type=Minuit2, Algo=Migrad, strategy=0, tolerance=0.1
CascadeMinimizer.cc[215] : (in function: improveOnce) - Minimization finished with status=0
CascadeMinimizer.cc[219] : (in function: improveOnce) - Minimization success! status=0
AsymptoticLimits.cc[552] : (in function: findExpectedLimitFromCrossing) - At r = 1062.000000:	delta(nll) = 1.31045

CascadeMinimizer.cc[188] : (in function: improveOnce) - Minimization configured with Type=Minuit2, Algo=Migrad, strategy=0, tolerance=0.1
CascadeMinimizer.cc[215] : (in function: improveOnce) - Minimization finished with status=0
CascadeMinimizer.cc[219] : (in function: improveOnce) - Minimization success! status=0
AsymptoticLimits.cc[552] : (in function: findExpectedLimitFromCrossing) - At r = 1063.000000:	delta(nll) = 1.32470

CascadeMinimizer.cc[188] : (in function: improveOnce) - Minimization configured with Type=Minuit2, Algo=Migrad, strategy=0, tolerance=0.1
CascadeMinimizer.cc[215] : (in function: improveOnce) - Minimization finished with status=0
CascadeMinimizer.cc[219] : (in function: improveOnce) - Minimization success! status=0
AsymptoticLimits.cc[552] : (in function: findExpectedLimitFromCrossing) - At r = 1064.000000:	delta(nll) = 1.33903

CascadeMinimizer.cc[188] : (in function: improveOnce) - Minimization configured with Type=Minuit2, Algo=Migrad, strategy=0, tolerance=0.1
CascadeMinimizer.cc[215] : (in function: improveOnce) - Minimization finished with status=0
CascadeMinimizer.cc[219] : (in function: improveOnce) - Minimization success! status=0
AsymptoticLimits.cc[552] : (in function: findExpectedLimitFromCrossing) - At r = 1065.000000:	delta(nll) = 1.35343

CascadeMinimizer.cc[188] : (in function: improveOnce) - Minimization configured with Type=Minuit2, Algo=Migrad, strategy=0, tolerance=0.1
CascadeMinimizer.cc[215] : (in function: improveOnce) - Minimization finished with status=0
CascadeMinimizer.cc[219] : (in function: improveOnce) - Minimization success! status=0
AsymptoticLimits.cc[552] : (in function: findExpectedLimitFromCrossing) - At r = 1066.000000:	delta(nll) = 1.36792

CascadeMinimizer.cc[188] : (in function: improveOnce) - Minimization configured with Type=Minuit2, Algo=Migrad, strategy=0, tolerance=0.1
CascadeMinimizer.cc[215] : (in function: improveOnce) - Minimization finished with status=0
CascadeMinimizer.cc[219] : (in function: improveOnce) - Minimization success! status=0
AsymptoticLimits.cc[552] : (in function: findExpectedLimitFromCrossing) - At r = 1067.000000:	delta(nll) = 1.38248

CascadeMinimizer.cc[188] : (in function: improveOnce) - Minimization configured with Type=Minuit2, Algo=Migrad, strategy=0, tolerance=0.1
CascadeMinimizer.cc[215] : (in function: improveOnce) - Minimization finished with status=0
CascadeMinimizer.cc[219] : (in function: improveOnce) - Minimization success! status=0
AsymptoticLimits.cc[552] : (in function: findExpectedLimitFromCrossing) - At r = 1068.000000:	delta(nll) = 1.39711

CascadeMinimizer.cc[188] : (in function: improveOnce) - Minimization configured with Type=Minuit2, Algo=Migrad, strategy=0, tolerance=0.1
CascadeMinimizer.cc[215] : (in function: improveOnce) - Minimization finished with status=0
CascadeMinimizer.cc[219] : (in function: improveOnce) - Minimization success! status=0
AsymptoticLimits.cc[552] : (in function: findExpectedLimitFromCrossing) - At r = 1069.000000:	delta(nll) = 1.41182

CascadeMinimizer.cc[188] : (in function: improveOnce) - Minimization configured with Type=Minuit2, Algo=Migrad, strategy=0, tolerance=0.1
CascadeMinimizer.cc[215] : (in function: improveOnce) - Minimization finished with status=0
CascadeMinimizer.cc[219] : (in function: improveOnce) - Minimization success! status=0
AsymptoticLimits.cc[552] : (in function: findExpectedLimitFromCrossing) - At r = 1070.000000:	delta(nll) = 1.42661

CascadeMinimizer.cc[188] : (in function: improveOnce) - Minimization configured with Type=Minuit2, Algo=Migrad, strategy=0, tolerance=0.1
CascadeMinimizer.cc[215] : (in function: improveOnce) - Minimization finished with status=0
CascadeMinimizer.cc[219] : (in function: improveOnce) - Minimization success! status=0
AsymptoticLimits.cc[552] : (in function: findExpectedLimitFromCrossing) - At r = 1071.000000:	delta(nll) = 1.44147

CascadeMinimizer.cc[188] : (in function: improveOnce) - Minimization configured with Type=Minuit2, Algo=Migrad, strategy=0, tolerance=0.1
CascadeMinimizer.cc[215] : (in function: improveOnce) - Minimization finished with status=0
CascadeMinimizer.cc[219] : (in function: improveOnce) - Minimization success! status=0
AsymptoticLimits.cc[552] : (in function: findExpectedLimitFromCrossing) - At r = 1072.000000:	delta(nll) = 1.45641

CascadeMinimizer.cc[188] : (in function: improveOnce) - Minimization configured with Type=Minuit2, Algo=Migrad, strategy=0, tolerance=0.1
CascadeMinimizer.cc[215] : (in function: improveOnce) - Minimization finished with status=0
CascadeMinimizer.cc[219] : (in function: improveOnce) - Minimization success! status=0
AsymptoticLimits.cc[552] : (in function: findExpectedLimitFromCrossing) - At r = 1073.000000:	delta(nll) = 1.47143

CascadeMinimizer.cc[188] : (in function: improveOnce) - Minimization configured with Type=Minuit2, Algo=Migrad, strategy=0, tolerance=0.1
CascadeMinimizer.cc[215] : (in function: improveOnce) - Minimization finished with status=0
CascadeMinimizer.cc[219] : (in function: improveOnce) - Minimization success! status=0
AsymptoticLimits.cc[552] : (in function: findExpectedLimitFromCrossing) - At r = 1074.000000:	delta(nll) = 1.48652

CascadeMinimizer.cc[188] : (in function: improveOnce) - Minimization configured with Type=Minuit2, Algo=Migrad, strategy=0, tolerance=0.1
CascadeMinimizer.cc[215] : (in function: improveOnce) - Minimization finished with status=0
CascadeMinimizer.cc[219] : (in function: improveOnce) - Minimization success! status=0
AsymptoticLimits.cc[552] : (in function: findExpectedLimitFromCrossing) - At r = 1075.000000:	delta(nll) = 1.50168

CascadeMinimizer.cc[188] : (in function: improveOnce) - Minimization configured with Type=Minuit2, Algo=Migrad, strategy=0, tolerance=0.1
CascadeMinimizer.cc[215] : (in function: improveOnce) - Minimization finished with status=0
CascadeMinimizer.cc[219] : (in function: improveOnce) - Minimization success! status=0
AsymptoticLimits.cc[552] : (in function: findExpectedLimitFromCrossing) - At r = 1076.000000:	delta(nll) = 1.51692

CascadeMinimizer.cc[188] : (in function: improveOnce) - Minimization configured with Type=Minuit2, Algo=Migrad, strategy=0, tolerance=0.1
CascadeMinimizer.cc[215] : (in function: improveOnce) - Minimization finished with status=0
CascadeMinimizer.cc[219] : (in function: improveOnce) - Minimization success! status=0
AsymptoticLimits.cc[552] : (in function: findExpectedLimitFromCrossing) - At r = 1077.000000:	delta(nll) = 1.53224

CascadeMinimizer.cc[188] : (in function: improveOnce) - Minimization configured with Type=Minuit2, Algo=Migrad, strategy=0, tolerance=0.1
CascadeMinimizer.cc[215] : (in function: improveOnce) - Minimization finished with status=0
CascadeMinimizer.cc[219] : (in function: improveOnce) - Minimization success! status=0
AsymptoticLimits.cc[552] : (in function: findExpectedLimitFromCrossing) - At r = 1078.000000:	delta(nll) = 1.54763

CascadeMinimizer.cc[188] : (in function: improveOnce) - Minimization configured with Type=Minuit2, Algo=Migrad, strategy=0, tolerance=0.1
CascadeMinimizer.cc[215] : (in function: improveOnce) - Minimization finished with status=0
CascadeMinimizer.cc[219] : (in function: improveOnce) - Minimization success! status=0
AsymptoticLimits.cc[552] : (in function: findExpectedLimitFromCrossing) - At r = 1079.000000:	delta(nll) = 1.56310

CascadeMinimizer.cc[188] : (in function: improveOnce) - Minimization configured with Type=Minuit2, Algo=Migrad, strategy=0, tolerance=0.1
CascadeMinimizer.cc[215] : (in function: improveOnce) - Minimization finished with status=0
CascadeMinimizer.cc[219] : (in function: improveOnce) - Minimization success! status=0
AsymptoticLimits.cc[552] : (in function: findExpectedLimitFromCrossing) - At r = 1080.000000:	delta(nll) = 1.57864

CascadeMinimizer.cc[188] : (in function: improveOnce) - Minimization configured with Type=Minuit2, Algo=Migrad, strategy=0, tolerance=0.1
CascadeMinimizer.cc[215] : (in function: improveOnce) - Minimization finished with status=0
CascadeMinimizer.cc[219] : (in function: improveOnce) - Minimization success! status=0
AsymptoticLimits.cc[552] : (in function: findExpectedLimitFromCrossing) - At r = 1081.000000:	delta(nll) = 1.59425

CascadeMinimizer.cc[188] : (in function: improveOnce) - Minimization configured with Type=Minuit2, Algo=Migrad, strategy=0, tolerance=0.1
CascadeMinimizer.cc[215] : (in function: improveOnce) - Minimization finished with status=0
CascadeMinimizer.cc[219] : (in function: improveOnce) - Minimization success! status=0
AsymptoticLimits.cc[552] : (in function: findExpectedLimitFromCrossing) - At r = 1082.000000:	delta(nll) = 1.60994

CascadeMinimizer.cc[188] : (in function: improveOnce) - Minimization configured with Type=Minuit2, Algo=Migrad, strategy=0, tolerance=0.1
CascadeMinimizer.cc[215] : (in function: improveOnce) - Minimization finished with status=0
CascadeMinimizer.cc[219] : (in function: improveOnce) - Minimization success! status=0
AsymptoticLimits.cc[552] : (in function: findExpectedLimitFromCrossing) - At r = 1083.000000:	delta(nll) = 1.62570

CascadeMinimizer.cc[188] : (in function: improveOnce) - Minimization configured with Type=Minuit2, Algo=Migrad, strategy=0, tolerance=0.1
CascadeMinimizer.cc[215] : (in function: improveOnce) - Minimization finished with status=0
CascadeMinimizer.cc[219] : (in function: improveOnce) - Minimization success! status=0
AsymptoticLimits.cc[552] : (in function: findExpectedLimitFromCrossing) - At r = 1084.000000:	delta(nll) = 1.64154

CascadeMinimizer.cc[188] : (in function: improveOnce) - Minimization configured with Type=Minuit2, Algo=Migrad, strategy=0, tolerance=0.1
CascadeMinimizer.cc[215] : (in function: improveOnce) - Minimization finished with status=0
CascadeMinimizer.cc[219] : (in function: improveOnce) - Minimization success! status=0
AsymptoticLimits.cc[552] : (in function: findExpectedLimitFromCrossing) - At r = 1085.000000:	delta(nll) = 1.65745

CascadeMinimizer.cc[188] : (in function: improveOnce) - Minimization configured with Type=Minuit2, Algo=Migrad, strategy=0, tolerance=0.1
CascadeMinimizer.cc[215] : (in function: improveOnce) - Minimization finished with status=0
CascadeMinimizer.cc[219] : (in function: improveOnce) - Minimization success! status=0
AsymptoticLimits.cc[552] : (in function: findExpectedLimitFromCrossing) - At r = 1086.000000:	delta(nll) = 1.67343

CascadeMinimizer.cc[188] : (in function: improveOnce) - Minimization configured with Type=Minuit2, Algo=Migrad, strategy=0, tolerance=0.1
CascadeMinimizer.cc[215] : (in function: improveOnce) - Minimization finished with status=0
CascadeMinimizer.cc[219] : (in function: improveOnce) - Minimization success! status=0
AsymptoticLimits.cc[552] : (in function: findExpectedLimitFromCrossing) - At r = 1087.000000:	delta(nll) = 1.68949

CascadeMinimizer.cc[188] : (in function: improveOnce) - Minimization configured with Type=Minuit2, Algo=Migrad, strategy=0, tolerance=0.1
CascadeMinimizer.cc[215] : (in function: improveOnce) - Minimization finished with status=0
CascadeMinimizer.cc[219] : (in function: improveOnce) - Minimization success! status=0
AsymptoticLimits.cc[552] : (in function: findExpectedLimitFromCrossing) - At r = 1088.000000:	delta(nll) = 1.70562

CascadeMinimizer.cc[188] : (in function: improveOnce) - Minimization configured with Type=Minuit2, Algo=Migrad, strategy=0, tolerance=0.1
CascadeMinimizer.cc[215] : (in function: improveOnce) - Minimization finished with status=0
CascadeMinimizer.cc[219] : (in function: improveOnce) - Minimization success! status=0
AsymptoticLimits.cc[552] : (in function: findExpectedLimitFromCrossing) - At r = 1089.000000:	delta(nll) = 1.72182

CascadeMinimizer.cc[188] : (in function: improveOnce) - Minimization configured with Type=Minuit2, Algo=Migrad, strategy=0, tolerance=0.1
CascadeMinimizer.cc[215] : (in function: improveOnce) - Minimization finished with status=0
CascadeMinimizer.cc[219] : (in function: improveOnce) - Minimization success! status=0
AsymptoticLimits.cc[552] : (in function: findExpectedLimitFromCrossing) - At r = 1090.000000:	delta(nll) = 1.73809

CascadeMinimizer.cc[188] : (in function: improveOnce) - Minimization configured with Type=Minuit2, Algo=Migrad, strategy=0, tolerance=0.1
CascadeMinimizer.cc[215] : (in function: improveOnce) - Minimization finished with status=0
CascadeMinimizer.cc[219] : (in function: improveOnce) - Minimization success! status=0
AsymptoticLimits.cc[552] : (in function: findExpectedLimitFromCrossing) - At r = 1091.000000:	delta(nll) = 1.75444

CascadeMinimizer.cc[188] : (in function: improveOnce) - Minimization configured with Type=Minuit2, Algo=Migrad, strategy=0, tolerance=0.1
CascadeMinimizer.cc[215] : (in function: improveOnce) - Minimization finished with status=0
CascadeMinimizer.cc[219] : (in function: improveOnce) - Minimization success! status=0
AsymptoticLimits.cc[552] : (in function: findExpectedLimitFromCrossing) - At r = 1092.000000:	delta(nll) = 1.77085

CascadeMinimizer.cc[188] : (in function: improveOnce) - Minimization configured with Type=Minuit2, Algo=Migrad, strategy=0, tolerance=0.1
CascadeMinimizer.cc[215] : (in function: improveOnce) - Minimization finished with status=0
CascadeMinimizer.cc[219] : (in function: improveOnce) - Minimization success! status=0
AsymptoticLimits.cc[552] : (in function: findExpectedLimitFromCrossing) - At r = 1093.000000:	delta(nll) = 1.78734

CascadeMinimizer.cc[188] : (in function: improveOnce) - Minimization configured with Type=Minuit2, Algo=Migrad, strategy=0, tolerance=0.1
CascadeMinimizer.cc[215] : (in function: improveOnce) - Minimization finished with status=0
CascadeMinimizer.cc[219] : (in function: improveOnce) - Minimization success! status=0
AsymptoticLimits.cc[552] : (in function: findExpectedLimitFromCrossing) - At r = 1094.000000:	delta(nll) = 1.80391

CascadeMinimizer.cc[188] : (in function: improveOnce) - Minimization configured with Type=Minuit2, Algo=Migrad, strategy=0, tolerance=0.1
CascadeMinimizer.cc[215] : (in function: improveOnce) - Minimization finished with status=0
CascadeMinimizer.cc[219] : (in function: improveOnce) - Minimization success! status=0
AsymptoticLimits.cc[552] : (in function: findExpectedLimitFromCrossing) - At r = 1095.000000:	delta(nll) = 1.82055

CascadeMinimizer.cc[188] : (in function: improveOnce) - Minimization configured with Type=Minuit2, Algo=Migrad, strategy=0, tolerance=0.1
CascadeMinimizer.cc[215] : (in function: improveOnce) - Minimization finished with status=0
CascadeMinimizer.cc[219] : (in function: improveOnce) - Minimization success! status=0
AsymptoticLimits.cc[552] : (in function: findExpectedLimitFromCrossing) - At r = 1096.000000:	delta(nll) = 1.83725

CascadeMinimizer.cc[188] : (in function: improveOnce) - Minimization configured with Type=Minuit2, Algo=Migrad, strategy=0, tolerance=0.1
CascadeMinimizer.cc[215] : (in function: improveOnce) - Minimization finished with status=0
CascadeMinimizer.cc[219] : (in function: improveOnce) - Minimization success! status=0
AsymptoticLimits.cc[552] : (in function: findExpectedLimitFromCrossing) - At r = 1097.000000:	delta(nll) = 1.85403

CascadeMinimizer.cc[188] : (in function: improveOnce) - Minimization configured with Type=Minuit2, Algo=Migrad, strategy=0, tolerance=0.1
CascadeMinimizer.cc[215] : (in function: improveOnce) - Minimization finished with status=0
CascadeMinimizer.cc[219] : (in function: improveOnce) - Minimization success! status=0
AsymptoticLimits.cc[552] : (in function: findExpectedLimitFromCrossing) - At r = 1098.000000:	delta(nll) = 1.87088

CascadeMinimizer.cc[188] : (in function: improveOnce) - Minimization configured with Type=Minuit2, Algo=Migrad, strategy=0, tolerance=0.1
CascadeMinimizer.cc[215] : (in function: improveOnce) - Minimization finished with status=0
CascadeMinimizer.cc[219] : (in function: improveOnce) - Minimization success! status=0
AsymptoticLimits.cc[552] : (in function: findExpectedLimitFromCrossing) - At r = 1099.000000:	delta(nll) = 1.88781

CascadeMinimizer.cc[188] : (in function: improveOnce) - Minimization configured with Type=Minuit2, Algo=Migrad, strategy=0, tolerance=0.1
CascadeMinimizer.cc[215] : (in function: improveOnce) - Minimization finished with status=0
CascadeMinimizer.cc[219] : (in function: improveOnce) - Minimization success! status=0
AsymptoticLimits.cc[552] : (in function: findExpectedLimitFromCrossing) - At r = 1100.000000:	delta(nll) = 1.90480

CascadeMinimizer.cc[188] : (in function: improveOnce) - Minimization configured with Type=Minuit2, Algo=Migrad, strategy=0, tolerance=0.1
CascadeMinimizer.cc[215] : (in function: improveOnce) - Minimization finished with status=0
CascadeMinimizer.cc[219] : (in function: improveOnce) - Minimization success! status=0
AsymptoticLimits.cc[552] : (in function: findExpectedLimitFromCrossing) - At r = 1100.500000:	delta(nll) = 1.91334

CascadeMinimizer.cc[188] : (in function: improveOnce) - Minimization configured with Type=Minuit2, Algo=Migrad, strategy=0, tolerance=0.1
CascadeMinimizer.cc[215] : (in function: improveOnce) - Minimization finished with status=0
CascadeMinimizer.cc[219] : (in function: improveOnce) - Minimization success! status=0
AsymptoticLimits.cc[552] : (in function: findExpectedLimitFromCrossing) - At r = 1100.750000:	delta(nll) = 1.91761

AsymptoticLimits.cc[428] : (in function: runLimitExpected) - Median for expected limits = 1100.75, Sigma for expected limits = 561.617
AsymptoticLimits.cc[515] : (in function: findExpectedLimitFromCrossing) - Will search for NLL crossing by bisection
CascadeMinimizer.cc[188] : (in function: improveOnce) - Minimization configured with Type=Minuit2, Algo=Migrad, strategy=0, tolerance=0.1
CascadeMinimizer.cc[215] : (in function: improveOnce) - Minimization finished with status=0
CascadeMinimizer.cc[219] : (in function: improveOnce) - Minimization success! status=0
AsymptoticLimits.cc[528] : (in function: findExpectedLimitFromCrossing) - At r = 550.375000:	delta(nll) = 0.57718

CascadeMinimizer.cc[188] : (in function: improveOnce) - Minimization configured with Type=Minuit2, Algo=Migrad, strategy=0, tolerance=0.1
CascadeMinimizer.cc[215] : (in function: improveOnce) - Minimization finished with status=0
CascadeMinimizer.cc[219] : (in function: improveOnce) - Minimization success! status=0
AsymptoticLimits.cc[528] : (in function: findExpectedLimitFromCrossing) - At r = 275.187500:	delta(nll) = 0.14441

CascadeMinimizer.cc[188] : (in function: improveOnce) - Minimization configured with Type=Minuit2, Algo=Migrad, strategy=0, tolerance=0.1
CascadeMinimizer.cc[215] : (in function: improveOnce) - Minimization finished with status=0
CascadeMinimizer.cc[219] : (in function: improveOnce) - Minimization success! status=0
AsymptoticLimits.cc[528] : (in function: findExpectedLimitFromCrossing) - At r = 412.781250:	delta(nll) = 0.32494

CascadeMinimizer.cc[188] : (in function: improveOnce) - Minimization configured with Type=Minuit2, Algo=Migrad, strategy=0, tolerance=0.1
CascadeMinimizer.cc[215] : (in function: improveOnce) - Minimization finished with status=0
CascadeMinimizer.cc[219] : (in function: improveOnce) - Minimization success! status=0
AsymptoticLimits.cc[528] : (in function: findExpectedLimitFromCrossing) - At r = 481.578125:	delta(nll) = 0.44218

CascadeMinimizer.cc[188] : (in function: improveOnce) - Minimization configured with Type=Minuit2, Algo=Migrad, strategy=0, tolerance=0.1
CascadeMinimizer.cc[215] : (in function: improveOnce) - Minimization finished with status=0
CascadeMinimizer.cc[219] : (in function: improveOnce) - Minimization success! status=0
AsymptoticLimits.cc[528] : (in function: findExpectedLimitFromCrossing) - At r = 515.976562:	delta(nll) = 0.50743

CascadeMinimizer.cc[188] : (in function: improveOnce) - Minimization configured with Type=Minuit2, Algo=Migrad, strategy=0, tolerance=0.1
CascadeMinimizer.cc[215] : (in function: improveOnce) - Minimization finished with status=0
CascadeMinimizer.cc[219] : (in function: improveOnce) - Minimization success! status=0
AsymptoticLimits.cc[528] : (in function: findExpectedLimitFromCrossing) - At r = 533.175781:	delta(nll) = 0.54175

CascadeMinimizer.cc[188] : (in function: improveOnce) - Minimization configured with Type=Minuit2, Algo=Migrad, strategy=0, tolerance=0.1
CascadeMinimizer.cc[215] : (in function: improveOnce) - Minimization finished with status=0
CascadeMinimizer.cc[219] : (in function: improveOnce) - Minimization success! status=0
AsymptoticLimits.cc[528] : (in function: findExpectedLimitFromCrossing) - At r = 541.775391:	delta(nll) = 0.55958

CascadeMinimizer.cc[188] : (in function: improveOnce) - Minimization configured with Type=Minuit2, Algo=Migrad, strategy=0, tolerance=0.1
CascadeMinimizer.cc[215] : (in function: improveOnce) - Minimization finished with status=0
CascadeMinimizer.cc[219] : (in function: improveOnce) - Minimization success! status=0
AsymptoticLimits.cc[528] : (in function: findExpectedLimitFromCrossing) - At r = 546.075195:	delta(nll) = 0.56838

AsymptoticLimits.cc[515] : (in function: findExpectedLimitFromCrossing) - Will search for NLL crossing by bisection
CascadeMinimizer.cc[188] : (in function: improveOnce) - Minimization configured with Type=Minuit2, Algo=Migrad, strategy=0, tolerance=0.1
CascadeMinimizer.cc[215] : (in function: improveOnce) - Minimization finished with status=0
CascadeMinimizer.cc[219] : (in function: improveOnce) - Minimization success! status=0
AsymptoticLimits.cc[528] : (in function: findExpectedLimitFromCrossing) - At r = 823.412598:	delta(nll) = 0.83423

CascadeMinimizer.cc[188] : (in function: improveOnce) - Minimization configured with Type=Minuit2, Algo=Migrad, strategy=0, tolerance=0.1
CascadeMinimizer.cc[215] : (in function: improveOnce) - Minimization finished with status=0
CascadeMinimizer.cc[219] : (in function: improveOnce) - Minimization success! status=0
AsymptoticLimits.cc[528] : (in function: findExpectedLimitFromCrossing) - At r = 962.081299:	delta(nll) = 0.54407

CascadeMinimizer.cc[188] : (in function: improveOnce) - Minimization configured with Type=Minuit2, Algo=Migrad, strategy=0, tolerance=0.1
CascadeMinimizer.cc[215] : (in function: improveOnce) - Minimization finished with status=0
CascadeMinimizer.cc[219] : (in function: improveOnce) - Minimization success! status=0
AsymptoticLimits.cc[528] : (in function: findExpectedLimitFromCrossing) - At r = 1031.415649:	delta(nll) = 1.09539

CascadeMinimizer.cc[188] : (in function: improveOnce) - Minimization configured with Type=Minuit2, Algo=Migrad, strategy=0, tolerance=0.1
CascadeMinimizer.cc[215] : (in function: improveOnce) - Minimization finished with status=0
CascadeMinimizer.cc[219] : (in function: improveOnce) - Minimization success! status=0
AsymptoticLimits.cc[528] : (in function: findExpectedLimitFromCrossing) - At r = 996.748474:	delta(nll) = 0.76435

CascadeMinimizer.cc[188] : (in function: improveOnce) - Minimization configured with Type=Minuit2, Algo=Migrad, strategy=0, tolerance=0.1
CascadeMinimizer.cc[215] : (in function: improveOnce) - Minimization finished with status=0
CascadeMinimizer.cc[219] : (in function: improveOnce) - Minimization success! status=0
AsymptoticLimits.cc[528] : (in function: findExpectedLimitFromCrossing) - At r = 1014.082062:	delta(nll) = 0.91633

CascadeMinimizer.cc[188] : (in function: improveOnce) - Minimization configured with Type=Minuit2, Algo=Migrad, strategy=0, tolerance=0.1
CascadeMinimizer.cc[215] : (in function: improveOnce) - Minimization finished with status=0
CascadeMinimizer.cc[219] : (in function: improveOnce) - Minimization success! status=0
AsymptoticLimits.cc[528] : (in function: findExpectedLimitFromCrossing) - At r = 1022.748856:	delta(nll) = 1.00257

AsymptoticLimits.cc[515] : (in function: findExpectedLimitFromCrossing) - Will search for NLL crossing by bisection
CascadeMinimizer.cc[188] : (in function: improveOnce) - Minimization configured with Type=Minuit2, Algo=Migrad, strategy=0, tolerance=0.1
CascadeMinimizer.cc[215] : (in function: improveOnce) - Minimization finished with status=0
CascadeMinimizer.cc[219] : (in function: improveOnce) - Minimization success! status=0
AsymptoticLimits.cc[528] : (in function: findExpectedLimitFromCrossing) - At r = 1662.367492:	delta(nll) = 28.00575

CascadeMinimizer.cc[188] : (in function: improveOnce) - Minimization configured with Type=Minuit2, Algo=Migrad, strategy=0, tolerance=0.1
CascadeMinimizer.cc[215] : (in function: improveOnce) - Minimization finished with status=0
CascadeMinimizer.cc[219] : (in function: improveOnce) - Minimization success! status=0
AsymptoticLimits.cc[528] : (in function: findExpectedLimitFromCrossing) - At r = 1381.558746:	delta(nll) = 9.58791

CascadeMinimizer.cc[188] : (in function: improveOnce) - Minimization configured with Type=Minuit2, Algo=Migrad, strategy=0, tolerance=0.1
CascadeMinimizer.cc[215] : (in function: improveOnce) - Minimization finished with status=-1
CascadeMinimizer.cc[220] : (in function: improveOnce) - Minimization ended with latest status != 0 or 1
AsymptoticLimits.cc[528] : (in function: findExpectedLimitFromCrossing) - At r = 1241.154373:	delta(nll) = 5.34135

CascadeMinimizer.cc[188] : (in function: improveOnce) - Minimization configured with Type=Minuit2, Algo=Migrad, strategy=0, tolerance=0.1
CascadeMinimizer.cc[215] : (in function: improveOnce) - Minimization finished with status=0
CascadeMinimizer.cc[219] : (in function: improveOnce) - Minimization success! status=0
AsymptoticLimits.cc[528] : (in function: findExpectedLimitFromCrossing) - At r = 1170.952186:	delta(nll) = 4.99342

CascadeMinimizer.cc[188] : (in function: improveOnce) - Minimization configured with Type=Minuit2, Algo=Migrad, strategy=0, tolerance=0.1
CascadeMinimizer.cc[215] : (in function: improveOnce) - Minimization finished with status=0
CascadeMinimizer.cc[219] : (in function: improveOnce) - Minimization success! status=0
AsymptoticLimits.cc[528] : (in function: findExpectedLimitFromCrossing) - At r = 1135.851093:	delta(nll) = 5.36842

CascadeMinimizer.cc[188] : (in function: improveOnce) - Minimization configured with Type=Minuit2, Algo=Migrad, strategy=0, tolerance=0.1
CascadeMinimizer.cc[215] : (in function: improveOnce) - Minimization finished with status=0
CascadeMinimizer.cc[219] : (in function: improveOnce) - Minimization success! status=0
AsymptoticLimits.cc[528] : (in function: findExpectedLimitFromCrossing) - At r = 1118.300547:	delta(nll) = 5.70692

CascadeMinimizer.cc[188] : (in function: improveOnce) - Minimization configured with Type=Minuit2, Algo=Migrad, strategy=0, tolerance=0.1
CascadeMinimizer.cc[215] : (in function: improveOnce) - Minimization finished with status=0
CascadeMinimizer.cc[219] : (in function: improveOnce) - Minimization success! status=0
AsymptoticLimits.cc[528] : (in function: findExpectedLimitFromCrossing) - At r = 1109.525273:	delta(nll) = 5.91601

CascadeMinimizer.cc[188] : (in function: improveOnce) - Minimization configured with Type=Minuit2, Algo=Migrad, strategy=0, tolerance=0.1
CascadeMinimizer.cc[215] : (in function: improveOnce) - Minimization finished with status=0
CascadeMinimizer.cc[219] : (in function: improveOnce) - Minimization success! status=0
AsymptoticLimits.cc[528] : (in function: findExpectedLimitFromCrossing) - At r = 1105.137637:	delta(nll) = 6.03079

CascadeMinimizer.cc[188] : (in function: improveOnce) - Minimization configured with Type=Minuit2, Algo=Migrad, strategy=0, tolerance=0.1
CascadeMinimizer.cc[215] : (in function: improveOnce) - Minimization finished with status=0
CascadeMinimizer.cc[219] : (in function: improveOnce) - Minimization success! status=0
AsymptoticLimits.cc[528] : (in function: findExpectedLimitFromCrossing) - At r = 1102.943818:	delta(nll) = 6.09077

CascadeMinimizer.cc[188] : (in function: improveOnce) - Minimization configured with Type=Minuit2, Algo=Migrad, strategy=0, tolerance=0.1
CascadeMinimizer.cc[215] : (in function: improveOnce) - Minimization finished with status=0
CascadeMinimizer.cc[219] : (in function: improveOnce) - Minimization success! status=0
AsymptoticLimits.cc[528] : (in function: findExpectedLimitFromCrossing) - At r = 1101.846909:	delta(nll) = 6.12142

CascadeMinimizer.cc[188] : (in function: improveOnce) - Minimization configured with Type=Minuit2, Algo=Migrad, strategy=0, tolerance=0.1
CascadeMinimizer.cc[215] : (in function: improveOnce) - Minimization finished with status=0
CascadeMinimizer.cc[219] : (in function: improveOnce) - Minimization success! status=0
AsymptoticLimits.cc[528] : (in function: findExpectedLimitFromCrossing) - At r = 1101.298455:	delta(nll) = 6.13690

CascadeMinimizer.cc[188] : (in function: improveOnce) - Minimization configured with Type=Minuit2, Algo=Migrad, strategy=0, tolerance=0.1
CascadeMinimizer.cc[215] : (in function: improveOnce) - Minimization finished with status=0
CascadeMinimizer.cc[219] : (in function: improveOnce) - Minimization success! status=0
AsymptoticLimits.cc[528] : (in function: findExpectedLimitFromCrossing) - At r = 1101.024227:	delta(nll) = 6.14468

CascadeMinimizer.cc[188] : (in function: improveOnce) - Minimization configured with Type=Minuit2, Algo=Migrad, strategy=0, tolerance=0.1
CascadeMinimizer.cc[215] : (in function: improveOnce) - Minimization finished with status=0
CascadeMinimizer.cc[219] : (in function: improveOnce) - Minimization success! status=0
AsymptoticLimits.cc[528] : (in function: findExpectedLimitFromCrossing) - At r = 1100.887114:	delta(nll) = 6.14858

CascadeMinimizer.cc[188] : (in function: improveOnce) - Minimization configured with Type=Minuit2, Algo=Migrad, strategy=0, tolerance=0.1
CascadeMinimizer.cc[215] : (in function: improveOnce) - Minimization finished with status=0
CascadeMinimizer.cc[219] : (in function: improveOnce) - Minimization success! status=0
AsymptoticLimits.cc[528] : (in function: findExpectedLimitFromCrossing) - At r = 1100.818557:	delta(nll) = 6.15053

CascadeMinimizer.cc[188] : (in function: improveOnce) - Minimization configured with Type=Minuit2, Algo=Migrad, strategy=0, tolerance=0.1
CascadeMinimizer.cc[215] : (in function: improveOnce) - Minimization finished with status=0
CascadeMinimizer.cc[219] : (in function: improveOnce) - Minimization success! status=0
AsymptoticLimits.cc[528] : (in function: findExpectedLimitFromCrossing) - At r = 1100.784278:	delta(nll) = 6.15151

CascadeMinimizer.cc[188] : (in function: improveOnce) - Minimization configured with Type=Minuit2, Algo=Migrad, strategy=0, tolerance=0.1
CascadeMinimizer.cc[215] : (in function: improveOnce) - Minimization finished with status=0
CascadeMinimizer.cc[219] : (in function: improveOnce) - Minimization success! status=0
AsymptoticLimits.cc[528] : (in function: findExpectedLimitFromCrossing) - At r = 1100.767139:	delta(nll) = 6.15200

CascadeMinimizer.cc[188] : (in function: improveOnce) - Minimization configured with Type=Minuit2, Algo=Migrad, strategy=0, tolerance=0.1
CascadeMinimizer.cc[215] : (in function: improveOnce) - Minimization finished with status=0
CascadeMinimizer.cc[219] : (in function: improveOnce) - Minimization success! status=0
AsymptoticLimits.cc[528] : (in function: findExpectedLimitFromCrossing) - At r = 1100.758570:	delta(nll) = 6.15224

AsymptoticLimits.cc[515] : (in function: findExpectedLimitFromCrossing) - Will search for NLL crossing by bisection
CascadeMinimizer.cc[188] : (in function: improveOnce) - Minimization configured with Type=Minuit2, Algo=Migrad, strategy=0, tolerance=0.1
CascadeMinimizer.cc[215] : (in function: improveOnce) - Minimization finished with status=0
CascadeMinimizer.cc[219] : (in function: improveOnce) - Minimization success! status=0
AsymptoticLimits.cc[528] : (in function: findExpectedLimitFromCrossing) - At r = 2223.987120:	delta(nll) = 759.04629

CascadeMinimizer.cc[188] : (in function: improveOnce) - Minimization configured with Type=Minuit2, Algo=Migrad, strategy=0, tolerance=0.1
CascadeMinimizer.cc[215] : (in function: improveOnce) - Minimization finished with status=0
CascadeMinimizer.cc[219] : (in function: improveOnce) - Minimization success! status=0
AsymptoticLimits.cc[528] : (in function: findExpectedLimitFromCrossing) - At r = 1662.370696:	delta(nll) = 28.00601

CascadeMinimizer.cc[188] : (in function: improveOnce) - Minimization configured with Type=Minuit2, Algo=Migrad, strategy=0, tolerance=0.1
CascadeMinimizer.cc[215] : (in function: improveOnce) - Minimization finished with status=0
CascadeMinimizer.cc[219] : (in function: improveOnce) - Minimization success! status=0
AsymptoticLimits.cc[528] : (in function: findExpectedLimitFromCrossing) - At r = 1381.562484:	delta(nll) = 9.58808

CascadeMinimizer.cc[188] : (in function: improveOnce) - Minimization configured with Type=Minuit2, Algo=Migrad, strategy=0, tolerance=0.1
CascadeMinimizer.cc[215] : (in function: improveOnce) - Minimization finished with status=0
CascadeMinimizer.cc[219] : (in function: improveOnce) - Minimization success! status=0
AsymptoticLimits.cc[528] : (in function: findExpectedLimitFromCrossing) - At r = 1241.158378:	delta(nll) = 5.33314

CascadeMinimizer.cc[188] : (in function: improveOnce) - Minimization configured with Type=Minuit2, Algo=Migrad, strategy=0, tolerance=0.1
CascadeMinimizer.cc[215] : (in function: improveOnce) - Minimization finished with status=0
CascadeMinimizer.cc[219] : (in function: improveOnce) - Minimization success! status=0
AsymptoticLimits.cc[528] : (in function: findExpectedLimitFromCrossing) - At r = 1311.360431:	delta(nll) = 6.93004

CascadeMinimizer.cc[188] : (in function: improveOnce) - Minimization configured with Type=Minuit2, Algo=Migrad, strategy=0, tolerance=0.1
CascadeMinimizer.cc[215] : (in function: improveOnce) - Minimization finished with status=0
CascadeMinimizer.cc[219] : (in function: improveOnce) - Minimization success! status=0
AsymptoticLimits.cc[528] : (in function: findExpectedLimitFromCrossing) - At r = 1276.259405:	delta(nll) = 5.98762

CascadeMinimizer.cc[188] : (in function: improveOnce) - Minimization configured with Type=Minuit2, Algo=Migrad, strategy=0, tolerance=0.1
CascadeMinimizer.cc[215] : (in function: improveOnce) - Minimization finished with status=0
CascadeMinimizer.cc[219] : (in function: improveOnce) - Minimization success! status=0
AsymptoticLimits.cc[528] : (in function: findExpectedLimitFromCrossing) - At r = 1293.809918:	delta(nll) = 6.42434

CascadeMinimizer.cc[188] : (in function: improveOnce) - Minimization configured with Type=Minuit2, Algo=Migrad, strategy=0, tolerance=0.1
CascadeMinimizer.cc[215] : (in function: improveOnce) - Minimization finished with status=0
CascadeMinimizer.cc[219] : (in function: improveOnce) - Minimization success! status=0
AsymptoticLimits.cc[528] : (in function: findExpectedLimitFromCrossing) - At r = 1302.585175:	delta(nll) = 6.66874

CascadeMinimizer.cc[188] : (in function: improveOnce) - Minimization configured with Type=Minuit2, Algo=Migrad, strategy=0, tolerance=0.1
CascadeMinimizer.cc[215] : (in function: improveOnce) - Minimization finished with status=0
CascadeMinimizer.cc[219] : (in function: improveOnce) - Minimization success! status=0
AsymptoticLimits.cc[528] : (in function: findExpectedLimitFromCrossing) - At r = 1298.197546:	delta(nll) = 6.54440

